2025.11.14 15:24:08 INFO  Started: Metals version 1.6.3 in folders 'C:\Users\UTPL\Desktop\Examen' for client Visual Studio Code 1.104.2.
2025.11.14 15:24:08 WARN  Using H2 2.4.240 which is newer than the version Flyway has been verified with. The latest verified version of H2 is 2.3.232.
2025.11.14 15:24:09 INFO  no build target found for C:\Users\UTPL\Desktop\Examen\main.scala. Using presentation compiler with project's scala-library version: 3.3.6
nov 14, 2025 3:24:16 P.M. org.eclipse.lsp4j.jsonrpc.RemoteEndpoint handleCancellation
WARNING: Unmatched cancel notification for request id 2
nov 14, 2025 3:24:16 P.M. org.eclipse.lsp4j.jsonrpc.RemoteEndpoint handleCancellation
WARNING: Unmatched cancel notification for request id 1
nov 14, 2025 3:24:16 P.M. org.eclipse.lsp4j.jsonrpc.services.GenericEndpoint notify
INFO: Unsupported notification method: $/setTrace
nov 14, 2025 3:24:16 P.M. org.eclipse.lsp4j.jsonrpc.services.GenericEndpoint notify
INFO: Unsupported notification method: $/setTrace
2025.11.14 15:24:16 WARN  no build target for: C:\Users\UTPL\Desktop\Examen\main.scala
2025.11.14 15:24:16 INFO  no build target found for C:\Users\UTPL\Desktop\Examen\main.scala. Using presentation compiler with project's scala-library version: 3.3.6
2025.11.14 15:24:16 INFO  no build target found for C:\Users\UTPL\Desktop\Examen\main.scala. Using presentation compiler with project's scala-library version: 3.3.6
2025.11.14 15:24:16 INFO  no build target found for C:\Users\UTPL\Desktop\Examen\main.scala. Using presentation compiler with project's scala-library version: 3.3.6
nov 14, 2025 3:24:16 P.M. org.eclipse.lsp4j.jsonrpc.RemoteEndpoint handleCancellation
WARNING: Unmatched cancel notification for request id 9
nov 14, 2025 3:24:16 P.M. org.eclipse.lsp4j.jsonrpc.RemoteEndpoint handleCancellation
WARNING: Unmatched cancel notification for request id 15
2025.11.14 15:24:16 INFO  no build target found for C:\Users\UTPL\Desktop\Examen\main.scala. Using presentation compiler with project's scala-library version: 3.3.6
nov 14, 2025 3:24:16 P.M. org.eclipse.lsp4j.jsonrpc.RemoteEndpoint handleCancellation
WARNING: Unmatched cancel notification for request id 10
nov 14, 2025 3:24:16 P.M. org.eclipse.lsp4j.jsonrpc.RemoteEndpoint handleCancellation
WARNING: Unmatched cancel notification for request id 13
2025.11.14 15:24:16 INFO  no build target found for C:\Users\UTPL\Desktop\Examen\main.scala. Using presentation compiler with project's scala-library version: 3.3.6
2025.11.14 15:24:17 INFO  no build target found for C:\Users\UTPL\Desktop\Examen\main.scala. Using presentation compiler with project's scala-library version: 3.3.6
2025.11.14 15:24:26 INFO  Running List(C:\Users\UTPL\AppData\Local\Coursier\data\bin\scala-cli.BAT, setup-ide, C:\Users\UTPL\Desktop\Examen)
2025.11.14 15:24:27 INFO  Attempting to connect to the build server...
2025.11.14 15:24:27 INFO  Running BSP server List(C:\Users\UTPL\AppData\Local\Coursier\data\bin\.scala-cli.aux.exe, bsp, --json-options, C:\Users\UTPL\Desktop\Examen\.scala-build\ide-options-v2.json, --json-launcher-options, C:\Users\UTPL\Desktop\Examen\.scala-build\ide-launcher-options.json, --envs-file, C:\Users\UTPL\Desktop\Examen\.scala-build\ide-envs.json, C:\Users\UTPL\Desktop\Examen)
2025.11.14 15:24:27 INFO  tracing is disabled for protocol BSP, to enable tracing of incoming and outgoing JSON messages create an empty file at C:\Users\UTPL\Desktop\Examen\.metals\bsp.trace.json or C:\Users\UTPL\AppData\Local\scalameta\metals\cache\bsp.trace.json
2025.11.14 15:24:28 INFO  BSP server: Downloading https://oss.sonatype.org/content/repositories/snapshots/ch/epfl/scala/bloop-frontend_2.12/2.0.13/bloop-frontend_2.12-2.0.13.pom
2025.11.14 15:24:28 INFO  BSP server: Downloaded https://oss.sonatype.org/content/repositories/snapshots/ch/epfl/scala/bloop-frontend_2.12/2.0.13/bloop-frontend_2.12-2.0.13.pom
2025.11.14 15:24:28 INFO  BSP server: Downloading https://oss.sonatype.org/content/repositories/snapshots/ch/epfl/scala/bloop-frontend_2.12/2.0.13/bloop-frontend_2.12-2.0.13.pom.sha1
2025.11.14 15:24:28 INFO  BSP server: Downloaded https://oss.sonatype.org/content/repositories/snapshots/ch/epfl/scala/bloop-frontend_2.12/2.0.13/bloop-frontend_2.12-2.0.13.pom.sha1
2025.11.14 15:24:28 INFO  BSP server: Downloading https://s01.oss.sonatype.org/content/repositories/snapshots/ch/epfl/scala/bloop-frontend_2.12/2.0.13/bloop-frontend_2.12-2.0.13.pom
2025.11.14 15:24:29 INFO  BSP server: Downloaded https://s01.oss.sonatype.org/content/repositories/snapshots/ch/epfl/scala/bloop-frontend_2.12/2.0.13/bloop-frontend_2.12-2.0.13.pom
2025.11.14 15:24:29 INFO  BSP server: Downloading https://s01.oss.sonatype.org/content/repositories/snapshots/ch/epfl/scala/bloop-frontend_2.12/2.0.13/bloop-frontend_2.12-2.0.13.pom.sha1
2025.11.14 15:24:29 INFO  BSP server: Downloaded https://s01.oss.sonatype.org/content/repositories/snapshots/ch/epfl/scala/bloop-frontend_2.12/2.0.13/bloop-frontend_2.12-2.0.13.pom.sha1
2025.11.14 15:24:29 INFO  BSP server: Downloading https://central.sonatype.com/repository/maven-snapshots/ch/epfl/scala/bloop-frontend_2.12/2.0.13/bloop-frontend_2.12-2.0.13.pom
2025.11.14 15:24:30 INFO  BSP server: Downloaded https://central.sonatype.com/repository/maven-snapshots/ch/epfl/scala/bloop-frontend_2.12/2.0.13/bloop-frontend_2.12-2.0.13.pom
2025.11.14 15:24:30 INFO  BSP server: Downloading https://central.sonatype.com/repository/maven-snapshots/ch/epfl/scala/bloop-frontend_2.12/2.0.13/bloop-frontend_2.12-2.0.13.pom.sha1
2025.11.14 15:24:30 INFO  BSP server: Downloaded https://central.sonatype.com/repository/maven-snapshots/ch/epfl/scala/bloop-frontend_2.12/2.0.13/bloop-frontend_2.12-2.0.13.pom.sha1
2025.11.14 15:24:30 INFO  BSP server: Downloading https://repo.scala-lang.org/artifactory/maven-nightlies/ch/epfl/scala/bloop-frontend_2.12/2.0.13/bloop-frontend_2.12-2.0.13.pom
2025.11.14 15:24:32 INFO  BSP server: Downloaded https://repo.scala-lang.org/artifactory/maven-nightlies/ch/epfl/scala/bloop-frontend_2.12/2.0.13/bloop-frontend_2.12-2.0.13.pom
2025.11.14 15:24:32 INFO  BSP server: Downloading https://oss.sonatype.org/content/repositories/snapshots/ch/epfl/scala/bloop-backend_2.12/2.0.13/bloop-backend_2.12-2.0.13.pom
2025.11.14 15:24:32 INFO  BSP server: Downloading https://oss.sonatype.org/content/repositories/snapshots/io/monix/monix_2.12/3.2.0/monix_2.12-3.2.0.pom
2025.11.14 15:24:32 INFO  BSP server: Downloading https://oss.sonatype.org/content/repositories/snapshots/ch/qos/logback/logback-classic/1.5.18/logback-classic-1.5.18.pom
2025.11.14 15:24:32 INFO  BSP server: Downloading https://oss.sonatype.org/content/repositories/snapshots/ch/epfl/scala/scala-debug-adapter_2.12/4.2.8/scala-debug-adapter_2.12-4.2.8.pom
2025.11.14 15:24:32 INFO  BSP server: Downloading https://oss.sonatype.org/content/repositories/snapshots/org/scalaz/scalaz-core_2.12/7.3.8/scalaz-core_2.12-7.3.8.pom
2025.11.14 15:24:32 INFO  BSP server: Downloading https://oss.sonatype.org/content/repositories/snapshots/org/scala-lang/scala-library/2.12.20/scala-library-2.12.20.pom
2025.11.14 15:24:32 INFO  BSP server: Downloaded https://oss.sonatype.org/content/repositories/snapshots/ch/epfl/scala/bloop-backend_2.12/2.0.13/bloop-backend_2.12-2.0.13.pom
2025.11.14 15:24:32 INFO  BSP server: Downloading https://oss.sonatype.org/content/repositories/snapshots/ch/epfl/scala/libdaemon_2.12/0.0.12/libdaemon_2.12-0.0.12.pom
2025.11.14 15:24:32 INFO  BSP server: Downloaded https://oss.sonatype.org/content/repositories/snapshots/ch/epfl/scala/libdaemon_2.12/0.0.12/libdaemon_2.12-0.0.12.pom
2025.11.14 15:24:32 INFO  BSP server: Downloading https://oss.sonatype.org/content/repositories/snapshots/ch/epfl/scala/bloop-shared_2.12/2.0.13/bloop-shared_2.12-2.0.13.pom
2025.11.14 15:24:32 INFO  BSP server: Downloaded https://oss.sonatype.org/content/repositories/snapshots/io/monix/monix_2.12/3.2.0/monix_2.12-3.2.0.pom
2025.11.14 15:24:32 INFO  BSP server: Downloading https://oss.sonatype.org/content/repositories/snapshots/ch/epfl/scala/bloop-backend_2.12/2.0.13/bloop-backend_2.12-2.0.13.pom.sha1
2025.11.14 15:24:32 INFO  BSP server: Downloaded https://oss.sonatype.org/content/repositories/snapshots/ch/qos/logback/logback-classic/1.5.18/logback-classic-1.5.18.pom
2025.11.14 15:24:32 INFO  BSP server: Downloading https://oss.sonatype.org/content/repositories/snapshots/ch/epfl/scala/libdaemon_2.12/0.0.12/libdaemon_2.12-0.0.12.pom.sha1
2025.11.14 15:24:32 INFO  BSP server: Downloaded https://oss.sonatype.org/content/repositories/snapshots/org/scala-lang/scala-library/2.12.20/scala-library-2.12.20.pom
2025.11.14 15:24:32 INFO  BSP server: Downloading https://oss.sonatype.org/content/repositories/snapshots/ch/epfl/scala/bloop-config_2.12/2.3.2/bloop-config_2.12-2.3.2.pom
2025.11.14 15:24:32 INFO  BSP server: Downloaded https://oss.sonatype.org/content/repositories/snapshots/org/scalaz/scalaz-core_2.12/7.3.8/scalaz-core_2.12-7.3.8.pom
2025.11.14 15:24:32 INFO  BSP server: Downloading https://oss.sonatype.org/content/repositories/snapshots/io/monix/monix_2.12/3.2.0/monix_2.12-3.2.0.pom.sha1
2025.11.14 15:24:32 INFO  BSP server: Downloaded https://oss.sonatype.org/content/repositories/snapshots/ch/epfl/scala/scala-debug-adapter_2.12/4.2.8/scala-debug-adapter_2.12-4.2.8.pom
2025.11.14 15:24:32 INFO  BSP server: Downloading https://oss.sonatype.org/content/repositories/snapshots/ch/qos/logback/logback-classic/1.5.18/logback-classic-1.5.18.pom.sha1
2025.11.14 15:24:32 INFO  BSP server: Downloaded https://oss.sonatype.org/content/repositories/snapshots/ch/epfl/scala/bloop-shared_2.12/2.0.13/bloop-shared_2.12-2.0.13.pom
2025.11.14 15:24:32 INFO  BSP server: Downloading https://oss.sonatype.org/content/repositories/snapshots/com/github/alexarchambault/case-app_2.12/2.0.6/case-app_2.12-2.0.6.pom
2025.11.14 15:24:32 INFO  BSP server: Downloaded https://oss.sonatype.org/content/repositories/snapshots/ch/epfl/scala/bloop-backend_2.12/2.0.13/bloop-backend_2.12-2.0.13.pom.sha1
2025.11.14 15:24:32 INFO  BSP server: Downloading https://oss.sonatype.org/content/repositories/snapshots/org/scala-lang/scala-library/2.12.20/scala-library-2.12.20.pom.sha1
2025.11.14 15:24:32 INFO  BSP server: Downloaded https://oss.sonatype.org/content/repositories/snapshots/ch/epfl/scala/libdaemon_2.12/0.0.12/libdaemon_2.12-0.0.12.pom.sha1
2025.11.14 15:24:32 INFO  BSP server: Downloading https://oss.sonatype.org/content/repositories/snapshots/org/scalaz/scalaz-core_2.12/7.3.8/scalaz-core_2.12-7.3.8.pom.sha1
2025.11.14 15:24:32 INFO  BSP server: Downloaded https://oss.sonatype.org/content/repositories/snapshots/ch/epfl/scala/bloop-config_2.12/2.3.2/bloop-config_2.12-2.3.2.pom
2025.11.14 15:24:32 INFO  BSP server: Downloading https://oss.sonatype.org/content/repositories/snapshots/ch/epfl/scala/scala-debug-adapter_2.12/4.2.8/scala-debug-adapter_2.12-4.2.8.pom.sha1
2025.11.14 15:24:32 INFO  BSP server: Downloaded https://oss.sonatype.org/content/repositories/snapshots/io/monix/monix_2.12/3.2.0/monix_2.12-3.2.0.pom.sha1
2025.11.14 15:24:32 INFO  BSP server: Downloading https://oss.sonatype.org/content/repositories/snapshots/ch/epfl/scala/bloop-shared_2.12/2.0.13/bloop-shared_2.12-2.0.13.pom.sha1
2025.11.14 15:24:32 INFO  BSP server: Downloaded https://oss.sonatype.org/content/repositories/snapshots/ch/qos/logback/logback-classic/1.5.18/logback-classic-1.5.18.pom.sha1
2025.11.14 15:24:32 INFO  BSP server: Downloading https://oss.sonatype.org/content/repositories/snapshots/ch/epfl/scala/bloop-config_2.12/2.3.2/bloop-config_2.12-2.3.2.pom.sha1
2025.11.14 15:24:32 INFO  BSP server: Downloaded https://oss.sonatype.org/content/repositories/snapshots/com/github/alexarchambault/case-app_2.12/2.0.6/case-app_2.12-2.0.6.pom
2025.11.14 15:24:32 INFO  BSP server: Downloading https://s01.oss.sonatype.org/content/repositories/snapshots/ch/epfl/scala/bloop-backend_2.12/2.0.13/bloop-backend_2.12-2.0.13.pom
2025.11.14 15:24:32 INFO  BSP server: Downloaded https://oss.sonatype.org/content/repositories/snapshots/org/scala-lang/scala-library/2.12.20/scala-library-2.12.20.pom.sha1
2025.11.14 15:24:32 INFO  BSP server: Downloading https://oss.sonatype.org/content/repositories/snapshots/com/github/alexarchambault/case-app_2.12/2.0.6/case-app_2.12-2.0.6.pom.sha1
2025.11.14 15:24:32 INFO  BSP server: Downloaded https://oss.sonatype.org/content/repositories/snapshots/org/scalaz/scalaz-core_2.12/7.3.8/scalaz-core_2.12-7.3.8.pom.sha1
2025.11.14 15:24:32 INFO  BSP server: Downloading https://s01.oss.sonatype.org/content/repositories/snapshots/ch/epfl/scala/libdaemon_2.12/0.0.12/libdaemon_2.12-0.0.12.pom
2025.11.14 15:24:32 INFO  BSP server: Downloaded https://oss.sonatype.org/content/repositories/snapshots/ch/epfl/scala/scala-debug-adapter_2.12/4.2.8/scala-debug-adapter_2.12-4.2.8.pom.sha1
2025.11.14 15:24:32 INFO  BSP server: Downloading https://s01.oss.sonatype.org/content/repositories/snapshots/io/monix/monix_2.12/3.2.0/monix_2.12-3.2.0.pom
2025.11.14 15:24:32 INFO  BSP server: Downloaded https://oss.sonatype.org/content/repositories/snapshots/ch/epfl/scala/bloop-config_2.12/2.3.2/bloop-config_2.12-2.3.2.pom.sha1
2025.11.14 15:24:32 INFO  BSP server: Downloading https://s01.oss.sonatype.org/content/repositories/snapshots/ch/qos/logback/logback-classic/1.5.18/logback-classic-1.5.18.pom
2025.11.14 15:24:32 INFO  BSP server: Downloaded https://oss.sonatype.org/content/repositories/snapshots/ch/epfl/scala/bloop-shared_2.12/2.0.13/bloop-shared_2.12-2.0.13.pom.sha1
2025.11.14 15:24:32 INFO  BSP server: Downloading https://s01.oss.sonatype.org/content/repositories/snapshots/org/scala-lang/scala-library/2.12.20/scala-library-2.12.20.pom
2025.11.14 15:24:32 INFO  BSP server: Downloaded https://oss.sonatype.org/content/repositories/snapshots/com/github/alexarchambault/case-app_2.12/2.0.6/case-app_2.12-2.0.6.pom.sha1
2025.11.14 15:24:32 INFO  BSP server: Downloading https://s01.oss.sonatype.org/content/repositories/snapshots/org/scalaz/scalaz-core_2.12/7.3.8/scalaz-core_2.12-7.3.8.pom
2025.11.14 15:24:32 INFO  BSP server: Downloaded https://s01.oss.sonatype.org/content/repositories/snapshots/ch/epfl/scala/bloop-backend_2.12/2.0.13/bloop-backend_2.12-2.0.13.pom
2025.11.14 15:24:32 INFO  BSP server: Downloading https://s01.oss.sonatype.org/content/repositories/snapshots/ch/epfl/scala/scala-debug-adapter_2.12/4.2.8/scala-debug-adapter_2.12-4.2.8.pom
2025.11.14 15:24:32 INFO  BSP server: Downloaded https://s01.oss.sonatype.org/content/repositories/snapshots/ch/epfl/scala/libdaemon_2.12/0.0.12/libdaemon_2.12-0.0.12.pom
2025.11.14 15:24:32 INFO  BSP server: Downloading https://s01.oss.sonatype.org/content/repositories/snapshots/ch/epfl/scala/bloop-config_2.12/2.3.2/bloop-config_2.12-2.3.2.pom
2025.11.14 15:24:32 INFO  BSP server: Downloaded https://s01.oss.sonatype.org/content/repositories/snapshots/org/scala-lang/scala-library/2.12.20/scala-library-2.12.20.pom
2025.11.14 15:24:32 INFO  BSP server: Downloading https://s01.oss.sonatype.org/content/repositories/snapshots/ch/epfl/scala/bloop-shared_2.12/2.0.13/bloop-shared_2.12-2.0.13.pom
2025.11.14 15:24:33 INFO  BSP server: Downloaded https://s01.oss.sonatype.org/content/repositories/snapshots/io/monix/monix_2.12/3.2.0/monix_2.12-3.2.0.pom
2025.11.14 15:24:33 INFO  BSP server: Downloading https://s01.oss.sonatype.org/content/repositories/snapshots/ch/epfl/scala/bloop-backend_2.12/2.0.13/bloop-backend_2.12-2.0.13.pom.sha1
2025.11.14 15:24:33 INFO  BSP server: Downloaded https://s01.oss.sonatype.org/content/repositories/snapshots/ch/qos/logback/logback-classic/1.5.18/logback-classic-1.5.18.pom
2025.11.14 15:24:33 INFO  BSP server: Downloading https://s01.oss.sonatype.org/content/repositories/snapshots/ch/epfl/scala/libdaemon_2.12/0.0.12/libdaemon_2.12-0.0.12.pom.sha1
2025.11.14 15:24:33 INFO  BSP server: Downloaded https://s01.oss.sonatype.org/content/repositories/snapshots/org/scalaz/scalaz-core_2.12/7.3.8/scalaz-core_2.12-7.3.8.pom
2025.11.14 15:24:33 INFO  BSP server: Downloading https://s01.oss.sonatype.org/content/repositories/snapshots/org/scala-lang/scala-library/2.12.20/scala-library-2.12.20.pom.sha1
2025.11.14 15:24:33 INFO  BSP server: Downloaded https://s01.oss.sonatype.org/content/repositories/snapshots/ch/epfl/scala/scala-debug-adapter_2.12/4.2.8/scala-debug-adapter_2.12-4.2.8.pom
2025.11.14 15:24:33 INFO  BSP server: Downloading https://s01.oss.sonatype.org/content/repositories/snapshots/io/monix/monix_2.12/3.2.0/monix_2.12-3.2.0.pom.sha1
2025.11.14 15:24:33 INFO  BSP server: Downloaded https://s01.oss.sonatype.org/content/repositories/snapshots/ch/epfl/scala/bloop-config_2.12/2.3.2/bloop-config_2.12-2.3.2.pom
2025.11.14 15:24:33 INFO  BSP server: Downloading https://s01.oss.sonatype.org/content/repositories/snapshots/ch/qos/logback/logback-classic/1.5.18/logback-classic-1.5.18.pom.sha1
2025.11.14 15:24:33 INFO  BSP server: Downloaded https://s01.oss.sonatype.org/content/repositories/snapshots/ch/epfl/scala/bloop-shared_2.12/2.0.13/bloop-shared_2.12-2.0.13.pom
2025.11.14 15:24:33 INFO  BSP server: Downloading https://s01.oss.sonatype.org/content/repositories/snapshots/org/scalaz/scalaz-core_2.12/7.3.8/scalaz-core_2.12-7.3.8.pom.sha1
2025.11.14 15:24:33 INFO  BSP server: Downloaded https://s01.oss.sonatype.org/content/repositories/snapshots/ch/epfl/scala/libdaemon_2.12/0.0.12/libdaemon_2.12-0.0.12.pom.sha1
2025.11.14 15:24:33 INFO  BSP server: Downloading https://s01.oss.sonatype.org/content/repositories/snapshots/com/github/alexarchambault/case-app_2.12/2.0.6/case-app_2.12-2.0.6.pom
2025.11.14 15:24:33 INFO  BSP server: Downloaded https://s01.oss.sonatype.org/content/repositories/snapshots/org/scala-lang/scala-library/2.12.20/scala-library-2.12.20.pom.sha1
2025.11.14 15:24:33 INFO  BSP server: Downloading https://s01.oss.sonatype.org/content/repositories/snapshots/ch/epfl/scala/scala-debug-adapter_2.12/4.2.8/scala-debug-adapter_2.12-4.2.8.pom.sha1
2025.11.14 15:24:33 INFO  BSP server: Downloaded https://s01.oss.sonatype.org/content/repositories/snapshots/org/scalaz/scalaz-core_2.12/7.3.8/scalaz-core_2.12-7.3.8.pom.sha1
2025.11.14 15:24:33 INFO  BSP server: Downloading https://s01.oss.sonatype.org/content/repositories/snapshots/ch/epfl/scala/bloop-config_2.12/2.3.2/bloop-config_2.12-2.3.2.pom.sha1
2025.11.14 15:24:33 INFO  BSP server: Downloaded https://s01.oss.sonatype.org/content/repositories/snapshots/com/github/alexarchambault/case-app_2.12/2.0.6/case-app_2.12-2.0.6.pom
2025.11.14 15:24:33 INFO  BSP server: Downloading https://s01.oss.sonatype.org/content/repositories/snapshots/ch/epfl/scala/bloop-shared_2.12/2.0.13/bloop-shared_2.12-2.0.13.pom.sha1
2025.11.14 15:24:33 INFO  BSP server: Downloaded https://s01.oss.sonatype.org/content/repositories/snapshots/ch/epfl/scala/scala-debug-adapter_2.12/4.2.8/scala-debug-adapter_2.12-4.2.8.pom.sha1
2025.11.14 15:24:33 INFO  BSP server: Downloading https://s01.oss.sonatype.org/content/repositories/snapshots/com/github/alexarchambault/case-app_2.12/2.0.6/case-app_2.12-2.0.6.pom.sha1
2025.11.14 15:24:33 INFO  BSP server: Downloaded https://s01.oss.sonatype.org/content/repositories/snapshots/io/monix/monix_2.12/3.2.0/monix_2.12-3.2.0.pom.sha1
2025.11.14 15:24:33 INFO  BSP server: Downloading https://central.sonatype.com/repository/maven-snapshots/ch/epfl/scala/libdaemon_2.12/0.0.12/libdaemon_2.12-0.0.12.pom
2025.11.14 15:24:33 INFO  BSP server: Downloaded https://s01.oss.sonatype.org/content/repositories/snapshots/ch/epfl/scala/bloop-config_2.12/2.3.2/bloop-config_2.12-2.3.2.pom.sha1
2025.11.14 15:24:33 INFO  BSP server: Downloading https://central.sonatype.com/repository/maven-snapshots/org/scala-lang/scala-library/2.12.20/scala-library-2.12.20.pom
2025.11.14 15:24:33 INFO  BSP server: Downloaded https://s01.oss.sonatype.org/content/repositories/snapshots/ch/epfl/scala/bloop-backend_2.12/2.0.13/bloop-backend_2.12-2.0.13.pom.sha1
2025.11.14 15:24:33 INFO  BSP server: Downloading https://central.sonatype.com/repository/maven-snapshots/org/scalaz/scalaz-core_2.12/7.3.8/scalaz-core_2.12-7.3.8.pom
2025.11.14 15:24:33 INFO  BSP server: Downloaded https://s01.oss.sonatype.org/content/repositories/snapshots/ch/epfl/scala/bloop-shared_2.12/2.0.13/bloop-shared_2.12-2.0.13.pom.sha1
2025.11.14 15:24:33 INFO  BSP server: Downloading https://central.sonatype.com/repository/maven-snapshots/ch/epfl/scala/scala-debug-adapter_2.12/4.2.8/scala-debug-adapter_2.12-4.2.8.pom
2025.11.14 15:24:33 INFO  BSP server: Downloaded https://s01.oss.sonatype.org/content/repositories/snapshots/com/github/alexarchambault/case-app_2.12/2.0.6/case-app_2.12-2.0.6.pom.sha1
2025.11.14 15:24:33 INFO  BSP server: Downloading https://central.sonatype.com/repository/maven-snapshots/io/monix/monix_2.12/3.2.0/monix_2.12-3.2.0.pom
2025.11.14 15:24:34 INFO  BSP server: Downloaded https://central.sonatype.com/repository/maven-snapshots/ch/epfl/scala/libdaemon_2.12/0.0.12/libdaemon_2.12-0.0.12.pom
2025.11.14 15:24:34 INFO  BSP server: Downloading https://central.sonatype.com/repository/maven-snapshots/ch/epfl/scala/bloop-config_2.12/2.3.2/bloop-config_2.12-2.3.2.pom
2025.11.14 15:24:34 INFO  BSP server: Downloaded https://central.sonatype.com/repository/maven-snapshots/org/scala-lang/scala-library/2.12.20/scala-library-2.12.20.pom
2025.11.14 15:24:34 INFO  BSP server: Downloading https://central.sonatype.com/repository/maven-snapshots/ch/epfl/scala/bloop-backend_2.12/2.0.13/bloop-backend_2.12-2.0.13.pom
2025.11.14 15:24:34 INFO  BSP server: Downloaded https://central.sonatype.com/repository/maven-snapshots/ch/epfl/scala/scala-debug-adapter_2.12/4.2.8/scala-debug-adapter_2.12-4.2.8.pom
2025.11.14 15:24:34 INFO  BSP server: Downloading https://central.sonatype.com/repository/maven-snapshots/ch/epfl/scala/libdaemon_2.12/0.0.12/libdaemon_2.12-0.0.12.pom.sha1
2025.11.14 15:24:34 INFO  BSP server: Downloaded https://central.sonatype.com/repository/maven-snapshots/io/monix/monix_2.12/3.2.0/monix_2.12-3.2.0.pom
2025.11.14 15:24:34 INFO  BSP server: Downloading https://central.sonatype.com/repository/maven-snapshots/ch/epfl/scala/bloop-shared_2.12/2.0.13/bloop-shared_2.12-2.0.13.pom
2025.11.14 15:24:34 INFO  BSP server: Downloaded https://s01.oss.sonatype.org/content/repositories/snapshots/ch/qos/logback/logback-classic/1.5.18/logback-classic-1.5.18.pom.sha1
2025.11.14 15:24:34 INFO  BSP server: Downloading https://central.sonatype.com/repository/maven-snapshots/com/github/alexarchambault/case-app_2.12/2.0.6/case-app_2.12-2.0.6.pom
2025.11.14 15:24:34 INFO  BSP server: Downloaded https://central.sonatype.com/repository/maven-snapshots/ch/epfl/scala/bloop-config_2.12/2.3.2/bloop-config_2.12-2.3.2.pom
2025.11.14 15:24:34 INFO  BSP server: Downloading https://central.sonatype.com/repository/maven-snapshots/org/scala-lang/scala-library/2.12.20/scala-library-2.12.20.pom.sha1
2025.11.14 15:24:34 INFO  BSP server: Downloaded https://central.sonatype.com/repository/maven-snapshots/ch/epfl/scala/bloop-backend_2.12/2.0.13/bloop-backend_2.12-2.0.13.pom
2025.11.14 15:24:34 INFO  BSP server: Downloading https://central.sonatype.com/repository/maven-snapshots/ch/epfl/scala/scala-debug-adapter_2.12/4.2.8/scala-debug-adapter_2.12-4.2.8.pom.sha1
2025.11.14 15:24:34 INFO  BSP server: Downloaded https://central.sonatype.com/repository/maven-snapshots/ch/epfl/scala/libdaemon_2.12/0.0.12/libdaemon_2.12-0.0.12.pom.sha1
2025.11.14 15:24:34 INFO  BSP server: Downloading https://central.sonatype.com/repository/maven-snapshots/io/monix/monix_2.12/3.2.0/monix_2.12-3.2.0.pom.sha1
2025.11.14 15:24:34 INFO  BSP server: Downloaded https://central.sonatype.com/repository/maven-snapshots/com/github/alexarchambault/case-app_2.12/2.0.6/case-app_2.12-2.0.6.pom
2025.11.14 15:24:34 INFO  BSP server: Downloading https://central.sonatype.com/repository/maven-snapshots/ch/epfl/scala/bloop-config_2.12/2.3.2/bloop-config_2.12-2.3.2.pom.sha1
2025.11.14 15:24:34 INFO  BSP server: Downloaded https://central.sonatype.com/repository/maven-snapshots/ch/epfl/scala/bloop-shared_2.12/2.0.13/bloop-shared_2.12-2.0.13.pom
2025.11.14 15:24:34 INFO  BSP server: Downloading https://central.sonatype.com/repository/maven-snapshots/ch/epfl/scala/bloop-backend_2.12/2.0.13/bloop-backend_2.12-2.0.13.pom.sha1
2025.11.14 15:24:34 INFO  BSP server: Downloaded https://central.sonatype.com/repository/maven-snapshots/org/scala-lang/scala-library/2.12.20/scala-library-2.12.20.pom.sha1
2025.11.14 15:24:34 INFO  BSP server: Downloading https://central.sonatype.com/repository/maven-snapshots/com/github/alexarchambault/case-app_2.12/2.0.6/case-app_2.12-2.0.6.pom.sha1
2025.11.14 15:24:35 INFO  BSP server: Downloaded https://central.sonatype.com/repository/maven-snapshots/org/scalaz/scalaz-core_2.12/7.3.8/scalaz-core_2.12-7.3.8.pom
2025.11.14 15:24:35 INFO  BSP server: Downloading https://central.sonatype.com/repository/maven-snapshots/ch/qos/logback/logback-classic/1.5.18/logback-classic-1.5.18.pom
2025.11.14 15:24:35 INFO  BSP server: Downloaded https://central.sonatype.com/repository/maven-snapshots/ch/epfl/scala/scala-debug-adapter_2.12/4.2.8/scala-debug-adapter_2.12-4.2.8.pom.sha1
2025.11.14 15:24:35 INFO  BSP server: Downloading https://central.sonatype.com/repository/maven-snapshots/ch/epfl/scala/bloop-shared_2.12/2.0.13/bloop-shared_2.12-2.0.13.pom.sha1
2025.11.14 15:24:35 INFO  BSP server: Downloaded https://central.sonatype.com/repository/maven-snapshots/io/monix/monix_2.12/3.2.0/monix_2.12-3.2.0.pom.sha1
2025.11.14 15:24:35 INFO  BSP server: Downloading https://repo.scala-lang.org/artifactory/maven-nightlies/ch/epfl/scala/libdaemon_2.12/0.0.12/libdaemon_2.12-0.0.12.pom
2025.11.14 15:24:35 INFO  BSP server: Downloaded https://central.sonatype.com/repository/maven-snapshots/ch/epfl/scala/bloop-config_2.12/2.3.2/bloop-config_2.12-2.3.2.pom.sha1
2025.11.14 15:24:35 INFO  BSP server: Downloading https://central.sonatype.com/repository/maven-snapshots/org/scalaz/scalaz-core_2.12/7.3.8/scalaz-core_2.12-7.3.8.pom.sha1
2025.11.14 15:24:35 INFO  BSP server: Downloaded https://central.sonatype.com/repository/maven-snapshots/ch/epfl/scala/bloop-backend_2.12/2.0.13/bloop-backend_2.12-2.0.13.pom.sha1
2025.11.14 15:24:35 INFO  BSP server: Downloading https://repo.scala-lang.org/artifactory/maven-nightlies/org/scala-lang/scala-library/2.12.20/scala-library-2.12.20.pom
2025.11.14 15:24:35 INFO  BSP server: Downloaded https://central.sonatype.com/repository/maven-snapshots/com/github/alexarchambault/case-app_2.12/2.0.6/case-app_2.12-2.0.6.pom.sha1
2025.11.14 15:24:35 INFO  BSP server: Downloading https://repo.scala-lang.org/artifactory/maven-nightlies/ch/epfl/scala/scala-debug-adapter_2.12/4.2.8/scala-debug-adapter_2.12-4.2.8.pom
2025.11.14 15:24:35 INFO  BSP server: Downloaded https://central.sonatype.com/repository/maven-snapshots/ch/qos/logback/logback-classic/1.5.18/logback-classic-1.5.18.pom
2025.11.14 15:24:35 INFO  BSP server: Downloading https://repo.scala-lang.org/artifactory/maven-nightlies/io/monix/monix_2.12/3.2.0/monix_2.12-3.2.0.pom
2025.11.14 15:24:35 INFO  BSP server: Downloaded https://central.sonatype.com/repository/maven-snapshots/ch/epfl/scala/bloop-shared_2.12/2.0.13/bloop-shared_2.12-2.0.13.pom.sha1
2025.11.14 15:24:35 INFO  BSP server: Downloading https://repo.scala-lang.org/artifactory/maven-nightlies/ch/epfl/scala/bloop-config_2.12/2.3.2/bloop-config_2.12-2.3.2.pom
2025.11.14 15:24:35 INFO  BSP server: Downloaded https://central.sonatype.com/repository/maven-snapshots/org/scalaz/scalaz-core_2.12/7.3.8/scalaz-core_2.12-7.3.8.pom.sha1
2025.11.14 15:24:35 INFO  BSP server: Downloading https://repo.scala-lang.org/artifactory/maven-nightlies/ch/epfl/scala/bloop-backend_2.12/2.0.13/bloop-backend_2.12-2.0.13.pom
2025.11.14 15:24:35 INFO  BSP server: Downloaded https://repo.scala-lang.org/artifactory/maven-nightlies/ch/epfl/scala/libdaemon_2.12/0.0.12/libdaemon_2.12-0.0.12.pom
2025.11.14 15:24:35 INFO  BSP server: Downloading https://central.sonatype.com/repository/maven-snapshots/ch/qos/logback/logback-classic/1.5.18/logback-classic-1.5.18.pom.sha1
2025.11.14 15:24:36 INFO  BSP server: Downloaded https://repo.scala-lang.org/artifactory/maven-nightlies/org/scala-lang/scala-library/2.12.20/scala-library-2.12.20.pom
2025.11.14 15:24:36 INFO  BSP server: Downloading https://repo.scala-lang.org/artifactory/maven-nightlies/com/github/alexarchambault/case-app_2.12/2.0.6/case-app_2.12-2.0.6.pom
2025.11.14 15:24:36 INFO  BSP server: Downloaded https://repo.scala-lang.org/artifactory/maven-nightlies/io/monix/monix_2.12/3.2.0/monix_2.12-3.2.0.pom
2025.11.14 15:24:36 INFO  BSP server: Downloading https://repo.scala-lang.org/artifactory/maven-nightlies/ch/epfl/scala/libdaemon_2.12/0.0.12/libdaemon_2.12-0.0.12.pom.sha1
2025.11.14 15:24:36 INFO  BSP server: Downloaded https://central.sonatype.com/repository/maven-snapshots/ch/qos/logback/logback-classic/1.5.18/logback-classic-1.5.18.pom.sha1
2025.11.14 15:24:36 INFO  BSP server: Downloading https://repo.scala-lang.org/artifactory/maven-nightlies/ch/epfl/scala/bloop-shared_2.12/2.0.13/bloop-shared_2.12-2.0.13.pom
2025.11.14 15:24:36 INFO  BSP server: Downloaded https://repo.scala-lang.org/artifactory/maven-nightlies/ch/epfl/scala/scala-debug-adapter_2.12/4.2.8/scala-debug-adapter_2.12-4.2.8.pom
2025.11.14 15:24:36 INFO  BSP server: Downloading https://repo.scala-lang.org/artifactory/maven-nightlies/org/scala-lang/scala-library/2.12.20/scala-library-2.12.20.pom.sha1
2025.11.14 15:24:36 INFO  BSP server: Downloaded https://repo.scala-lang.org/artifactory/maven-nightlies/ch/epfl/scala/bloop-config_2.12/2.3.2/bloop-config_2.12-2.3.2.pom
2025.11.14 15:24:36 INFO  BSP server: Downloading https://repo.scala-lang.org/artifactory/maven-nightlies/io/monix/monix_2.12/3.2.0/monix_2.12-3.2.0.pom.sha1
2025.11.14 15:24:36 INFO  BSP server: Downloaded https://repo.scala-lang.org/artifactory/maven-nightlies/com/github/alexarchambault/case-app_2.12/2.0.6/case-app_2.12-2.0.6.pom
2025.11.14 15:24:36 INFO  BSP server: Downloading https://repo.scala-lang.org/artifactory/maven-nightlies/org/scalaz/scalaz-core_2.12/7.3.8/scalaz-core_2.12-7.3.8.pom
2025.11.14 15:24:36 INFO  BSP server: Downloaded https://repo.scala-lang.org/artifactory/maven-nightlies/ch/epfl/scala/bloop-backend_2.12/2.0.13/bloop-backend_2.12-2.0.13.pom
2025.11.14 15:24:36 INFO  BSP server: Downloading https://repo.scala-lang.org/artifactory/maven-nightlies/ch/epfl/scala/bloop-config_2.12/2.3.2/bloop-config_2.12-2.3.2.pom.sha1
2025.11.14 15:24:36 INFO  BSP server: Downloaded https://repo.scala-lang.org/artifactory/maven-nightlies/ch/epfl/scala/bloop-shared_2.12/2.0.13/bloop-shared_2.12-2.0.13.pom
2025.11.14 15:24:36 INFO  BSP server: Downloaded https://repo.scala-lang.org/artifactory/maven-nightlies/ch/epfl/scala/libdaemon_2.12/0.0.12/libdaemon_2.12-0.0.12.pom.sha1
2025.11.14 15:24:36 INFO  BSP server: Downloading https://repo.scala-lang.org/artifactory/maven-nightlies/com/github/alexarchambault/case-app_2.12/2.0.6/case-app_2.12-2.0.6.pom.sha1
2025.11.14 15:24:36 INFO  BSP server: Downloading https://repo.scala-lang.org/artifactory/maven-nightlies/ch/qos/logback/logback-classic/1.5.18/logback-classic-1.5.18.pom
2025.11.14 15:24:36 INFO  BSP server: Downloaded https://repo.scala-lang.org/artifactory/maven-nightlies/io/monix/monix_2.12/3.2.0/monix_2.12-3.2.0.pom.sha1
2025.11.14 15:24:36 INFO  BSP server: Downloaded https://repo.scala-lang.org/artifactory/maven-nightlies/org/scala-lang/scala-library/2.12.20/scala-library-2.12.20.pom.sha1
2025.11.14 15:24:36 INFO  BSP server: Downloaded https://repo.scala-lang.org/artifactory/maven-nightlies/org/scalaz/scalaz-core_2.12/7.3.8/scalaz-core_2.12-7.3.8.pom
2025.11.14 15:24:36 INFO  BSP server: Downloading https://repo.scala-lang.org/artifactory/maven-nightlies/org/scalaz/scalaz-core_2.12/7.3.8/scalaz-core_2.12-7.3.8.pom.sha1
2025.11.14 15:24:36 INFO  BSP server: Downloaded https://repo.scala-lang.org/artifactory/maven-nightlies/ch/epfl/scala/bloop-config_2.12/2.3.2/bloop-config_2.12-2.3.2.pom.sha1
2025.11.14 15:24:37 INFO  BSP server: Downloaded https://repo.scala-lang.org/artifactory/maven-nightlies/com/github/alexarchambault/case-app_2.12/2.0.6/case-app_2.12-2.0.6.pom.sha1
2025.11.14 15:24:37 INFO  BSP server: Downloaded https://repo.scala-lang.org/artifactory/maven-nightlies/ch/qos/logback/logback-classic/1.5.18/logback-classic-1.5.18.pom
2025.11.14 15:24:37 INFO  BSP server: Downloading https://repo.scala-lang.org/artifactory/maven-nightlies/ch/qos/logback/logback-classic/1.5.18/logback-classic-1.5.18.pom.sha1
2025.11.14 15:24:37 INFO  BSP server: Downloaded https://repo.scala-lang.org/artifactory/maven-nightlies/org/scalaz/scalaz-core_2.12/7.3.8/scalaz-core_2.12-7.3.8.pom.sha1
2025.11.14 15:24:37 INFO  BSP server: Downloaded https://repo.scala-lang.org/artifactory/maven-nightlies/ch/qos/logback/logback-classic/1.5.18/logback-classic-1.5.18.pom.sha1
2025.11.14 15:24:37 INFO  BSP server: Downloading https://oss.sonatype.org/content/repositories/snapshots/ch/qos/logback/logback-parent/1.5.18/logback-parent-1.5.18.pom
2025.11.14 15:24:37 INFO  BSP server: Downloaded https://oss.sonatype.org/content/repositories/snapshots/ch/qos/logback/logback-parent/1.5.18/logback-parent-1.5.18.pom
2025.11.14 15:24:37 INFO  BSP server: Downloading https://oss.sonatype.org/content/repositories/snapshots/ch/qos/logback/logback-parent/1.5.18/logback-parent-1.5.18.pom.sha1
2025.11.14 15:24:38 INFO  BSP server: Downloaded https://oss.sonatype.org/content/repositories/snapshots/ch/qos/logback/logback-parent/1.5.18/logback-parent-1.5.18.pom.sha1
2025.11.14 15:24:38 INFO  BSP server: Downloading https://s01.oss.sonatype.org/content/repositories/snapshots/ch/qos/logback/logback-parent/1.5.18/logback-parent-1.5.18.pom
2025.11.14 15:24:38 INFO  BSP server: Downloaded https://s01.oss.sonatype.org/content/repositories/snapshots/ch/qos/logback/logback-parent/1.5.18/logback-parent-1.5.18.pom
2025.11.14 15:24:38 INFO  BSP server: Downloading https://s01.oss.sonatype.org/content/repositories/snapshots/ch/qos/logback/logback-parent/1.5.18/logback-parent-1.5.18.pom.sha1
2025.11.14 15:24:40 INFO  BSP server: Downloaded https://s01.oss.sonatype.org/content/repositories/snapshots/ch/qos/logback/logback-parent/1.5.18/logback-parent-1.5.18.pom.sha1
2025.11.14 15:24:40 INFO  BSP server: Downloading https://central.sonatype.com/repository/maven-snapshots/ch/qos/logback/logback-parent/1.5.18/logback-parent-1.5.18.pom
2025.11.14 15:24:40 INFO  BSP server: Downloaded https://central.sonatype.com/repository/maven-snapshots/ch/qos/logback/logback-parent/1.5.18/logback-parent-1.5.18.pom
2025.11.14 15:24:40 INFO  BSP server: Downloading https://central.sonatype.com/repository/maven-snapshots/ch/qos/logback/logback-parent/1.5.18/logback-parent-1.5.18.pom.sha1
2025.11.14 15:24:40 INFO  BSP server: Downloaded https://central.sonatype.com/repository/maven-snapshots/ch/qos/logback/logback-parent/1.5.18/logback-parent-1.5.18.pom.sha1
2025.11.14 15:24:40 INFO  BSP server: Downloading https://repo.scala-lang.org/artifactory/maven-nightlies/ch/qos/logback/logback-parent/1.5.18/logback-parent-1.5.18.pom
2025.11.14 15:24:42 INFO  BSP server: Downloaded https://repo.scala-lang.org/artifactory/maven-nightlies/ch/qos/logback/logback-parent/1.5.18/logback-parent-1.5.18.pom
2025.11.14 15:24:42 INFO  BSP server: Downloading https://repo.scala-lang.org/artifactory/maven-nightlies/ch/qos/logback/logback-parent/1.5.18/logback-parent-1.5.18.pom.sha1
2025.11.14 15:24:42 INFO  BSP server: Downloaded https://repo.scala-lang.org/artifactory/maven-nightlies/ch/qos/logback/logback-parent/1.5.18/logback-parent-1.5.18.pom.sha1
2025.11.14 15:24:42 INFO  BSP server: Downloading https://oss.sonatype.org/content/repositories/snapshots/io/github/alexarchambault/bleep/jsonrpc4s_2.12/0.1.1/jsonrpc4s_2.12-0.1.1.pom
2025.11.14 15:24:42 INFO  BSP server: Downloading https://oss.sonatype.org/content/repositories/snapshots/io/monix/monix-execution_2.12/3.2.0/monix-execution_2.12-3.2.0.pom
2025.11.14 15:24:42 INFO  BSP server: Downloading https://oss.sonatype.org/content/repositories/snapshots/ch/qos/logback/logback-core/1.5.18/logback-core-1.5.18.pom
2025.11.14 15:24:42 INFO  BSP server: Downloading https://oss.sonatype.org/content/repositories/snapshots/com/github/alexarchambault/case-app-annotations_2.12/2.0.6/case-app-annotations_2.12-2.0.6.pom
2025.11.14 15:24:42 INFO  BSP server: Downloading https://oss.sonatype.org/content/repositories/snapshots/io/zipkin/brave/brave/5.18.1/brave-5.18.1.pom
2025.11.14 15:24:42 INFO  BSP server: Downloading https://oss.sonatype.org/content/repositories/snapshots/com/github/alexarchambault/case-app-util_2.12/2.0.6/case-app-util_2.12-2.0.6.pom
2025.11.14 15:24:42 INFO  BSP server: Downloaded https://oss.sonatype.org/content/repositories/snapshots/io/github/alexarchambault/bleep/jsonrpc4s_2.12/0.1.1/jsonrpc4s_2.12-0.1.1.pom
2025.11.14 15:24:42 INFO  BSP server: Downloading https://oss.sonatype.org/content/repositories/snapshots/io/get-coursier/util/directories-jni/0.1.2/directories-jni-0.1.2.pom
2025.11.14 15:24:42 INFO  BSP server: Downloaded https://oss.sonatype.org/content/repositories/snapshots/io/get-coursier/util/directories-jni/0.1.2/directories-jni-0.1.2.pom
2025.11.14 15:24:42 INFO  BSP server: Downloading https://oss.sonatype.org/content/repositories/snapshots/io/monix/monix-tail_2.12/3.2.0/monix-tail_2.12-3.2.0.pom
2025.11.14 15:24:42 INFO  BSP server: Downloaded https://oss.sonatype.org/content/repositories/snapshots/ch/qos/logback/logback-core/1.5.18/logback-core-1.5.18.pom
2025.11.14 15:24:42 INFO  BSP server: Downloading https://oss.sonatype.org/content/repositories/snapshots/net/jpountz/lz4/lz4/1.3.0/lz4-1.3.0.pom
2025.11.14 15:24:42 INFO  BSP server: Downloaded https://oss.sonatype.org/content/repositories/snapshots/io/monix/monix-execution_2.12/3.2.0/monix-execution_2.12-3.2.0.pom
2025.11.14 15:24:42 INFO  BSP server: Downloading https://oss.sonatype.org/content/repositories/snapshots/org/scala-sbt/librarymanagement-ivy_2.12/1.11.2/librarymanagement-ivy_2.12-1.11.2.pom
2025.11.14 15:24:42 INFO  BSP server: Downloaded https://oss.sonatype.org/content/repositories/snapshots/io/monix/monix-tail_2.12/3.2.0/monix-tail_2.12-3.2.0.pom
2025.11.14 15:24:42 INFO  BSP server: Downloading https://oss.sonatype.org/content/repositories/snapshots/com/lihaoyi/pprint_2.12/0.9.0/pprint_2.12-0.9.0.pom
2025.11.14 15:24:42 INFO  BSP server: Downloaded https://oss.sonatype.org/content/repositories/snapshots/com/github/alexarchambault/case-app-annotations_2.12/2.0.6/case-app-annotations_2.12-2.0.6.pom
2025.11.14 15:24:42 INFO  BSP server: Downloading https://oss.sonatype.org/content/repositories/snapshots/io/monix/monix-java_2.12/3.2.0/monix-java_2.12-3.2.0.pom
2025.11.14 15:24:42 INFO  BSP server: Downloaded https://oss.sonatype.org/content/repositories/snapshots/io/zipkin/brave/brave/5.18.1/brave-5.18.1.pom
2025.11.14 15:24:42 INFO  BSP server: Downloading https://oss.sonatype.org/content/repositories/snapshots/org/scalameta/parsers_2.12/4.13.8/parsers_2.12-4.13.8.pom
2025.11.14 15:24:42 INFO  BSP server: Downloaded https://oss.sonatype.org/content/repositories/snapshots/com/github/alexarchambault/case-app-util_2.12/2.0.6/case-app-util_2.12-2.0.6.pom
2025.11.14 15:24:42 INFO  BSP server: Downloading https://oss.sonatype.org/content/repositories/snapshots/org/scala-lang/scala-reflect/2.12.20/scala-reflect-2.12.20.pom
2025.11.14 15:24:42 INFO  BSP server: Downloaded https://oss.sonatype.org/content/repositories/snapshots/net/jpountz/lz4/lz4/1.3.0/lz4-1.3.0.pom
2025.11.14 15:24:42 INFO  BSP server: Downloading https://oss.sonatype.org/content/repositories/snapshots/com/lihaoyi/sourcecode_2.12/0.4.2/sourcecode_2.12-0.4.2.pom
2025.11.14 15:24:42 INFO  BSP server: Downloaded https://oss.sonatype.org/content/repositories/snapshots/org/scala-sbt/librarymanagement-ivy_2.12/1.11.2/librarymanagement-ivy_2.12-1.11.2.pom
2025.11.14 15:24:42 INFO  BSP server: Downloading https://oss.sonatype.org/content/repositories/snapshots/io/github/alexarchambault/bleep/jsonrpc4s_2.12/0.1.1/jsonrpc4s_2.12-0.1.1.pom.sha1
2025.11.14 15:24:42 INFO  BSP server: Downloaded https://oss.sonatype.org/content/repositories/snapshots/com/lihaoyi/pprint_2.12/0.9.0/pprint_2.12-0.9.0.pom
2025.11.14 15:24:42 INFO  BSP server: Downloading https://oss.sonatype.org/content/repositories/snapshots/io/monix/monix-catnap_2.12/3.2.0/monix-catnap_2.12-3.2.0.pom
2025.11.14 15:24:42 INFO  BSP server: Downloaded https://oss.sonatype.org/content/repositories/snapshots/io/monix/monix-java_2.12/3.2.0/monix-java_2.12-3.2.0.pom
2025.11.14 15:24:42 INFO  BSP server: Downloading https://oss.sonatype.org/content/repositories/snapshots/ch/epfl/scala/directory-watcher/0.8.0+6-f651bd93/directory-watcher-0.8.0+6-f651bd93.pom
2025.11.14 15:24:42 INFO  BSP server: Downloaded https://oss.sonatype.org/content/repositories/snapshots/org/scalameta/parsers_2.12/4.13.8/parsers_2.12-4.13.8.pom
2025.11.14 15:24:42 INFO  BSP server: Downloading https://oss.sonatype.org/content/repositories/snapshots/org/zeroturnaround/zt-zip/1.17/zt-zip-1.17.pom
2025.11.14 15:24:42 INFO  BSP server: Downloaded https://oss.sonatype.org/content/repositories/snapshots/org/scala-lang/scala-reflect/2.12.20/scala-reflect-2.12.20.pom
2025.11.14 15:24:42 INFO  BSP server: Downloading https://oss.sonatype.org/content/repositories/snapshots/com/github/plokhotnyuk/jsoniter-scala/jsoniter-scala-core_2.12/2.13.5.2/jsoniter-scala-core_2.12-2.13.5.2.pom
2025.11.14 15:24:42 INFO  BSP server: Downloaded https://oss.sonatype.org/content/repositories/snapshots/com/lihaoyi/sourcecode_2.12/0.4.2/sourcecode_2.12-0.4.2.pom
2025.11.14 15:24:42 INFO  BSP server: Downloading https://oss.sonatype.org/content/repositories/snapshots/org/apache/logging/log4j/log4j-core/2.23.0/log4j-core-2.23.0.pom
2025.11.14 15:24:42 INFO  BSP server: Downloaded https://oss.sonatype.org/content/repositories/snapshots/io/github/alexarchambault/bleep/jsonrpc4s_2.12/0.1.1/jsonrpc4s_2.12-0.1.1.pom.sha1
2025.11.14 15:24:42 INFO  BSP server: Downloading https://oss.sonatype.org/content/repositories/snapshots/io/zipkin/reporter2/zipkin-sender-urlconnection/2.17.2/zipkin-sender-urlconnection-2.17.2.pom
2025.11.14 15:24:42 INFO  BSP server: Downloaded https://oss.sonatype.org/content/repositories/snapshots/io/monix/monix-catnap_2.12/3.2.0/monix-catnap_2.12-3.2.0.pom
2025.11.14 15:24:43 INFO  BSP server: Downloading https://oss.sonatype.org/content/repositories/snapshots/io/get-coursier/util/directories-jni/0.1.2/directories-jni-0.1.2.pom.sha1
2025.11.14 15:24:43 INFO  BSP server: Downloaded https://oss.sonatype.org/content/repositories/snapshots/ch/epfl/scala/directory-watcher/0.8.0+6-f651bd93/directory-watcher-0.8.0+6-f651bd93.pom
2025.11.14 15:24:43 INFO  BSP server: Downloading https://oss.sonatype.org/content/repositories/snapshots/io/monix/monix-eval_2.12/3.2.0/monix-eval_2.12-3.2.0.pom
2025.11.14 15:24:43 INFO  BSP server: Downloaded https://oss.sonatype.org/content/repositories/snapshots/org/zeroturnaround/zt-zip/1.17/zt-zip-1.17.pom
2025.11.14 15:24:43 INFO  BSP server: Downloading https://oss.sonatype.org/content/repositories/snapshots/ch/qos/logback/logback-core/1.5.18/logback-core-1.5.18.pom.sha1
2025.11.14 15:24:43 INFO  BSP server: Downloaded https://oss.sonatype.org/content/repositories/snapshots/com/github/plokhotnyuk/jsoniter-scala/jsoniter-scala-core_2.12/2.13.5.2/jsoniter-scala-core_2.12-2.13.5.2.pom
2025.11.14 15:24:43 INFO  BSP server: Downloading https://oss.sonatype.org/content/repositories/snapshots/org/scala-sbt/zinc_2.12/1.10.8/zinc_2.12-1.10.8.pom
2025.11.14 15:24:43 INFO  BSP server: Downloaded https://oss.sonatype.org/content/repositories/snapshots/org/apache/logging/log4j/log4j-core/2.23.0/log4j-core-2.23.0.pom
2025.11.14 15:24:43 INFO  BSP server: Downloading https://oss.sonatype.org/content/repositories/snapshots/io/monix/monix-execution_2.12/3.2.0/monix-execution_2.12-3.2.0.pom.sha1
2025.11.14 15:24:43 INFO  BSP server: Downloaded https://oss.sonatype.org/content/repositories/snapshots/io/zipkin/reporter2/zipkin-sender-urlconnection/2.17.2/zipkin-sender-urlconnection-2.17.2.pom
2025.11.14 15:24:43 INFO  BSP server: Downloading https://oss.sonatype.org/content/repositories/snapshots/io/monix/monix-tail_2.12/3.2.0/monix-tail_2.12-3.2.0.pom.sha1
2025.11.14 15:24:43 INFO  BSP server: Downloaded https://oss.sonatype.org/content/repositories/snapshots/io/get-coursier/util/directories-jni/0.1.2/directories-jni-0.1.2.pom.sha1
2025.11.14 15:24:43 INFO  BSP server: Downloading https://oss.sonatype.org/content/repositories/snapshots/com/github/alexarchambault/case-app-annotations_2.12/2.0.6/case-app-annotations_2.12-2.0.6.pom.sha1
2025.11.14 15:24:43 INFO  BSP server: Downloaded https://oss.sonatype.org/content/repositories/snapshots/io/monix/monix-eval_2.12/3.2.0/monix-eval_2.12-3.2.0.pom
2025.11.14 15:24:43 INFO  BSP server: Downloading https://oss.sonatype.org/content/repositories/snapshots/io/zipkin/brave/brave/5.18.1/brave-5.18.1.pom.sha1
2025.11.14 15:24:43 INFO  BSP server: Downloaded https://oss.sonatype.org/content/repositories/snapshots/ch/qos/logback/logback-core/1.5.18/logback-core-1.5.18.pom.sha1
2025.11.14 15:24:43 INFO  BSP server: Downloading https://oss.sonatype.org/content/repositories/snapshots/io/monix/monix-reactive_2.12/3.2.0/monix-reactive_2.12-3.2.0.pom
2025.11.14 15:24:43 INFO  BSP server: Downloaded https://oss.sonatype.org/content/repositories/snapshots/org/scala-sbt/zinc_2.12/1.10.8/zinc_2.12-1.10.8.pom
2025.11.14 15:24:43 INFO  BSP server: Downloading https://oss.sonatype.org/content/repositories/snapshots/com/github/plokhotnyuk/jsoniter-scala/jsoniter-scala-macros_2.12/2.13.3.2/jsoniter-scala-macros_2.12-2.13.3.2.pom
2025.11.14 15:24:43 INFO  BSP server: Downloaded https://oss.sonatype.org/content/repositories/snapshots/io/monix/monix-execution_2.12/3.2.0/monix-execution_2.12-3.2.0.pom.sha1
2025.11.14 15:24:43 INFO  BSP server: Downloading https://oss.sonatype.org/content/repositories/snapshots/ch/epfl/scala/bsp4s_2.12/2.1.1/bsp4s_2.12-2.1.1.pom
2025.11.14 15:24:43 INFO  BSP server: Downloaded https://oss.sonatype.org/content/repositories/snapshots/io/monix/monix-tail_2.12/3.2.0/monix-tail_2.12-3.2.0.pom.sha1
2025.11.14 15:24:43 INFO  BSP server: Downloading https://oss.sonatype.org/content/repositories/snapshots/com/github/alexarchambault/case-app-util_2.12/2.0.6/case-app-util_2.12-2.0.6.pom.sha1
2025.11.14 15:24:43 INFO  BSP server: Downloaded https://oss.sonatype.org/content/repositories/snapshots/com/github/alexarchambault/case-app-annotations_2.12/2.0.6/case-app-annotations_2.12-2.0.6.pom.sha1
2025.11.14 15:24:43 INFO  BSP server: Downloading https://oss.sonatype.org/content/repositories/snapshots/io/github/alexarchambault/bleep/nailgun-server/1.0.7/nailgun-server-1.0.7.pom
2025.11.14 15:24:43 INFO  BSP server: Downloaded https://oss.sonatype.org/content/repositories/snapshots/io/zipkin/brave/brave/5.18.1/brave-5.18.1.pom.sha1
2025.11.14 15:24:43 INFO  BSP server: Downloading https://oss.sonatype.org/content/repositories/snapshots/com/lihaoyi/unroll-annotation_2.12/0.1.12/unroll-annotation_2.12-0.1.12.pom
2025.11.14 15:24:43 INFO  BSP server: Downloaded https://oss.sonatype.org/content/repositories/snapshots/io/monix/monix-reactive_2.12/3.2.0/monix-reactive_2.12-3.2.0.pom
2025.11.14 15:24:43 INFO  BSP server: Downloading https://oss.sonatype.org/content/repositories/snapshots/net/jpountz/lz4/lz4/1.3.0/lz4-1.3.0.pom.sha1
2025.11.14 15:24:43 INFO  BSP server: Downloaded https://oss.sonatype.org/content/repositories/snapshots/com/github/plokhotnyuk/jsoniter-scala/jsoniter-scala-macros_2.12/2.13.3.2/jsoniter-scala-macros_2.12-2.13.3.2.pom
2025.11.14 15:24:43 INFO  BSP server: Downloading https://oss.sonatype.org/content/repositories/snapshots/org/scala-sbt/librarymanagement-ivy_2.12/1.11.2/librarymanagement-ivy_2.12-1.11.2.pom.sha1
2025.11.14 15:24:43 INFO  BSP server: Downloaded https://oss.sonatype.org/content/repositories/snapshots/ch/epfl/scala/bsp4s_2.12/2.1.1/bsp4s_2.12-2.1.1.pom
2025.11.14 15:24:43 INFO  BSP server: Downloading https://oss.sonatype.org/content/repositories/snapshots/com/lihaoyi/pprint_2.12/0.9.0/pprint_2.12-0.9.0.pom.sha1
2025.11.14 15:24:43 INFO  BSP server: Downloaded https://oss.sonatype.org/content/repositories/snapshots/com/github/alexarchambault/case-app-util_2.12/2.0.6/case-app-util_2.12-2.0.6.pom.sha1
2025.11.14 15:24:43 INFO  BSP server: Downloading https://oss.sonatype.org/content/repositories/snapshots/io/monix/monix-java_2.12/3.2.0/monix-java_2.12-3.2.0.pom.sha1
2025.11.14 15:24:43 INFO  BSP server: Downloaded https://oss.sonatype.org/content/repositories/snapshots/io/github/alexarchambault/bleep/nailgun-server/1.0.7/nailgun-server-1.0.7.pom
2025.11.14 15:24:43 INFO  BSP server: Downloading https://oss.sonatype.org/content/repositories/snapshots/org/scalameta/parsers_2.12/4.13.8/parsers_2.12-4.13.8.pom.sha1
2025.11.14 15:24:43 INFO  BSP server: Downloaded https://oss.sonatype.org/content/repositories/snapshots/com/lihaoyi/unroll-annotation_2.12/0.1.12/unroll-annotation_2.12-0.1.12.pom
2025.11.14 15:24:43 INFO  BSP server: Downloading https://oss.sonatype.org/content/repositories/snapshots/org/scala-lang/modules/scala-collection-compat_2.12/2.13.0/scala-collection-compat_2.12-2.13.0.pom
2025.11.14 15:24:43 INFO  BSP server: Downloaded https://oss.sonatype.org/content/repositories/snapshots/net/jpountz/lz4/lz4/1.3.0/lz4-1.3.0.pom.sha1
2025.11.14 15:24:43 INFO  BSP server: Downloading https://oss.sonatype.org/content/repositories/snapshots/org/scala-lang/scala-reflect/2.12.20/scala-reflect-2.12.20.pom.sha1
2025.11.14 15:24:43 INFO  BSP server: Downloaded https://oss.sonatype.org/content/repositories/snapshots/org/scala-sbt/librarymanagement-ivy_2.12/1.11.2/librarymanagement-ivy_2.12-1.11.2.pom.sha1
2025.11.14 15:24:43 INFO  BSP server: Downloading https://oss.sonatype.org/content/repositories/snapshots/com/lihaoyi/sourcecode_2.12/0.4.2/sourcecode_2.12-0.4.2.pom.sha1
2025.11.14 15:24:43 INFO  BSP server: Downloaded https://oss.sonatype.org/content/repositories/snapshots/com/lihaoyi/pprint_2.12/0.9.0/pprint_2.12-0.9.0.pom.sha1
2025.11.14 15:24:43 INFO  BSP server: Downloading https://oss.sonatype.org/content/repositories/snapshots/io/monix/monix-catnap_2.12/3.2.0/monix-catnap_2.12-3.2.0.pom.sha1
2025.11.14 15:24:43 INFO  BSP server: Downloaded https://oss.sonatype.org/content/repositories/snapshots/io/monix/monix-java_2.12/3.2.0/monix-java_2.12-3.2.0.pom.sha1
2025.11.14 15:24:43 INFO  BSP server: Downloading https://oss.sonatype.org/content/repositories/snapshots/ch/epfl/scala/directory-watcher/0.8.0+6-f651bd93/directory-watcher-0.8.0+6-f651bd93.pom.sha1
2025.11.14 15:24:43 INFO  BSP server: Downloaded https://oss.sonatype.org/content/repositories/snapshots/org/scalameta/parsers_2.12/4.13.8/parsers_2.12-4.13.8.pom.sha1
2025.11.14 15:24:43 INFO  BSP server: Downloading https://oss.sonatype.org/content/repositories/snapshots/org/zeroturnaround/zt-zip/1.17/zt-zip-1.17.pom.sha1
2025.11.14 15:24:43 INFO  BSP server: Downloaded https://oss.sonatype.org/content/repositories/snapshots/org/scala-lang/modules/scala-collection-compat_2.12/2.13.0/scala-collection-compat_2.12-2.13.0.pom
2025.11.14 15:24:43 INFO  BSP server: Downloading https://oss.sonatype.org/content/repositories/snapshots/com/github/plokhotnyuk/jsoniter-scala/jsoniter-scala-core_2.12/2.13.5.2/jsoniter-scala-core_2.12-2.13.5.2.pom.sha1
2025.11.14 15:24:43 INFO  BSP server: Downloaded https://oss.sonatype.org/content/repositories/snapshots/org/scala-lang/scala-reflect/2.12.20/scala-reflect-2.12.20.pom.sha1
2025.11.14 15:24:43 INFO  BSP server: Downloading https://oss.sonatype.org/content/repositories/snapshots/org/apache/logging/log4j/log4j-core/2.23.0/log4j-core-2.23.0.pom.sha1
2025.11.14 15:24:43 INFO  BSP server: Downloaded https://oss.sonatype.org/content/repositories/snapshots/com/lihaoyi/sourcecode_2.12/0.4.2/sourcecode_2.12-0.4.2.pom.sha1
2025.11.14 15:24:43 INFO  BSP server: Downloading https://oss.sonatype.org/content/repositories/snapshots/io/zipkin/reporter2/zipkin-sender-urlconnection/2.17.2/zipkin-sender-urlconnection-2.17.2.pom.sha1
2025.11.14 15:24:43 INFO  BSP server: Downloaded https://oss.sonatype.org/content/repositories/snapshots/io/monix/monix-catnap_2.12/3.2.0/monix-catnap_2.12-3.2.0.pom.sha1
2025.11.14 15:24:43 INFO  BSP server: Downloading https://oss.sonatype.org/content/repositories/snapshots/io/monix/monix-eval_2.12/3.2.0/monix-eval_2.12-3.2.0.pom.sha1
2025.11.14 15:24:43 INFO  BSP server: Downloaded https://oss.sonatype.org/content/repositories/snapshots/org/zeroturnaround/zt-zip/1.17/zt-zip-1.17.pom.sha1
2025.11.14 15:24:43 INFO  BSP server: Downloading https://oss.sonatype.org/content/repositories/snapshots/org/scala-sbt/zinc_2.12/1.10.8/zinc_2.12-1.10.8.pom.sha1
2025.11.14 15:24:43 INFO  BSP server: Downloaded https://oss.sonatype.org/content/repositories/snapshots/com/github/plokhotnyuk/jsoniter-scala/jsoniter-scala-core_2.12/2.13.5.2/jsoniter-scala-core_2.12-2.13.5.2.pom.sha1
2025.11.14 15:24:43 INFO  BSP server: Downloading https://oss.sonatype.org/content/repositories/snapshots/io/monix/monix-reactive_2.12/3.2.0/monix-reactive_2.12-3.2.0.pom.sha1
2025.11.14 15:24:43 INFO  BSP server: Downloaded https://oss.sonatype.org/content/repositories/snapshots/org/apache/logging/log4j/log4j-core/2.23.0/log4j-core-2.23.0.pom.sha1
2025.11.14 15:24:43 INFO  BSP server: Downloading https://oss.sonatype.org/content/repositories/snapshots/com/github/plokhotnyuk/jsoniter-scala/jsoniter-scala-macros_2.12/2.13.3.2/jsoniter-scala-macros_2.12-2.13.3.2.pom.sha1
2025.11.14 15:24:43 INFO  BSP server: Downloaded https://oss.sonatype.org/content/repositories/snapshots/io/zipkin/reporter2/zipkin-sender-urlconnection/2.17.2/zipkin-sender-urlconnection-2.17.2.pom.sha1
2025.11.14 15:24:43 INFO  BSP server: Downloading https://oss.sonatype.org/content/repositories/snapshots/ch/epfl/scala/bsp4s_2.12/2.1.1/bsp4s_2.12-2.1.1.pom.sha1
2025.11.14 15:24:43 INFO  BSP server: Downloaded https://oss.sonatype.org/content/repositories/snapshots/io/monix/monix-eval_2.12/3.2.0/monix-eval_2.12-3.2.0.pom.sha1
2025.11.14 15:24:43 INFO  BSP server: Downloading https://oss.sonatype.org/content/repositories/snapshots/io/github/alexarchambault/bleep/nailgun-server/1.0.7/nailgun-server-1.0.7.pom.sha1
2025.11.14 15:24:43 INFO  BSP server: Downloaded https://oss.sonatype.org/content/repositories/snapshots/org/scala-sbt/zinc_2.12/1.10.8/zinc_2.12-1.10.8.pom.sha1
2025.11.14 15:24:43 INFO  BSP server: Downloading https://oss.sonatype.org/content/repositories/snapshots/com/lihaoyi/unroll-annotation_2.12/0.1.12/unroll-annotation_2.12-0.1.12.pom.sha1
2025.11.14 15:24:43 INFO  BSP server: Downloaded https://oss.sonatype.org/content/repositories/snapshots/io/monix/monix-reactive_2.12/3.2.0/monix-reactive_2.12-3.2.0.pom.sha1
2025.11.14 15:24:43 INFO  BSP server: Downloading https://oss.sonatype.org/content/repositories/snapshots/org/scala-lang/modules/scala-collection-compat_2.12/2.13.0/scala-collection-compat_2.12-2.13.0.pom.sha1
2025.11.14 15:24:43 INFO  BSP server: Downloaded https://oss.sonatype.org/content/repositories/snapshots/com/github/plokhotnyuk/jsoniter-scala/jsoniter-scala-macros_2.12/2.13.3.2/jsoniter-scala-macros_2.12-2.13.3.2.pom.sha1
2025.11.14 15:24:43 INFO  BSP server: Downloading https://s01.oss.sonatype.org/content/repositories/snapshots/io/github/alexarchambault/bleep/jsonrpc4s_2.12/0.1.1/jsonrpc4s_2.12-0.1.1.pom
2025.11.14 15:24:43 INFO  BSP server: Downloaded https://oss.sonatype.org/content/repositories/snapshots/ch/epfl/scala/bsp4s_2.12/2.1.1/bsp4s_2.12-2.1.1.pom.sha1
2025.11.14 15:24:43 INFO  BSP server: Downloading https://s01.oss.sonatype.org/content/repositories/snapshots/io/get-coursier/util/directories-jni/0.1.2/directories-jni-0.1.2.pom
2025.11.14 15:24:43 INFO  BSP server: Downloaded https://oss.sonatype.org/content/repositories/snapshots/io/github/alexarchambault/bleep/nailgun-server/1.0.7/nailgun-server-1.0.7.pom.sha1
2025.11.14 15:24:43 INFO  BSP server: Downloading https://s01.oss.sonatype.org/content/repositories/snapshots/ch/qos/logback/logback-core/1.5.18/logback-core-1.5.18.pom
2025.11.14 15:24:43 INFO  BSP server: Downloaded https://oss.sonatype.org/content/repositories/snapshots/com/lihaoyi/unroll-annotation_2.12/0.1.12/unroll-annotation_2.12-0.1.12.pom.sha1
2025.11.14 15:24:43 INFO  BSP server: Downloading https://s01.oss.sonatype.org/content/repositories/snapshots/io/monix/monix-execution_2.12/3.2.0/monix-execution_2.12-3.2.0.pom
2025.11.14 15:24:43 INFO  BSP server: Downloaded https://oss.sonatype.org/content/repositories/snapshots/org/scala-lang/modules/scala-collection-compat_2.12/2.13.0/scala-collection-compat_2.12-2.13.0.pom.sha1
2025.11.14 15:24:43 INFO  BSP server: Downloading https://s01.oss.sonatype.org/content/repositories/snapshots/io/monix/monix-tail_2.12/3.2.0/monix-tail_2.12-3.2.0.pom
2025.11.14 15:24:43 INFO  BSP server: Downloaded https://oss.sonatype.org/content/repositories/snapshots/ch/epfl/scala/directory-watcher/0.8.0+6-f651bd93/directory-watcher-0.8.0+6-f651bd93.pom.sha1
2025.11.14 15:24:43 INFO  BSP server: Downloading https://s01.oss.sonatype.org/content/repositories/snapshots/com/github/alexarchambault/case-app-annotations_2.12/2.0.6/case-app-annotations_2.12-2.0.6.pom
2025.11.14 15:24:43 INFO  BSP server: Downloaded https://s01.oss.sonatype.org/content/repositories/snapshots/io/github/alexarchambault/bleep/jsonrpc4s_2.12/0.1.1/jsonrpc4s_2.12-0.1.1.pom
2025.11.14 15:24:43 INFO  BSP server: Downloading https://s01.oss.sonatype.org/content/repositories/snapshots/io/zipkin/brave/brave/5.18.1/brave-5.18.1.pom
2025.11.14 15:24:43 INFO  BSP server: Downloaded https://s01.oss.sonatype.org/content/repositories/snapshots/io/get-coursier/util/directories-jni/0.1.2/directories-jni-0.1.2.pom
2025.11.14 15:24:43 INFO  BSP server: Downloading https://s01.oss.sonatype.org/content/repositories/snapshots/com/github/alexarchambault/case-app-util_2.12/2.0.6/case-app-util_2.12-2.0.6.pom
2025.11.14 15:24:43 INFO  BSP server: Downloaded https://s01.oss.sonatype.org/content/repositories/snapshots/io/monix/monix-execution_2.12/3.2.0/monix-execution_2.12-3.2.0.pom
2025.11.14 15:24:43 INFO  BSP server: Downloading https://s01.oss.sonatype.org/content/repositories/snapshots/net/jpountz/lz4/lz4/1.3.0/lz4-1.3.0.pom
2025.11.14 15:24:43 INFO  BSP server: Downloaded https://s01.oss.sonatype.org/content/repositories/snapshots/ch/qos/logback/logback-core/1.5.18/logback-core-1.5.18.pom
2025.11.14 15:24:43 INFO  BSP server: Downloading https://s01.oss.sonatype.org/content/repositories/snapshots/org/scala-sbt/librarymanagement-ivy_2.12/1.11.2/librarymanagement-ivy_2.12-1.11.2.pom
2025.11.14 15:24:44 INFO  BSP server: Downloaded https://s01.oss.sonatype.org/content/repositories/snapshots/io/monix/monix-tail_2.12/3.2.0/monix-tail_2.12-3.2.0.pom
2025.11.14 15:24:44 INFO  BSP server: Downloading https://s01.oss.sonatype.org/content/repositories/snapshots/com/lihaoyi/pprint_2.12/0.9.0/pprint_2.12-0.9.0.pom
2025.11.14 15:24:44 INFO  BSP server: Downloaded https://s01.oss.sonatype.org/content/repositories/snapshots/com/github/alexarchambault/case-app-annotations_2.12/2.0.6/case-app-annotations_2.12-2.0.6.pom
2025.11.14 15:24:44 INFO  BSP server: Downloading https://s01.oss.sonatype.org/content/repositories/snapshots/io/monix/monix-java_2.12/3.2.0/monix-java_2.12-3.2.0.pom
2025.11.14 15:24:44 INFO  BSP server: Downloaded https://s01.oss.sonatype.org/content/repositories/snapshots/io/zipkin/brave/brave/5.18.1/brave-5.18.1.pom
2025.11.14 15:24:44 INFO  BSP server: Downloading https://s01.oss.sonatype.org/content/repositories/snapshots/org/scalameta/parsers_2.12/4.13.8/parsers_2.12-4.13.8.pom
2025.11.14 15:24:44 INFO  BSP server: Downloaded https://s01.oss.sonatype.org/content/repositories/snapshots/com/github/alexarchambault/case-app-util_2.12/2.0.6/case-app-util_2.12-2.0.6.pom
2025.11.14 15:24:44 INFO  BSP server: Downloading https://s01.oss.sonatype.org/content/repositories/snapshots/org/scala-lang/scala-reflect/2.12.20/scala-reflect-2.12.20.pom
2025.11.14 15:24:44 INFO  BSP server: Downloaded https://s01.oss.sonatype.org/content/repositories/snapshots/net/jpountz/lz4/lz4/1.3.0/lz4-1.3.0.pom
2025.11.14 15:24:44 INFO  BSP server: Downloading https://s01.oss.sonatype.org/content/repositories/snapshots/com/lihaoyi/sourcecode_2.12/0.4.2/sourcecode_2.12-0.4.2.pom
2025.11.14 15:24:44 INFO  BSP server: Downloaded https://s01.oss.sonatype.org/content/repositories/snapshots/org/scala-sbt/librarymanagement-ivy_2.12/1.11.2/librarymanagement-ivy_2.12-1.11.2.pom
2025.11.14 15:24:44 INFO  BSP server: Downloading https://s01.oss.sonatype.org/content/repositories/snapshots/io/monix/monix-catnap_2.12/3.2.0/monix-catnap_2.12-3.2.0.pom
2025.11.14 15:24:44 INFO  BSP server: Downloaded https://s01.oss.sonatype.org/content/repositories/snapshots/com/lihaoyi/pprint_2.12/0.9.0/pprint_2.12-0.9.0.pom
2025.11.14 15:24:44 INFO  BSP server: Downloading https://s01.oss.sonatype.org/content/repositories/snapshots/org/zeroturnaround/zt-zip/1.17/zt-zip-1.17.pom
2025.11.14 15:24:44 INFO  BSP server: Downloaded https://s01.oss.sonatype.org/content/repositories/snapshots/io/monix/monix-java_2.12/3.2.0/monix-java_2.12-3.2.0.pom
2025.11.14 15:24:44 INFO  BSP server: Downloading https://s01.oss.sonatype.org/content/repositories/snapshots/com/github/plokhotnyuk/jsoniter-scala/jsoniter-scala-core_2.12/2.13.5.2/jsoniter-scala-core_2.12-2.13.5.2.pom
2025.11.14 15:24:44 INFO  BSP server: Downloaded https://s01.oss.sonatype.org/content/repositories/snapshots/org/scalameta/parsers_2.12/4.13.8/parsers_2.12-4.13.8.pom
2025.11.14 15:24:44 INFO  BSP server: Downloading https://s01.oss.sonatype.org/content/repositories/snapshots/io/github/alexarchambault/bleep/jsonrpc4s_2.12/0.1.1/jsonrpc4s_2.12-0.1.1.pom.sha1
2025.11.14 15:24:44 INFO  BSP server: Downloaded https://s01.oss.sonatype.org/content/repositories/snapshots/org/scala-lang/scala-reflect/2.12.20/scala-reflect-2.12.20.pom
2025.11.14 15:24:44 INFO  BSP server: Downloading https://s01.oss.sonatype.org/content/repositories/snapshots/io/get-coursier/util/directories-jni/0.1.2/directories-jni-0.1.2.pom.sha1
2025.11.14 15:24:44 INFO  BSP server: Downloaded https://s01.oss.sonatype.org/content/repositories/snapshots/io/monix/monix-catnap_2.12/3.2.0/monix-catnap_2.12-3.2.0.pom
2025.11.14 15:24:44 INFO  BSP server: Downloading https://s01.oss.sonatype.org/content/repositories/snapshots/org/apache/logging/log4j/log4j-core/2.23.0/log4j-core-2.23.0.pom
2025.11.14 15:24:44 INFO  BSP server: Downloaded https://s01.oss.sonatype.org/content/repositories/snapshots/com/lihaoyi/sourcecode_2.12/0.4.2/sourcecode_2.12-0.4.2.pom
2025.11.14 15:24:44 INFO  BSP server: Downloading https://s01.oss.sonatype.org/content/repositories/snapshots/io/zipkin/reporter2/zipkin-sender-urlconnection/2.17.2/zipkin-sender-urlconnection-2.17.2.pom
2025.11.14 15:24:44 INFO  BSP server: Downloaded https://s01.oss.sonatype.org/content/repositories/snapshots/org/zeroturnaround/zt-zip/1.17/zt-zip-1.17.pom
2025.11.14 15:24:44 INFO  BSP server: Downloading https://s01.oss.sonatype.org/content/repositories/snapshots/io/monix/monix-eval_2.12/3.2.0/monix-eval_2.12-3.2.0.pom
2025.11.14 15:24:44 INFO  BSP server: Downloaded https://s01.oss.sonatype.org/content/repositories/snapshots/com/github/plokhotnyuk/jsoniter-scala/jsoniter-scala-core_2.12/2.13.5.2/jsoniter-scala-core_2.12-2.13.5.2.pom
2025.11.14 15:24:44 INFO  BSP server: Downloading https://s01.oss.sonatype.org/content/repositories/snapshots/io/monix/monix-execution_2.12/3.2.0/monix-execution_2.12-3.2.0.pom.sha1
2025.11.14 15:24:44 INFO  BSP server: Downloaded https://s01.oss.sonatype.org/content/repositories/snapshots/io/github/alexarchambault/bleep/jsonrpc4s_2.12/0.1.1/jsonrpc4s_2.12-0.1.1.pom.sha1
2025.11.14 15:24:44 INFO  BSP server: Downloading https://s01.oss.sonatype.org/content/repositories/snapshots/org/scala-sbt/zinc_2.12/1.10.8/zinc_2.12-1.10.8.pom
2025.11.14 15:24:44 INFO  BSP server: Downloaded https://s01.oss.sonatype.org/content/repositories/snapshots/io/get-coursier/util/directories-jni/0.1.2/directories-jni-0.1.2.pom.sha1
2025.11.14 15:24:44 INFO  BSP server: Downloading https://s01.oss.sonatype.org/content/repositories/snapshots/io/monix/monix-reactive_2.12/3.2.0/monix-reactive_2.12-3.2.0.pom
2025.11.14 15:24:44 INFO  BSP server: Downloaded https://s01.oss.sonatype.org/content/repositories/snapshots/org/apache/logging/log4j/log4j-core/2.23.0/log4j-core-2.23.0.pom
2025.11.14 15:24:44 INFO  BSP server: Downloading https://s01.oss.sonatype.org/content/repositories/snapshots/ch/qos/logback/logback-core/1.5.18/logback-core-1.5.18.pom.sha1
2025.11.14 15:24:44 INFO  BSP server: Downloaded https://s01.oss.sonatype.org/content/repositories/snapshots/io/zipkin/reporter2/zipkin-sender-urlconnection/2.17.2/zipkin-sender-urlconnection-2.17.2.pom
2025.11.14 15:24:44 INFO  BSP server: Downloading https://s01.oss.sonatype.org/content/repositories/snapshots/io/monix/monix-tail_2.12/3.2.0/monix-tail_2.12-3.2.0.pom.sha1
2025.11.14 15:24:44 INFO  BSP server: Downloaded https://s01.oss.sonatype.org/content/repositories/snapshots/io/monix/monix-execution_2.12/3.2.0/monix-execution_2.12-3.2.0.pom.sha1
2025.11.14 15:24:44 INFO  BSP server: Downloading https://s01.oss.sonatype.org/content/repositories/snapshots/com/github/alexarchambault/case-app-annotations_2.12/2.0.6/case-app-annotations_2.12-2.0.6.pom.sha1
2025.11.14 15:24:44 INFO  BSP server: Downloaded https://s01.oss.sonatype.org/content/repositories/snapshots/org/scala-sbt/zinc_2.12/1.10.8/zinc_2.12-1.10.8.pom
2025.11.14 15:24:44 INFO  BSP server: Downloading https://s01.oss.sonatype.org/content/repositories/snapshots/io/zipkin/brave/brave/5.18.1/brave-5.18.1.pom.sha1
2025.11.14 15:24:44 INFO  BSP server: Downloaded https://s01.oss.sonatype.org/content/repositories/snapshots/io/monix/monix-reactive_2.12/3.2.0/monix-reactive_2.12-3.2.0.pom
2025.11.14 15:24:44 INFO  BSP server: Downloading https://s01.oss.sonatype.org/content/repositories/snapshots/com/github/alexarchambault/case-app-util_2.12/2.0.6/case-app-util_2.12-2.0.6.pom.sha1
2025.11.14 15:24:45 INFO  BSP server: Downloaded https://s01.oss.sonatype.org/content/repositories/snapshots/ch/qos/logback/logback-core/1.5.18/logback-core-1.5.18.pom.sha1
2025.11.14 15:24:45 INFO  BSP server: Downloading https://s01.oss.sonatype.org/content/repositories/snapshots/com/github/plokhotnyuk/jsoniter-scala/jsoniter-scala-macros_2.12/2.13.3.2/jsoniter-scala-macros_2.12-2.13.3.2.pom
2025.11.14 15:24:45 INFO  BSP server: Downloaded https://s01.oss.sonatype.org/content/repositories/snapshots/io/monix/monix-tail_2.12/3.2.0/monix-tail_2.12-3.2.0.pom.sha1
2025.11.14 15:24:45 INFO  BSP server: Downloading https://s01.oss.sonatype.org/content/repositories/snapshots/net/jpountz/lz4/lz4/1.3.0/lz4-1.3.0.pom.sha1
2025.11.14 15:24:45 INFO  BSP server: Downloaded https://s01.oss.sonatype.org/content/repositories/snapshots/com/github/alexarchambault/case-app-annotations_2.12/2.0.6/case-app-annotations_2.12-2.0.6.pom.sha1
2025.11.14 15:24:45 INFO  BSP server: Downloading https://s01.oss.sonatype.org/content/repositories/snapshots/org/scala-sbt/librarymanagement-ivy_2.12/1.11.2/librarymanagement-ivy_2.12-1.11.2.pom.sha1
2025.11.14 15:24:45 INFO  BSP server: Downloaded https://s01.oss.sonatype.org/content/repositories/snapshots/io/zipkin/brave/brave/5.18.1/brave-5.18.1.pom.sha1
2025.11.14 15:24:45 INFO  BSP server: Downloading https://s01.oss.sonatype.org/content/repositories/snapshots/com/lihaoyi/pprint_2.12/0.9.0/pprint_2.12-0.9.0.pom.sha1
2025.11.14 15:24:45 INFO  BSP server: Downloaded https://s01.oss.sonatype.org/content/repositories/snapshots/com/github/alexarchambault/case-app-util_2.12/2.0.6/case-app-util_2.12-2.0.6.pom.sha1
2025.11.14 15:24:45 INFO  BSP server: Downloading https://s01.oss.sonatype.org/content/repositories/snapshots/ch/epfl/scala/bsp4s_2.12/2.1.1/bsp4s_2.12-2.1.1.pom
2025.11.14 15:24:45 INFO  BSP server: Downloaded https://s01.oss.sonatype.org/content/repositories/snapshots/com/github/plokhotnyuk/jsoniter-scala/jsoniter-scala-macros_2.12/2.13.3.2/jsoniter-scala-macros_2.12-2.13.3.2.pom
2025.11.14 15:24:45 INFO  BSP server: Downloading https://s01.oss.sonatype.org/content/repositories/snapshots/io/monix/monix-java_2.12/3.2.0/monix-java_2.12-3.2.0.pom.sha1
2025.11.14 15:24:45 INFO  BSP server: Downloaded https://s01.oss.sonatype.org/content/repositories/snapshots/net/jpountz/lz4/lz4/1.3.0/lz4-1.3.0.pom.sha1
2025.11.14 15:24:45 INFO  BSP server: Downloading https://s01.oss.sonatype.org/content/repositories/snapshots/org/scalameta/parsers_2.12/4.13.8/parsers_2.12-4.13.8.pom.sha1
2025.11.14 15:24:45 INFO  BSP server: Downloaded https://s01.oss.sonatype.org/content/repositories/snapshots/org/scala-sbt/librarymanagement-ivy_2.12/1.11.2/librarymanagement-ivy_2.12-1.11.2.pom.sha1
2025.11.14 15:24:45 INFO  BSP server: Downloading https://s01.oss.sonatype.org/content/repositories/snapshots/org/scala-lang/scala-reflect/2.12.20/scala-reflect-2.12.20.pom.sha1
2025.11.14 15:24:45 INFO  BSP server: Downloaded https://s01.oss.sonatype.org/content/repositories/snapshots/io/monix/monix-eval_2.12/3.2.0/monix-eval_2.12-3.2.0.pom
2025.11.14 15:24:45 INFO  BSP server: Downloading https://s01.oss.sonatype.org/content/repositories/snapshots/io/monix/monix-catnap_2.12/3.2.0/monix-catnap_2.12-3.2.0.pom.sha1
2025.11.14 15:24:45 INFO  BSP server: Downloaded https://s01.oss.sonatype.org/content/repositories/snapshots/com/lihaoyi/pprint_2.12/0.9.0/pprint_2.12-0.9.0.pom.sha1
2025.11.14 15:24:45 INFO  BSP server: Downloading https://s01.oss.sonatype.org/content/repositories/snapshots/io/github/alexarchambault/bleep/nailgun-server/1.0.7/nailgun-server-1.0.7.pom
2025.11.14 15:24:45 INFO  BSP server: Downloaded https://s01.oss.sonatype.org/content/repositories/snapshots/ch/epfl/scala/bsp4s_2.12/2.1.1/bsp4s_2.12-2.1.1.pom
2025.11.14 15:24:45 INFO  BSP server: Downloading https://s01.oss.sonatype.org/content/repositories/snapshots/com/lihaoyi/unroll-annotation_2.12/0.1.12/unroll-annotation_2.12-0.1.12.pom
2025.11.14 15:24:45 INFO  BSP server: Downloaded https://s01.oss.sonatype.org/content/repositories/snapshots/io/monix/monix-java_2.12/3.2.0/monix-java_2.12-3.2.0.pom.sha1
2025.11.14 15:24:45 INFO  BSP server: Downloading https://s01.oss.sonatype.org/content/repositories/snapshots/org/scala-lang/modules/scala-collection-compat_2.12/2.13.0/scala-collection-compat_2.12-2.13.0.pom
2025.11.14 15:24:45 INFO  BSP server: Downloaded https://s01.oss.sonatype.org/content/repositories/snapshots/org/scalameta/parsers_2.12/4.13.8/parsers_2.12-4.13.8.pom.sha1
2025.11.14 15:24:45 INFO  BSP server: Downloading https://s01.oss.sonatype.org/content/repositories/snapshots/ch/epfl/scala/directory-watcher/0.8.0+6-f651bd93/directory-watcher-0.8.0+6-f651bd93.pom
2025.11.14 15:24:45 INFO  BSP server: Downloaded https://s01.oss.sonatype.org/content/repositories/snapshots/org/scala-lang/scala-reflect/2.12.20/scala-reflect-2.12.20.pom.sha1
2025.11.14 15:24:45 INFO  BSP server: Downloading https://s01.oss.sonatype.org/content/repositories/snapshots/com/lihaoyi/sourcecode_2.12/0.4.2/sourcecode_2.12-0.4.2.pom.sha1
2025.11.14 15:24:45 INFO  BSP server: Downloaded https://s01.oss.sonatype.org/content/repositories/snapshots/io/monix/monix-catnap_2.12/3.2.0/monix-catnap_2.12-3.2.0.pom.sha1
2025.11.14 15:24:45 INFO  BSP server: Downloading https://s01.oss.sonatype.org/content/repositories/snapshots/org/zeroturnaround/zt-zip/1.17/zt-zip-1.17.pom.sha1
2025.11.14 15:24:45 INFO  BSP server: Downloaded https://s01.oss.sonatype.org/content/repositories/snapshots/io/github/alexarchambault/bleep/nailgun-server/1.0.7/nailgun-server-1.0.7.pom
2025.11.14 15:24:45 INFO  BSP server: Downloading https://s01.oss.sonatype.org/content/repositories/snapshots/com/github/plokhotnyuk/jsoniter-scala/jsoniter-scala-core_2.12/2.13.5.2/jsoniter-scala-core_2.12-2.13.5.2.pom.sha1
2025.11.14 15:24:45 INFO  BSP server: Downloaded https://s01.oss.sonatype.org/content/repositories/snapshots/com/lihaoyi/unroll-annotation_2.12/0.1.12/unroll-annotation_2.12-0.1.12.pom
2025.11.14 15:24:45 INFO  BSP server: Downloading https://s01.oss.sonatype.org/content/repositories/snapshots/org/apache/logging/log4j/log4j-core/2.23.0/log4j-core-2.23.0.pom.sha1
2025.11.14 15:24:45 INFO  BSP server: Downloaded https://s01.oss.sonatype.org/content/repositories/snapshots/ch/epfl/scala/directory-watcher/0.8.0+6-f651bd93/directory-watcher-0.8.0+6-f651bd93.pom
2025.11.14 15:24:45 INFO  BSP server: Downloading https://s01.oss.sonatype.org/content/repositories/snapshots/io/zipkin/reporter2/zipkin-sender-urlconnection/2.17.2/zipkin-sender-urlconnection-2.17.2.pom.sha1
2025.11.14 15:24:45 INFO  BSP server: Downloaded https://s01.oss.sonatype.org/content/repositories/snapshots/org/scala-lang/modules/scala-collection-compat_2.12/2.13.0/scala-collection-compat_2.12-2.13.0.pom
2025.11.14 15:24:45 INFO  BSP server: Downloading https://s01.oss.sonatype.org/content/repositories/snapshots/org/scala-sbt/zinc_2.12/1.10.8/zinc_2.12-1.10.8.pom.sha1
2025.11.14 15:24:45 INFO  BSP server: Downloaded https://s01.oss.sonatype.org/content/repositories/snapshots/com/lihaoyi/sourcecode_2.12/0.4.2/sourcecode_2.12-0.4.2.pom.sha1
2025.11.14 15:24:45 INFO  BSP server: Downloading https://s01.oss.sonatype.org/content/repositories/snapshots/io/monix/monix-reactive_2.12/3.2.0/monix-reactive_2.12-3.2.0.pom.sha1
2025.11.14 15:24:45 INFO  BSP server: Downloaded https://s01.oss.sonatype.org/content/repositories/snapshots/org/zeroturnaround/zt-zip/1.17/zt-zip-1.17.pom.sha1
2025.11.14 15:24:45 INFO  BSP server: Downloading https://s01.oss.sonatype.org/content/repositories/snapshots/com/github/plokhotnyuk/jsoniter-scala/jsoniter-scala-macros_2.12/2.13.3.2/jsoniter-scala-macros_2.12-2.13.3.2.pom.sha1
2025.11.14 15:24:45 INFO  BSP server: Downloaded https://s01.oss.sonatype.org/content/repositories/snapshots/com/github/plokhotnyuk/jsoniter-scala/jsoniter-scala-core_2.12/2.13.5.2/jsoniter-scala-core_2.12-2.13.5.2.pom.sha1
2025.11.14 15:24:45 INFO  BSP server: Downloading https://s01.oss.sonatype.org/content/repositories/snapshots/io/monix/monix-eval_2.12/3.2.0/monix-eval_2.12-3.2.0.pom.sha1
2025.11.14 15:24:46 INFO  BSP server: Downloaded https://s01.oss.sonatype.org/content/repositories/snapshots/org/apache/logging/log4j/log4j-core/2.23.0/log4j-core-2.23.0.pom.sha1
2025.11.14 15:24:46 INFO  BSP server: Downloading https://s01.oss.sonatype.org/content/repositories/snapshots/ch/epfl/scala/bsp4s_2.12/2.1.1/bsp4s_2.12-2.1.1.pom.sha1
2025.11.14 15:24:46 INFO  BSP server: Downloaded https://s01.oss.sonatype.org/content/repositories/snapshots/io/zipkin/reporter2/zipkin-sender-urlconnection/2.17.2/zipkin-sender-urlconnection-2.17.2.pom.sha1
2025.11.14 15:24:46 INFO  BSP server: Downloading https://s01.oss.sonatype.org/content/repositories/snapshots/io/github/alexarchambault/bleep/nailgun-server/1.0.7/nailgun-server-1.0.7.pom.sha1
2025.11.14 15:24:46 INFO  BSP server: Downloaded https://s01.oss.sonatype.org/content/repositories/snapshots/org/scala-sbt/zinc_2.12/1.10.8/zinc_2.12-1.10.8.pom.sha1
2025.11.14 15:24:46 INFO  BSP server: Downloading https://s01.oss.sonatype.org/content/repositories/snapshots/com/lihaoyi/unroll-annotation_2.12/0.1.12/unroll-annotation_2.12-0.1.12.pom.sha1
2025.11.14 15:24:46 INFO  BSP server: Downloaded https://s01.oss.sonatype.org/content/repositories/snapshots/com/github/plokhotnyuk/jsoniter-scala/jsoniter-scala-macros_2.12/2.13.3.2/jsoniter-scala-macros_2.12-2.13.3.2.pom.sha1
2025.11.14 15:24:46 INFO  BSP server: Downloading https://s01.oss.sonatype.org/content/repositories/snapshots/ch/epfl/scala/directory-watcher/0.8.0+6-f651bd93/directory-watcher-0.8.0+6-f651bd93.pom.sha1
2025.11.14 15:24:46 INFO  BSP server: Downloaded https://s01.oss.sonatype.org/content/repositories/snapshots/io/monix/monix-eval_2.12/3.2.0/monix-eval_2.12-3.2.0.pom.sha1
2025.11.14 15:24:46 INFO  BSP server: Downloading https://s01.oss.sonatype.org/content/repositories/snapshots/org/scala-lang/modules/scala-collection-compat_2.12/2.13.0/scala-collection-compat_2.12-2.13.0.pom.sha1
2025.11.14 15:24:46 INFO  BSP server: Downloaded https://s01.oss.sonatype.org/content/repositories/snapshots/ch/epfl/scala/bsp4s_2.12/2.1.1/bsp4s_2.12-2.1.1.pom.sha1
2025.11.14 15:24:46 INFO  BSP server: Downloading https://central.sonatype.com/repository/maven-snapshots/io/github/alexarchambault/bleep/jsonrpc4s_2.12/0.1.1/jsonrpc4s_2.12-0.1.1.pom
2025.11.14 15:24:46 INFO  BSP server: Downloaded https://s01.oss.sonatype.org/content/repositories/snapshots/io/github/alexarchambault/bleep/nailgun-server/1.0.7/nailgun-server-1.0.7.pom.sha1
2025.11.14 15:24:46 INFO  BSP server: Downloading https://central.sonatype.com/repository/maven-snapshots/io/get-coursier/util/directories-jni/0.1.2/directories-jni-0.1.2.pom
2025.11.14 15:24:46 INFO  BSP server: Downloaded https://s01.oss.sonatype.org/content/repositories/snapshots/com/lihaoyi/unroll-annotation_2.12/0.1.12/unroll-annotation_2.12-0.1.12.pom.sha1
2025.11.14 15:24:46 INFO  BSP server: Downloading https://central.sonatype.com/repository/maven-snapshots/io/monix/monix-execution_2.12/3.2.0/monix-execution_2.12-3.2.0.pom
2025.11.14 15:24:46 INFO  BSP server: Downloaded https://s01.oss.sonatype.org/content/repositories/snapshots/ch/epfl/scala/directory-watcher/0.8.0+6-f651bd93/directory-watcher-0.8.0+6-f651bd93.pom.sha1
2025.11.14 15:24:46 INFO  BSP server: Downloading https://central.sonatype.com/repository/maven-snapshots/ch/qos/logback/logback-core/1.5.18/logback-core-1.5.18.pom
2025.11.14 15:24:46 INFO  BSP server: Downloaded https://s01.oss.sonatype.org/content/repositories/snapshots/org/scala-lang/modules/scala-collection-compat_2.12/2.13.0/scala-collection-compat_2.12-2.13.0.pom.sha1
2025.11.14 15:24:46 INFO  BSP server: Downloading https://central.sonatype.com/repository/maven-snapshots/io/monix/monix-tail_2.12/3.2.0/monix-tail_2.12-3.2.0.pom
2025.11.14 15:24:46 INFO  BSP server: Downloaded https://s01.oss.sonatype.org/content/repositories/snapshots/io/monix/monix-reactive_2.12/3.2.0/monix-reactive_2.12-3.2.0.pom.sha1
2025.11.14 15:24:46 INFO  BSP server: Downloading https://central.sonatype.com/repository/maven-snapshots/com/github/alexarchambault/case-app-annotations_2.12/2.0.6/case-app-annotations_2.12-2.0.6.pom
2025.11.14 15:24:46 INFO  BSP server: Downloaded https://central.sonatype.com/repository/maven-snapshots/io/github/alexarchambault/bleep/jsonrpc4s_2.12/0.1.1/jsonrpc4s_2.12-0.1.1.pom
2025.11.14 15:24:46 INFO  BSP server: Downloading https://central.sonatype.com/repository/maven-snapshots/io/zipkin/brave/brave/5.18.1/brave-5.18.1.pom
2025.11.14 15:24:46 INFO  BSP server: Downloaded https://central.sonatype.com/repository/maven-snapshots/io/get-coursier/util/directories-jni/0.1.2/directories-jni-0.1.2.pom
2025.11.14 15:24:46 INFO  BSP server: Downloading https://central.sonatype.com/repository/maven-snapshots/com/github/alexarchambault/case-app-util_2.12/2.0.6/case-app-util_2.12-2.0.6.pom
2025.11.14 15:24:46 INFO  BSP server: Downloaded https://central.sonatype.com/repository/maven-snapshots/io/monix/monix-execution_2.12/3.2.0/monix-execution_2.12-3.2.0.pom
2025.11.14 15:24:46 INFO  BSP server: Downloading https://central.sonatype.com/repository/maven-snapshots/net/jpountz/lz4/lz4/1.3.0/lz4-1.3.0.pom
2025.11.14 15:24:46 INFO  BSP server: Downloaded https://central.sonatype.com/repository/maven-snapshots/ch/qos/logback/logback-core/1.5.18/logback-core-1.5.18.pom
2025.11.14 15:24:46 INFO  BSP server: Downloading https://central.sonatype.com/repository/maven-snapshots/org/scala-sbt/librarymanagement-ivy_2.12/1.11.2/librarymanagement-ivy_2.12-1.11.2.pom
2025.11.14 15:24:46 INFO  BSP server: Downloaded https://central.sonatype.com/repository/maven-snapshots/io/monix/monix-tail_2.12/3.2.0/monix-tail_2.12-3.2.0.pom
2025.11.14 15:24:46 INFO  BSP server: Downloading https://central.sonatype.com/repository/maven-snapshots/com/lihaoyi/pprint_2.12/0.9.0/pprint_2.12-0.9.0.pom
2025.11.14 15:24:47 INFO  BSP server: Downloaded https://central.sonatype.com/repository/maven-snapshots/com/github/alexarchambault/case-app-annotations_2.12/2.0.6/case-app-annotations_2.12-2.0.6.pom
2025.11.14 15:24:47 INFO  BSP server: Downloading https://central.sonatype.com/repository/maven-snapshots/io/monix/monix-java_2.12/3.2.0/monix-java_2.12-3.2.0.pom
2025.11.14 15:24:47 INFO  BSP server: Downloaded https://central.sonatype.com/repository/maven-snapshots/io/zipkin/brave/brave/5.18.1/brave-5.18.1.pom
2025.11.14 15:24:47 INFO  BSP server: Downloading https://central.sonatype.com/repository/maven-snapshots/org/scalameta/parsers_2.12/4.13.8/parsers_2.12-4.13.8.pom
2025.11.14 15:24:47 INFO  BSP server: Downloaded https://central.sonatype.com/repository/maven-snapshots/com/github/alexarchambault/case-app-util_2.12/2.0.6/case-app-util_2.12-2.0.6.pom
2025.11.14 15:24:47 INFO  BSP server: Downloading https://central.sonatype.com/repository/maven-snapshots/org/scala-lang/scala-reflect/2.12.20/scala-reflect-2.12.20.pom
2025.11.14 15:24:47 INFO  BSP server: Downloaded https://central.sonatype.com/repository/maven-snapshots/net/jpountz/lz4/lz4/1.3.0/lz4-1.3.0.pom
2025.11.14 15:24:47 INFO  BSP server: Downloading https://central.sonatype.com/repository/maven-snapshots/io/monix/monix-catnap_2.12/3.2.0/monix-catnap_2.12-3.2.0.pom
2025.11.14 15:24:47 INFO  BSP server: Downloaded https://central.sonatype.com/repository/maven-snapshots/org/scala-sbt/librarymanagement-ivy_2.12/1.11.2/librarymanagement-ivy_2.12-1.11.2.pom
2025.11.14 15:24:47 INFO  BSP server: Downloading https://central.sonatype.com/repository/maven-snapshots/com/lihaoyi/sourcecode_2.12/0.4.2/sourcecode_2.12-0.4.2.pom
2025.11.14 15:24:47 INFO  BSP server: Downloaded https://central.sonatype.com/repository/maven-snapshots/com/lihaoyi/pprint_2.12/0.9.0/pprint_2.12-0.9.0.pom
2025.11.14 15:24:47 INFO  BSP server: Downloading https://central.sonatype.com/repository/maven-snapshots/org/zeroturnaround/zt-zip/1.17/zt-zip-1.17.pom
2025.11.14 15:24:47 INFO  BSP server: Downloaded https://central.sonatype.com/repository/maven-snapshots/io/monix/monix-java_2.12/3.2.0/monix-java_2.12-3.2.0.pom
2025.11.14 15:24:47 INFO  BSP server: Downloading https://central.sonatype.com/repository/maven-snapshots/io/github/alexarchambault/bleep/jsonrpc4s_2.12/0.1.1/jsonrpc4s_2.12-0.1.1.pom.sha1
2025.11.14 15:24:47 INFO  BSP server: Downloaded https://central.sonatype.com/repository/maven-snapshots/org/scalameta/parsers_2.12/4.13.8/parsers_2.12-4.13.8.pom
2025.11.14 15:24:47 INFO  BSP server: Downloading https://central.sonatype.com/repository/maven-snapshots/io/get-coursier/util/directories-jni/0.1.2/directories-jni-0.1.2.pom.sha1
2025.11.14 15:24:47 INFO  BSP server: Downloaded https://central.sonatype.com/repository/maven-snapshots/org/scala-lang/scala-reflect/2.12.20/scala-reflect-2.12.20.pom
2025.11.14 15:24:47 INFO  BSP server: Downloading https://central.sonatype.com/repository/maven-snapshots/io/monix/monix-execution_2.12/3.2.0/monix-execution_2.12-3.2.0.pom.sha1
2025.11.14 15:24:47 INFO  BSP server: Downloaded https://central.sonatype.com/repository/maven-snapshots/io/monix/monix-catnap_2.12/3.2.0/monix-catnap_2.12-3.2.0.pom
2025.11.14 15:24:47 INFO  BSP server: Downloading https://central.sonatype.com/repository/maven-snapshots/com/github/plokhotnyuk/jsoniter-scala/jsoniter-scala-core_2.12/2.13.5.2/jsoniter-scala-core_2.12-2.13.5.2.pom
2025.11.14 15:24:47 INFO  BSP server: Downloaded https://central.sonatype.com/repository/maven-snapshots/com/lihaoyi/sourcecode_2.12/0.4.2/sourcecode_2.12-0.4.2.pom
2025.11.14 15:24:47 INFO  BSP server: Downloading https://central.sonatype.com/repository/maven-snapshots/ch/qos/logback/logback-core/1.5.18/logback-core-1.5.18.pom.sha1
2025.11.14 15:24:47 INFO  BSP server: Downloaded https://central.sonatype.com/repository/maven-snapshots/io/github/alexarchambault/bleep/jsonrpc4s_2.12/0.1.1/jsonrpc4s_2.12-0.1.1.pom.sha1
2025.11.14 15:24:47 INFO  BSP server: Downloading https://central.sonatype.com/repository/maven-snapshots/io/monix/monix-tail_2.12/3.2.0/monix-tail_2.12-3.2.0.pom.sha1
2025.11.14 15:24:48 INFO  BSP server: Downloaded https://central.sonatype.com/repository/maven-snapshots/io/get-coursier/util/directories-jni/0.1.2/directories-jni-0.1.2.pom.sha1
2025.11.14 15:24:48 INFO  BSP server: Downloading https://central.sonatype.com/repository/maven-snapshots/org/apache/logging/log4j/log4j-core/2.23.0/log4j-core-2.23.0.pom
2025.11.14 15:24:48 INFO  BSP server: Downloaded https://central.sonatype.com/repository/maven-snapshots/io/monix/monix-execution_2.12/3.2.0/monix-execution_2.12-3.2.0.pom.sha1
2025.11.14 15:24:48 INFO  BSP server: Downloading https://central.sonatype.com/repository/maven-snapshots/com/github/alexarchambault/case-app-annotations_2.12/2.0.6/case-app-annotations_2.12-2.0.6.pom.sha1
2025.11.14 15:24:48 INFO  BSP server: Downloaded https://central.sonatype.com/repository/maven-snapshots/com/github/plokhotnyuk/jsoniter-scala/jsoniter-scala-core_2.12/2.13.5.2/jsoniter-scala-core_2.12-2.13.5.2.pom
2025.11.14 15:24:48 INFO  BSP server: Downloading https://central.sonatype.com/repository/maven-snapshots/io/zipkin/reporter2/zipkin-sender-urlconnection/2.17.2/zipkin-sender-urlconnection-2.17.2.pom
2025.11.14 15:24:48 INFO  BSP server: Downloaded https://central.sonatype.com/repository/maven-snapshots/ch/qos/logback/logback-core/1.5.18/logback-core-1.5.18.pom.sha1
2025.11.14 15:24:48 INFO  BSP server: Downloading https://central.sonatype.com/repository/maven-snapshots/io/zipkin/brave/brave/5.18.1/brave-5.18.1.pom.sha1
2025.11.14 15:24:48 INFO  BSP server: Downloaded https://central.sonatype.com/repository/maven-snapshots/io/monix/monix-tail_2.12/3.2.0/monix-tail_2.12-3.2.0.pom.sha1
2025.11.14 15:24:48 INFO  BSP server: Downloading https://central.sonatype.com/repository/maven-snapshots/com/github/alexarchambault/case-app-util_2.12/2.0.6/case-app-util_2.12-2.0.6.pom.sha1
2025.11.14 15:24:48 INFO  BSP server: Downloaded https://central.sonatype.com/repository/maven-snapshots/org/apache/logging/log4j/log4j-core/2.23.0/log4j-core-2.23.0.pom
2025.11.14 15:24:48 INFO  BSP server: Downloading https://central.sonatype.com/repository/maven-snapshots/net/jpountz/lz4/lz4/1.3.0/lz4-1.3.0.pom.sha1
2025.11.14 15:24:48 INFO  BSP server: Downloaded https://central.sonatype.com/repository/maven-snapshots/com/github/alexarchambault/case-app-annotations_2.12/2.0.6/case-app-annotations_2.12-2.0.6.pom.sha1
2025.11.14 15:24:48 INFO  BSP server: Downloading https://central.sonatype.com/repository/maven-snapshots/org/scala-sbt/librarymanagement-ivy_2.12/1.11.2/librarymanagement-ivy_2.12-1.11.2.pom.sha1
2025.11.14 15:24:48 INFO  BSP server: Downloaded https://central.sonatype.com/repository/maven-snapshots/io/zipkin/reporter2/zipkin-sender-urlconnection/2.17.2/zipkin-sender-urlconnection-2.17.2.pom
2025.11.14 15:24:48 INFO  BSP server: Downloading https://central.sonatype.com/repository/maven-snapshots/org/scala-sbt/zinc_2.12/1.10.8/zinc_2.12-1.10.8.pom
2025.11.14 15:24:48 INFO  BSP server: Downloaded https://central.sonatype.com/repository/maven-snapshots/io/zipkin/brave/brave/5.18.1/brave-5.18.1.pom.sha1
2025.11.14 15:24:48 INFO  BSP server: Downloading https://central.sonatype.com/repository/maven-snapshots/com/github/plokhotnyuk/jsoniter-scala/jsoniter-scala-macros_2.12/2.13.3.2/jsoniter-scala-macros_2.12-2.13.3.2.pom
2025.11.14 15:24:48 INFO  BSP server: Downloaded https://central.sonatype.com/repository/maven-snapshots/org/zeroturnaround/zt-zip/1.17/zt-zip-1.17.pom
2025.11.14 15:24:48 INFO  BSP server: Downloading https://central.sonatype.com/repository/maven-snapshots/io/monix/monix-eval_2.12/3.2.0/monix-eval_2.12-3.2.0.pom
2025.11.14 15:24:48 INFO  BSP server: Downloaded https://central.sonatype.com/repository/maven-snapshots/com/github/alexarchambault/case-app-util_2.12/2.0.6/case-app-util_2.12-2.0.6.pom.sha1
2025.11.14 15:24:48 INFO  BSP server: Downloading https://central.sonatype.com/repository/maven-snapshots/ch/epfl/scala/bsp4s_2.12/2.1.1/bsp4s_2.12-2.1.1.pom
2025.11.14 15:24:48 INFO  BSP server: Downloaded https://central.sonatype.com/repository/maven-snapshots/net/jpountz/lz4/lz4/1.3.0/lz4-1.3.0.pom.sha1
2025.11.14 15:24:48 INFO  BSP server: Downloading https://central.sonatype.com/repository/maven-snapshots/com/lihaoyi/pprint_2.12/0.9.0/pprint_2.12-0.9.0.pom.sha1
2025.11.14 15:24:49 INFO  BSP server: Downloaded https://central.sonatype.com/repository/maven-snapshots/org/scala-sbt/librarymanagement-ivy_2.12/1.11.2/librarymanagement-ivy_2.12-1.11.2.pom.sha1
2025.11.14 15:24:49 INFO  BSP server: Downloading https://central.sonatype.com/repository/maven-snapshots/io/monix/monix-java_2.12/3.2.0/monix-java_2.12-3.2.0.pom.sha1
2025.11.14 15:24:49 INFO  BSP server: Downloaded https://central.sonatype.com/repository/maven-snapshots/com/github/plokhotnyuk/jsoniter-scala/jsoniter-scala-macros_2.12/2.13.3.2/jsoniter-scala-macros_2.12-2.13.3.2.pom
2025.11.14 15:24:49 INFO  BSP server: Downloading https://central.sonatype.com/repository/maven-snapshots/io/github/alexarchambault/bleep/nailgun-server/1.0.7/nailgun-server-1.0.7.pom
2025.11.14 15:24:49 INFO  BSP server: Downloaded https://central.sonatype.com/repository/maven-snapshots/org/scala-sbt/zinc_2.12/1.10.8/zinc_2.12-1.10.8.pom
2025.11.14 15:24:49 INFO  BSP server: Downloading https://central.sonatype.com/repository/maven-snapshots/org/scalameta/parsers_2.12/4.13.8/parsers_2.12-4.13.8.pom.sha1
2025.11.14 15:24:49 INFO  BSP server: Downloaded https://central.sonatype.com/repository/maven-snapshots/io/monix/monix-eval_2.12/3.2.0/monix-eval_2.12-3.2.0.pom
2025.11.14 15:24:49 INFO  BSP server: Downloading https://central.sonatype.com/repository/maven-snapshots/org/scala-lang/scala-reflect/2.12.20/scala-reflect-2.12.20.pom.sha1
2025.11.14 15:24:49 INFO  BSP server: Downloaded https://central.sonatype.com/repository/maven-snapshots/ch/epfl/scala/bsp4s_2.12/2.1.1/bsp4s_2.12-2.1.1.pom
2025.11.14 15:24:49 INFO  BSP server: Downloading https://central.sonatype.com/repository/maven-snapshots/com/lihaoyi/unroll-annotation_2.12/0.1.12/unroll-annotation_2.12-0.1.12.pom
2025.11.14 15:24:49 INFO  BSP server: Downloaded https://central.sonatype.com/repository/maven-snapshots/com/lihaoyi/pprint_2.12/0.9.0/pprint_2.12-0.9.0.pom.sha1
2025.11.14 15:24:49 INFO  BSP server: Downloading https://central.sonatype.com/repository/maven-snapshots/io/monix/monix-catnap_2.12/3.2.0/monix-catnap_2.12-3.2.0.pom.sha1
2025.11.14 15:24:49 INFO  BSP server: Downloaded https://central.sonatype.com/repository/maven-snapshots/io/monix/monix-java_2.12/3.2.0/monix-java_2.12-3.2.0.pom.sha1
2025.11.14 15:24:49 INFO  BSP server: Downloading https://central.sonatype.com/repository/maven-snapshots/ch/epfl/scala/directory-watcher/0.8.0+6-f651bd93/directory-watcher-0.8.0+6-f651bd93.pom
2025.11.14 15:24:49 INFO  BSP server: Downloaded https://central.sonatype.com/repository/maven-snapshots/org/scalameta/parsers_2.12/4.13.8/parsers_2.12-4.13.8.pom.sha1
2025.11.14 15:24:49 INFO  BSP server: Downloading https://central.sonatype.com/repository/maven-snapshots/com/lihaoyi/sourcecode_2.12/0.4.2/sourcecode_2.12-0.4.2.pom.sha1
2025.11.14 15:24:49 INFO  BSP server: Downloaded https://central.sonatype.com/repository/maven-snapshots/io/github/alexarchambault/bleep/nailgun-server/1.0.7/nailgun-server-1.0.7.pom
2025.11.14 15:24:49 INFO  BSP server: Downloading https://central.sonatype.com/repository/maven-snapshots/org/scala-lang/modules/scala-collection-compat_2.12/2.13.0/scala-collection-compat_2.12-2.13.0.pom
2025.11.14 15:24:49 INFO  BSP server: Downloaded https://central.sonatype.com/repository/maven-snapshots/org/scala-lang/scala-reflect/2.12.20/scala-reflect-2.12.20.pom.sha1
2025.11.14 15:24:49 INFO  BSP server: Downloading https://central.sonatype.com/repository/maven-snapshots/io/monix/monix-reactive_2.12/3.2.0/monix-reactive_2.12-3.2.0.pom
2025.11.14 15:24:49 INFO  BSP server: Downloaded https://central.sonatype.com/repository/maven-snapshots/com/lihaoyi/unroll-annotation_2.12/0.1.12/unroll-annotation_2.12-0.1.12.pom
2025.11.14 15:24:49 INFO  BSP server: Downloading https://central.sonatype.com/repository/maven-snapshots/com/github/plokhotnyuk/jsoniter-scala/jsoniter-scala-core_2.12/2.13.5.2/jsoniter-scala-core_2.12-2.13.5.2.pom.sha1
2025.11.14 15:24:49 INFO  BSP server: Downloaded https://central.sonatype.com/repository/maven-snapshots/io/monix/monix-catnap_2.12/3.2.0/monix-catnap_2.12-3.2.0.pom.sha1
2025.11.14 15:24:49 INFO  BSP server: Downloading https://central.sonatype.com/repository/maven-snapshots/org/apache/logging/log4j/log4j-core/2.23.0/log4j-core-2.23.0.pom.sha1
2025.11.14 15:24:49 INFO  BSP server: Downloaded https://central.sonatype.com/repository/maven-snapshots/ch/epfl/scala/directory-watcher/0.8.0+6-f651bd93/directory-watcher-0.8.0+6-f651bd93.pom
2025.11.14 15:24:49 INFO  BSP server: Downloading https://central.sonatype.com/repository/maven-snapshots/io/zipkin/reporter2/zipkin-sender-urlconnection/2.17.2/zipkin-sender-urlconnection-2.17.2.pom.sha1
2025.11.14 15:24:50 INFO  BSP server: Downloaded https://central.sonatype.com/repository/maven-snapshots/com/lihaoyi/sourcecode_2.12/0.4.2/sourcecode_2.12-0.4.2.pom.sha1
2025.11.14 15:24:50 INFO  BSP server: Downloading https://central.sonatype.com/repository/maven-snapshots/org/zeroturnaround/zt-zip/1.17/zt-zip-1.17.pom.sha1
2025.11.14 15:24:50 INFO  BSP server: Downloaded https://central.sonatype.com/repository/maven-snapshots/org/scala-lang/modules/scala-collection-compat_2.12/2.13.0/scala-collection-compat_2.12-2.13.0.pom
2025.11.14 15:24:50 INFO  BSP server: Downloading https://central.sonatype.com/repository/maven-snapshots/com/github/plokhotnyuk/jsoniter-scala/jsoniter-scala-macros_2.12/2.13.3.2/jsoniter-scala-macros_2.12-2.13.3.2.pom.sha1
2025.11.14 15:24:50 INFO  BSP server: Downloaded https://central.sonatype.com/repository/maven-snapshots/io/monix/monix-reactive_2.12/3.2.0/monix-reactive_2.12-3.2.0.pom
2025.11.14 15:24:50 INFO  BSP server: Downloading https://central.sonatype.com/repository/maven-snapshots/org/scala-sbt/zinc_2.12/1.10.8/zinc_2.12-1.10.8.pom.sha1
2025.11.14 15:24:50 INFO  BSP server: Downloaded https://central.sonatype.com/repository/maven-snapshots/com/github/plokhotnyuk/jsoniter-scala/jsoniter-scala-core_2.12/2.13.5.2/jsoniter-scala-core_2.12-2.13.5.2.pom.sha1
2025.11.14 15:24:50 INFO  BSP server: Downloading https://central.sonatype.com/repository/maven-snapshots/io/monix/monix-eval_2.12/3.2.0/monix-eval_2.12-3.2.0.pom.sha1
2025.11.14 15:24:50 INFO  BSP server: Downloaded https://central.sonatype.com/repository/maven-snapshots/org/apache/logging/log4j/log4j-core/2.23.0/log4j-core-2.23.0.pom.sha1
2025.11.14 15:24:50 INFO  BSP server: Downloading https://central.sonatype.com/repository/maven-snapshots/ch/epfl/scala/bsp4s_2.12/2.1.1/bsp4s_2.12-2.1.1.pom.sha1
2025.11.14 15:24:50 INFO  BSP server: Downloaded https://central.sonatype.com/repository/maven-snapshots/io/zipkin/reporter2/zipkin-sender-urlconnection/2.17.2/zipkin-sender-urlconnection-2.17.2.pom.sha1
2025.11.14 15:24:50 INFO  BSP server: Downloading https://central.sonatype.com/repository/maven-snapshots/io/github/alexarchambault/bleep/nailgun-server/1.0.7/nailgun-server-1.0.7.pom.sha1
2025.11.14 15:24:50 INFO  BSP server: Downloaded https://central.sonatype.com/repository/maven-snapshots/org/zeroturnaround/zt-zip/1.17/zt-zip-1.17.pom.sha1
2025.11.14 15:24:50 INFO  BSP server: Downloading https://central.sonatype.com/repository/maven-snapshots/com/lihaoyi/unroll-annotation_2.12/0.1.12/unroll-annotation_2.12-0.1.12.pom.sha1
2025.11.14 15:24:50 INFO  BSP server: Downloaded https://central.sonatype.com/repository/maven-snapshots/com/github/plokhotnyuk/jsoniter-scala/jsoniter-scala-macros_2.12/2.13.3.2/jsoniter-scala-macros_2.12-2.13.3.2.pom.sha1
2025.11.14 15:24:50 INFO  BSP server: Downloading https://repo.scala-lang.org/artifactory/maven-nightlies/io/github/alexarchambault/bleep/jsonrpc4s_2.12/0.1.1/jsonrpc4s_2.12-0.1.1.pom
2025.11.14 15:24:50 INFO  BSP server: Downloaded https://central.sonatype.com/repository/maven-snapshots/org/scala-sbt/zinc_2.12/1.10.8/zinc_2.12-1.10.8.pom.sha1
2025.11.14 15:24:50 INFO  BSP server: Downloading https://repo.scala-lang.org/artifactory/maven-nightlies/io/get-coursier/util/directories-jni/0.1.2/directories-jni-0.1.2.pom
2025.11.14 15:24:50 INFO  BSP server: Downloaded https://central.sonatype.com/repository/maven-snapshots/io/monix/monix-eval_2.12/3.2.0/monix-eval_2.12-3.2.0.pom.sha1
2025.11.14 15:24:50 INFO  BSP server: Downloading https://central.sonatype.com/repository/maven-snapshots/ch/epfl/scala/directory-watcher/0.8.0+6-f651bd93/directory-watcher-0.8.0+6-f651bd93.pom.sha1
2025.11.14 15:24:50 INFO  BSP server: Downloaded https://central.sonatype.com/repository/maven-snapshots/ch/epfl/scala/bsp4s_2.12/2.1.1/bsp4s_2.12-2.1.1.pom.sha1
2025.11.14 15:24:50 INFO  BSP server: Downloading https://repo.scala-lang.org/artifactory/maven-nightlies/io/monix/monix-execution_2.12/3.2.0/monix-execution_2.12-3.2.0.pom
2025.11.14 15:24:50 INFO  BSP server: Downloaded https://central.sonatype.com/repository/maven-snapshots/io/github/alexarchambault/bleep/nailgun-server/1.0.7/nailgun-server-1.0.7.pom.sha1
2025.11.14 15:24:50 INFO  BSP server: Downloading https://repo.scala-lang.org/artifactory/maven-nightlies/ch/qos/logback/logback-core/1.5.18/logback-core-1.5.18.pom
2025.11.14 15:24:50 INFO  BSP server: Downloaded https://central.sonatype.com/repository/maven-snapshots/com/lihaoyi/unroll-annotation_2.12/0.1.12/unroll-annotation_2.12-0.1.12.pom.sha1
2025.11.14 15:24:50 INFO  BSP server: Downloading https://repo.scala-lang.org/artifactory/maven-nightlies/io/monix/monix-tail_2.12/3.2.0/monix-tail_2.12-3.2.0.pom
2025.11.14 15:24:51 INFO  BSP server: Downloaded https://central.sonatype.com/repository/maven-snapshots/ch/epfl/scala/directory-watcher/0.8.0+6-f651bd93/directory-watcher-0.8.0+6-f651bd93.pom.sha1
2025.11.14 15:24:51 INFO  BSP server: Downloading https://repo.scala-lang.org/artifactory/maven-nightlies/com/github/alexarchambault/case-app-annotations_2.12/2.0.6/case-app-annotations_2.12-2.0.6.pom
2025.11.14 15:24:51 INFO  BSP server: Downloaded https://repo.scala-lang.org/artifactory/maven-nightlies/io/github/alexarchambault/bleep/jsonrpc4s_2.12/0.1.1/jsonrpc4s_2.12-0.1.1.pom
2025.11.14 15:24:51 INFO  BSP server: Downloading https://central.sonatype.com/repository/maven-snapshots/org/scala-lang/modules/scala-collection-compat_2.12/2.13.0/scala-collection-compat_2.12-2.13.0.pom.sha1
2025.11.14 15:24:51 INFO  BSP server: Downloaded https://repo.scala-lang.org/artifactory/maven-nightlies/io/get-coursier/util/directories-jni/0.1.2/directories-jni-0.1.2.pom
2025.11.14 15:24:51 INFO  BSP server: Downloading https://central.sonatype.com/repository/maven-snapshots/io/monix/monix-reactive_2.12/3.2.0/monix-reactive_2.12-3.2.0.pom.sha1
2025.11.14 15:24:51 INFO  BSP server: Downloaded https://repo.scala-lang.org/artifactory/maven-nightlies/io/monix/monix-execution_2.12/3.2.0/monix-execution_2.12-3.2.0.pom
2025.11.14 15:24:51 INFO  BSP server: Downloading https://repo.scala-lang.org/artifactory/maven-nightlies/io/zipkin/brave/brave/5.18.1/brave-5.18.1.pom
2025.11.14 15:24:51 INFO  BSP server: Downloaded https://repo.scala-lang.org/artifactory/maven-nightlies/io/monix/monix-tail_2.12/3.2.0/monix-tail_2.12-3.2.0.pom
2025.11.14 15:24:51 INFO  BSP server: Downloading https://repo.scala-lang.org/artifactory/maven-nightlies/com/github/alexarchambault/case-app-util_2.12/2.0.6/case-app-util_2.12-2.0.6.pom
2025.11.14 15:24:51 INFO  BSP server: Downloaded https://central.sonatype.com/repository/maven-snapshots/org/scala-lang/modules/scala-collection-compat_2.12/2.13.0/scala-collection-compat_2.12-2.13.0.pom.sha1
2025.11.14 15:24:51 INFO  BSP server: Downloading https://repo.scala-lang.org/artifactory/maven-nightlies/net/jpountz/lz4/lz4/1.3.0/lz4-1.3.0.pom
2025.11.14 15:24:51 INFO  BSP server: Downloaded https://repo.scala-lang.org/artifactory/maven-nightlies/io/zipkin/brave/brave/5.18.1/brave-5.18.1.pom
2025.11.14 15:24:51 INFO  BSP server: Downloading https://repo.scala-lang.org/artifactory/maven-nightlies/org/scala-sbt/librarymanagement-ivy_2.12/1.11.2/librarymanagement-ivy_2.12-1.11.2.pom
2025.11.14 15:24:51 INFO  BSP server: Downloaded https://central.sonatype.com/repository/maven-snapshots/io/monix/monix-reactive_2.12/3.2.0/monix-reactive_2.12-3.2.0.pom.sha1
2025.11.14 15:24:51 INFO  BSP server: Downloading https://repo.scala-lang.org/artifactory/maven-nightlies/com/lihaoyi/pprint_2.12/0.9.0/pprint_2.12-0.9.0.pom
2025.11.14 15:24:51 INFO  BSP server: Downloaded https://repo.scala-lang.org/artifactory/maven-nightlies/com/github/alexarchambault/case-app-util_2.12/2.0.6/case-app-util_2.12-2.0.6.pom
2025.11.14 15:24:51 INFO  BSP server: Downloading https://repo.scala-lang.org/artifactory/maven-nightlies/io/monix/monix-java_2.12/3.2.0/monix-java_2.12-3.2.0.pom
2025.11.14 15:24:52 INFO  BSP server: Downloaded https://repo.scala-lang.org/artifactory/maven-nightlies/net/jpountz/lz4/lz4/1.3.0/lz4-1.3.0.pom
2025.11.14 15:24:52 INFO  BSP server: Downloading https://repo.scala-lang.org/artifactory/maven-nightlies/org/scalameta/parsers_2.12/4.13.8/parsers_2.12-4.13.8.pom
2025.11.14 15:24:52 INFO  BSP server: Downloaded https://repo.scala-lang.org/artifactory/maven-nightlies/com/lihaoyi/pprint_2.12/0.9.0/pprint_2.12-0.9.0.pom
2025.11.14 15:24:52 INFO  BSP server: Downloading https://repo.scala-lang.org/artifactory/maven-nightlies/org/scala-lang/scala-reflect/2.12.20/scala-reflect-2.12.20.pom
2025.11.14 15:24:52 INFO  BSP server: Downloaded https://repo.scala-lang.org/artifactory/maven-nightlies/org/scalameta/parsers_2.12/4.13.8/parsers_2.12-4.13.8.pom
2025.11.14 15:24:52 INFO  BSP server: Downloading https://repo.scala-lang.org/artifactory/maven-nightlies/io/monix/monix-catnap_2.12/3.2.0/monix-catnap_2.12-3.2.0.pom
2025.11.14 15:24:52 INFO  BSP server: Downloaded https://repo.scala-lang.org/artifactory/maven-nightlies/com/github/alexarchambault/case-app-annotations_2.12/2.0.6/case-app-annotations_2.12-2.0.6.pom
2025.11.14 15:24:52 INFO  BSP server: Downloading https://repo.scala-lang.org/artifactory/maven-nightlies/com/lihaoyi/sourcecode_2.12/0.4.2/sourcecode_2.12-0.4.2.pom
2025.11.14 15:24:52 INFO  BSP server: Downloaded https://repo.scala-lang.org/artifactory/maven-nightlies/ch/qos/logback/logback-core/1.5.18/logback-core-1.5.18.pom
2025.11.14 15:24:52 INFO  BSP server: Downloading https://repo.scala-lang.org/artifactory/maven-nightlies/io/github/alexarchambault/bleep/jsonrpc4s_2.12/0.1.1/jsonrpc4s_2.12-0.1.1.pom.sha1
2025.11.14 15:24:52 INFO  BSP server: Downloaded https://repo.scala-lang.org/artifactory/maven-nightlies/org/scala-lang/scala-reflect/2.12.20/scala-reflect-2.12.20.pom
2025.11.14 15:24:52 INFO  BSP server: Downloading https://repo.scala-lang.org/artifactory/maven-nightlies/io/get-coursier/util/directories-jni/0.1.2/directories-jni-0.1.2.pom.sha1
2025.11.14 15:24:52 INFO  BSP server: Downloaded https://repo.scala-lang.org/artifactory/maven-nightlies/io/github/alexarchambault/bleep/jsonrpc4s_2.12/0.1.1/jsonrpc4s_2.12-0.1.1.pom.sha1
2025.11.14 15:24:52 INFO  BSP server: Downloading https://repo.scala-lang.org/artifactory/maven-nightlies/io/monix/monix-execution_2.12/3.2.0/monix-execution_2.12-3.2.0.pom.sha1
2025.11.14 15:24:52 INFO  BSP server: Downloaded https://repo.scala-lang.org/artifactory/maven-nightlies/io/monix/monix-catnap_2.12/3.2.0/monix-catnap_2.12-3.2.0.pom
2025.11.14 15:24:52 INFO  BSP server: Downloading https://repo.scala-lang.org/artifactory/maven-nightlies/io/monix/monix-tail_2.12/3.2.0/monix-tail_2.12-3.2.0.pom.sha1
2025.11.14 15:24:52 INFO  BSP server: Downloaded https://repo.scala-lang.org/artifactory/maven-nightlies/com/lihaoyi/sourcecode_2.12/0.4.2/sourcecode_2.12-0.4.2.pom
2025.11.14 15:24:52 INFO  BSP server: Downloading https://repo.scala-lang.org/artifactory/maven-nightlies/com/github/plokhotnyuk/jsoniter-scala/jsoniter-scala-core_2.12/2.13.5.2/jsoniter-scala-core_2.12-2.13.5.2.pom
2025.11.14 15:24:52 INFO  BSP server: Downloaded https://repo.scala-lang.org/artifactory/maven-nightlies/org/scala-sbt/librarymanagement-ivy_2.12/1.11.2/librarymanagement-ivy_2.12-1.11.2.pom
2025.11.14 15:24:52 INFO  BSP server: Downloading https://repo.scala-lang.org/artifactory/maven-nightlies/org/apache/logging/log4j/log4j-core/2.23.0/log4j-core-2.23.0.pom
2025.11.14 15:24:52 INFO  BSP server: Downloaded https://repo.scala-lang.org/artifactory/maven-nightlies/io/get-coursier/util/directories-jni/0.1.2/directories-jni-0.1.2.pom.sha1
2025.11.14 15:24:52 INFO  BSP server: Downloading https://repo.scala-lang.org/artifactory/maven-nightlies/io/zipkin/reporter2/zipkin-sender-urlconnection/2.17.2/zipkin-sender-urlconnection-2.17.2.pom
2025.11.14 15:24:54 INFO  BSP server: Downloaded https://repo.scala-lang.org/artifactory/maven-nightlies/io/monix/monix-tail_2.12/3.2.0/monix-tail_2.12-3.2.0.pom.sha1
2025.11.14 15:24:54 INFO  BSP server: Downloading https://repo.scala-lang.org/artifactory/maven-nightlies/org/zeroturnaround/zt-zip/1.17/zt-zip-1.17.pom
2025.11.14 15:24:54 INFO  BSP server: Downloaded https://repo.scala-lang.org/artifactory/maven-nightlies/io/zipkin/reporter2/zipkin-sender-urlconnection/2.17.2/zipkin-sender-urlconnection-2.17.2.pom
2025.11.14 15:24:54 INFO  BSP server: Downloading https://repo.scala-lang.org/artifactory/maven-nightlies/io/zipkin/brave/brave/5.18.1/brave-5.18.1.pom.sha1
2025.11.14 15:24:54 INFO  BSP server: Downloaded https://repo.scala-lang.org/artifactory/maven-nightlies/io/monix/monix-execution_2.12/3.2.0/monix-execution_2.12-3.2.0.pom.sha1
2025.11.14 15:24:54 INFO  BSP server: Downloading https://repo.scala-lang.org/artifactory/maven-nightlies/com/github/plokhotnyuk/jsoniter-scala/jsoniter-scala-macros_2.12/2.13.3.2/jsoniter-scala-macros_2.12-2.13.3.2.pom
2025.11.14 15:24:54 INFO  BSP server: Downloaded https://repo.scala-lang.org/artifactory/maven-nightlies/io/monix/monix-java_2.12/3.2.0/monix-java_2.12-3.2.0.pom
2025.11.14 15:24:54 INFO  BSP server: Downloading https://repo.scala-lang.org/artifactory/maven-nightlies/com/github/alexarchambault/case-app-util_2.12/2.0.6/case-app-util_2.12-2.0.6.pom.sha1
2025.11.14 15:24:54 INFO  BSP server: Downloaded https://repo.scala-lang.org/artifactory/maven-nightlies/com/github/plokhotnyuk/jsoniter-scala/jsoniter-scala-core_2.12/2.13.5.2/jsoniter-scala-core_2.12-2.13.5.2.pom
2025.11.14 15:24:54 INFO  BSP server: Downloading https://repo.scala-lang.org/artifactory/maven-nightlies/net/jpountz/lz4/lz4/1.3.0/lz4-1.3.0.pom.sha1
2025.11.14 15:24:54 INFO  BSP server: Downloaded https://repo.scala-lang.org/artifactory/maven-nightlies/io/zipkin/brave/brave/5.18.1/brave-5.18.1.pom.sha1
2025.11.14 15:24:54 INFO  BSP server: Downloading https://repo.scala-lang.org/artifactory/maven-nightlies/com/lihaoyi/pprint_2.12/0.9.0/pprint_2.12-0.9.0.pom.sha1
2025.11.14 15:24:54 INFO  BSP server: Downloaded https://repo.scala-lang.org/artifactory/maven-nightlies/org/zeroturnaround/zt-zip/1.17/zt-zip-1.17.pom
2025.11.14 15:24:54 INFO  BSP server: Downloading https://repo.scala-lang.org/artifactory/maven-nightlies/org/scala-sbt/zinc_2.12/1.10.8/zinc_2.12-1.10.8.pom
2025.11.14 15:24:54 INFO  BSP server: Downloaded https://repo.scala-lang.org/artifactory/maven-nightlies/org/apache/logging/log4j/log4j-core/2.23.0/log4j-core-2.23.0.pom
2025.11.14 15:24:54 INFO  BSP server: Downloading https://repo.scala-lang.org/artifactory/maven-nightlies/io/monix/monix-eval_2.12/3.2.0/monix-eval_2.12-3.2.0.pom
2025.11.14 15:24:54 INFO  BSP server: Downloaded https://repo.scala-lang.org/artifactory/maven-nightlies/net/jpountz/lz4/lz4/1.3.0/lz4-1.3.0.pom.sha1
2025.11.14 15:24:54 INFO  BSP server: Downloading https://repo.scala-lang.org/artifactory/maven-nightlies/ch/epfl/scala/bsp4s_2.12/2.1.1/bsp4s_2.12-2.1.1.pom
2025.11.14 15:24:54 INFO  BSP server: Downloaded https://repo.scala-lang.org/artifactory/maven-nightlies/com/github/alexarchambault/case-app-util_2.12/2.0.6/case-app-util_2.12-2.0.6.pom.sha1
2025.11.14 15:24:54 INFO  BSP server: Downloading https://repo.scala-lang.org/artifactory/maven-nightlies/org/scalameta/parsers_2.12/4.13.8/parsers_2.12-4.13.8.pom.sha1
2025.11.14 15:24:54 INFO  BSP server: Downloaded https://repo.scala-lang.org/artifactory/maven-nightlies/com/github/plokhotnyuk/jsoniter-scala/jsoniter-scala-macros_2.12/2.13.3.2/jsoniter-scala-macros_2.12-2.13.3.2.pom
2025.11.14 15:24:54 INFO  BSP server: Downloading https://repo.scala-lang.org/artifactory/maven-nightlies/io/github/alexarchambault/bleep/nailgun-server/1.0.7/nailgun-server-1.0.7.pom
2025.11.14 15:24:54 INFO  BSP server: Downloaded https://repo.scala-lang.org/artifactory/maven-nightlies/com/lihaoyi/pprint_2.12/0.9.0/pprint_2.12-0.9.0.pom.sha1
2025.11.14 15:24:54 INFO  BSP server: Downloading https://repo.scala-lang.org/artifactory/maven-nightlies/com/lihaoyi/unroll-annotation_2.12/0.1.12/unroll-annotation_2.12-0.1.12.pom
2025.11.14 15:24:54 INFO  BSP server: Downloaded https://repo.scala-lang.org/artifactory/maven-nightlies/io/monix/monix-eval_2.12/3.2.0/monix-eval_2.12-3.2.0.pom
2025.11.14 15:24:54 INFO  BSP server: Downloading https://repo.scala-lang.org/artifactory/maven-nightlies/com/github/alexarchambault/case-app-annotations_2.12/2.0.6/case-app-annotations_2.12-2.0.6.pom.sha1
2025.11.14 15:24:54 INFO  BSP server: Downloaded https://repo.scala-lang.org/artifactory/maven-nightlies/org/scala-sbt/zinc_2.12/1.10.8/zinc_2.12-1.10.8.pom
2025.11.14 15:24:54 INFO  BSP server: Downloading https://repo.scala-lang.org/artifactory/maven-nightlies/ch/epfl/scala/directory-watcher/0.8.0+6-f651bd93/directory-watcher-0.8.0+6-f651bd93.pom
2025.11.14 15:24:54 INFO  BSP server: Downloaded https://repo.scala-lang.org/artifactory/maven-nightlies/ch/epfl/scala/bsp4s_2.12/2.1.1/bsp4s_2.12-2.1.1.pom
2025.11.14 15:24:55 INFO  BSP server: Downloaded https://repo.scala-lang.org/artifactory/maven-nightlies/org/scalameta/parsers_2.12/4.13.8/parsers_2.12-4.13.8.pom.sha1
2025.11.14 15:24:55 INFO  BSP server: Downloading https://repo.scala-lang.org/artifactory/maven-nightlies/ch/qos/logback/logback-core/1.5.18/logback-core-1.5.18.pom.sha1
2025.11.14 15:24:55 INFO  BSP server: Downloaded https://repo.scala-lang.org/artifactory/maven-nightlies/io/github/alexarchambault/bleep/nailgun-server/1.0.7/nailgun-server-1.0.7.pom
2025.11.14 15:24:55 INFO  BSP server: Downloading https://repo.scala-lang.org/artifactory/maven-nightlies/org/scala-lang/scala-reflect/2.12.20/scala-reflect-2.12.20.pom.sha1
2025.11.14 15:24:55 INFO  BSP server: Downloading https://repo.scala-lang.org/artifactory/maven-nightlies/org/scala-lang/modules/scala-collection-compat_2.12/2.13.0/scala-collection-compat_2.12-2.13.0.pom
2025.11.14 15:24:55 INFO  BSP server: Downloaded https://repo.scala-lang.org/artifactory/maven-nightlies/com/lihaoyi/unroll-annotation_2.12/0.1.12/unroll-annotation_2.12-0.1.12.pom
2025.11.14 15:24:55 INFO  BSP server: Downloading https://repo.scala-lang.org/artifactory/maven-nightlies/io/monix/monix-reactive_2.12/3.2.0/monix-reactive_2.12-3.2.0.pom
2025.11.14 15:24:55 INFO  BSP server: Downloaded https://repo.scala-lang.org/artifactory/maven-nightlies/com/github/alexarchambault/case-app-annotations_2.12/2.0.6/case-app-annotations_2.12-2.0.6.pom.sha1
2025.11.14 15:24:55 INFO  BSP server: Downloading https://repo.scala-lang.org/artifactory/maven-nightlies/io/monix/monix-catnap_2.12/3.2.0/monix-catnap_2.12-3.2.0.pom.sha1
2025.11.14 15:24:55 INFO  BSP server: Downloaded https://repo.scala-lang.org/artifactory/maven-nightlies/ch/epfl/scala/directory-watcher/0.8.0+6-f651bd93/directory-watcher-0.8.0+6-f651bd93.pom
2025.11.14 15:24:55 INFO  BSP server: Downloading https://repo.scala-lang.org/artifactory/maven-nightlies/com/lihaoyi/sourcecode_2.12/0.4.2/sourcecode_2.12-0.4.2.pom.sha1
2025.11.14 15:24:55 INFO  BSP server: Downloaded https://repo.scala-lang.org/artifactory/maven-nightlies/ch/qos/logback/logback-core/1.5.18/logback-core-1.5.18.pom.sha1
2025.11.14 15:24:55 INFO  BSP server: Downloading https://repo.scala-lang.org/artifactory/maven-nightlies/org/scala-sbt/librarymanagement-ivy_2.12/1.11.2/librarymanagement-ivy_2.12-1.11.2.pom.sha1
2025.11.14 15:24:55 INFO  BSP server: Downloaded https://repo.scala-lang.org/artifactory/maven-nightlies/org/scala-lang/modules/scala-collection-compat_2.12/2.13.0/scala-collection-compat_2.12-2.13.0.pom
2025.11.14 15:24:55 INFO  BSP server: Downloading https://repo.scala-lang.org/artifactory/maven-nightlies/io/zipkin/reporter2/zipkin-sender-urlconnection/2.17.2/zipkin-sender-urlconnection-2.17.2.pom.sha1
2025.11.14 15:24:55 INFO  BSP server: Downloaded https://repo.scala-lang.org/artifactory/maven-nightlies/io/monix/monix-reactive_2.12/3.2.0/monix-reactive_2.12-3.2.0.pom
2025.11.14 15:24:55 INFO  BSP server: Downloaded https://repo.scala-lang.org/artifactory/maven-nightlies/org/scala-lang/scala-reflect/2.12.20/scala-reflect-2.12.20.pom.sha1
2025.11.14 15:24:55 INFO  BSP server: Downloading https://repo.scala-lang.org/artifactory/maven-nightlies/io/monix/monix-java_2.12/3.2.0/monix-java_2.12-3.2.0.pom.sha1
2025.11.14 15:24:55 INFO  BSP server: Downloading https://repo.scala-lang.org/artifactory/maven-nightlies/com/github/plokhotnyuk/jsoniter-scala/jsoniter-scala-core_2.12/2.13.5.2/jsoniter-scala-core_2.12-2.13.5.2.pom.sha1
2025.11.14 15:24:55 INFO  BSP server: Downloaded https://repo.scala-lang.org/artifactory/maven-nightlies/io/monix/monix-catnap_2.12/3.2.0/monix-catnap_2.12-3.2.0.pom.sha1
2025.11.14 15:24:55 INFO  BSP server: Downloading https://repo.scala-lang.org/artifactory/maven-nightlies/org/zeroturnaround/zt-zip/1.17/zt-zip-1.17.pom.sha1
2025.11.14 15:24:55 INFO  BSP server: Downloaded https://repo.scala-lang.org/artifactory/maven-nightlies/com/lihaoyi/sourcecode_2.12/0.4.2/sourcecode_2.12-0.4.2.pom.sha1
2025.11.14 15:24:55 INFO  BSP server: Downloading https://repo.scala-lang.org/artifactory/maven-nightlies/org/apache/logging/log4j/log4j-core/2.23.0/log4j-core-2.23.0.pom.sha1
2025.11.14 15:24:55 INFO  BSP server: Downloaded https://repo.scala-lang.org/artifactory/maven-nightlies/org/scala-sbt/librarymanagement-ivy_2.12/1.11.2/librarymanagement-ivy_2.12-1.11.2.pom.sha1
2025.11.14 15:24:55 INFO  BSP server: Downloading https://repo.scala-lang.org/artifactory/maven-nightlies/com/github/plokhotnyuk/jsoniter-scala/jsoniter-scala-macros_2.12/2.13.3.2/jsoniter-scala-macros_2.12-2.13.3.2.pom.sha1
2025.11.14 15:24:55 INFO  BSP server: Downloaded https://repo.scala-lang.org/artifactory/maven-nightlies/io/zipkin/reporter2/zipkin-sender-urlconnection/2.17.2/zipkin-sender-urlconnection-2.17.2.pom.sha1
2025.11.14 15:24:56 INFO  BSP server: Downloading https://repo.scala-lang.org/artifactory/maven-nightlies/io/monix/monix-eval_2.12/3.2.0/monix-eval_2.12-3.2.0.pom.sha1
2025.11.14 15:24:56 INFO  BSP server: Downloaded https://repo.scala-lang.org/artifactory/maven-nightlies/io/monix/monix-java_2.12/3.2.0/monix-java_2.12-3.2.0.pom.sha1
2025.11.14 15:24:56 INFO  BSP server: Downloading https://repo.scala-lang.org/artifactory/maven-nightlies/org/scala-sbt/zinc_2.12/1.10.8/zinc_2.12-1.10.8.pom.sha1
2025.11.14 15:24:56 INFO  BSP server: Downloaded https://repo.scala-lang.org/artifactory/maven-nightlies/org/zeroturnaround/zt-zip/1.17/zt-zip-1.17.pom.sha1
2025.11.14 15:24:56 INFO  BSP server: Downloading https://repo.scala-lang.org/artifactory/maven-nightlies/ch/epfl/scala/bsp4s_2.12/2.1.1/bsp4s_2.12-2.1.1.pom.sha1
2025.11.14 15:24:56 INFO  BSP server: Downloaded https://repo.scala-lang.org/artifactory/maven-nightlies/org/apache/logging/log4j/log4j-core/2.23.0/log4j-core-2.23.0.pom.sha1
2025.11.14 15:24:56 INFO  BSP server: Downloaded https://repo.scala-lang.org/artifactory/maven-nightlies/com/github/plokhotnyuk/jsoniter-scala/jsoniter-scala-core_2.12/2.13.5.2/jsoniter-scala-core_2.12-2.13.5.2.pom.sha1
2025.11.14 15:24:56 INFO  BSP server: Downloading https://repo.scala-lang.org/artifactory/maven-nightlies/io/github/alexarchambault/bleep/nailgun-server/1.0.7/nailgun-server-1.0.7.pom.sha1
2025.11.14 15:24:56 INFO  BSP server: Downloading https://repo.scala-lang.org/artifactory/maven-nightlies/com/lihaoyi/unroll-annotation_2.12/0.1.12/unroll-annotation_2.12-0.1.12.pom.sha1
2025.11.14 15:24:56 INFO  BSP server: Downloaded https://repo.scala-lang.org/artifactory/maven-nightlies/org/scala-sbt/zinc_2.12/1.10.8/zinc_2.12-1.10.8.pom.sha1
2025.11.14 15:24:56 INFO  BSP server: Downloaded https://repo.scala-lang.org/artifactory/maven-nightlies/com/github/plokhotnyuk/jsoniter-scala/jsoniter-scala-macros_2.12/2.13.3.2/jsoniter-scala-macros_2.12-2.13.3.2.pom.sha1
2025.11.14 15:24:56 INFO  BSP server: Downloading https://repo.scala-lang.org/artifactory/maven-nightlies/ch/epfl/scala/directory-watcher/0.8.0+6-f651bd93/directory-watcher-0.8.0+6-f651bd93.pom.sha1
2025.11.14 15:24:56 INFO  BSP server: Downloaded https://repo.scala-lang.org/artifactory/maven-nightlies/ch/epfl/scala/bsp4s_2.12/2.1.1/bsp4s_2.12-2.1.1.pom.sha1
2025.11.14 15:24:56 INFO  BSP server: Downloaded https://repo.scala-lang.org/artifactory/maven-nightlies/io/monix/monix-eval_2.12/3.2.0/monix-eval_2.12-3.2.0.pom.sha1
2025.11.14 15:24:56 INFO  BSP server: Downloading https://repo.scala-lang.org/artifactory/maven-nightlies/org/scala-lang/modules/scala-collection-compat_2.12/2.13.0/scala-collection-compat_2.12-2.13.0.pom.sha1
2025.11.14 15:24:56 INFO  BSP server: Downloading https://repo.scala-lang.org/artifactory/maven-nightlies/io/monix/monix-reactive_2.12/3.2.0/monix-reactive_2.12-3.2.0.pom.sha1
2025.11.14 15:24:56 INFO  BSP server: Downloaded https://repo.scala-lang.org/artifactory/maven-nightlies/com/lihaoyi/unroll-annotation_2.12/0.1.12/unroll-annotation_2.12-0.1.12.pom.sha1
2025.11.14 15:24:56 INFO  BSP server: Downloaded https://repo.scala-lang.org/artifactory/maven-nightlies/io/github/alexarchambault/bleep/nailgun-server/1.0.7/nailgun-server-1.0.7.pom.sha1
2025.11.14 15:24:56 INFO  BSP server: Downloaded https://repo.scala-lang.org/artifactory/maven-nightlies/ch/epfl/scala/directory-watcher/0.8.0+6-f651bd93/directory-watcher-0.8.0+6-f651bd93.pom.sha1
2025.11.14 15:24:56 INFO  BSP server: Downloaded https://repo.scala-lang.org/artifactory/maven-nightlies/org/scala-lang/modules/scala-collection-compat_2.12/2.13.0/scala-collection-compat_2.12-2.13.0.pom.sha1
2025.11.14 15:24:56 INFO  BSP server: Downloaded https://repo.scala-lang.org/artifactory/maven-nightlies/io/monix/monix-reactive_2.12/3.2.0/monix-reactive_2.12-3.2.0.pom.sha1
2025.11.14 15:24:56 INFO  BSP server: Downloading https://oss.sonatype.org/content/repositories/snapshots/io/zipkin/reporter2/zipkin-reporter-parent/2.17.2/zipkin-reporter-parent-2.17.2.pom
2025.11.14 15:24:56 INFO  BSP server: Downloading https://oss.sonatype.org/content/repositories/snapshots/io/zipkin/brave/brave-parent/5.18.1/brave-parent-5.18.1.pom
2025.11.14 15:24:56 INFO  BSP server: Downloading https://oss.sonatype.org/content/repositories/snapshots/org/apache/logging/log4j/log4j/2.23.0/log4j-2.23.0.pom
2025.11.14 15:24:57 INFO  BSP server: Downloaded https://oss.sonatype.org/content/repositories/snapshots/io/zipkin/reporter2/zipkin-reporter-parent/2.17.2/zipkin-reporter-parent-2.17.2.pom
2025.11.14 15:24:57 INFO  BSP server: Downloading https://oss.sonatype.org/content/repositories/snapshots/io/zipkin/reporter2/zipkin-reporter-parent/2.17.2/zipkin-reporter-parent-2.17.2.pom.sha1
2025.11.14 15:24:57 INFO  BSP server: Downloaded https://oss.sonatype.org/content/repositories/snapshots/io/zipkin/brave/brave-parent/5.18.1/brave-parent-5.18.1.pom
2025.11.14 15:24:57 INFO  BSP server: Downloading https://oss.sonatype.org/content/repositories/snapshots/io/zipkin/brave/brave-parent/5.18.1/brave-parent-5.18.1.pom.sha1
2025.11.14 15:24:57 INFO  BSP server: Downloaded https://oss.sonatype.org/content/repositories/snapshots/org/apache/logging/log4j/log4j/2.23.0/log4j-2.23.0.pom
2025.11.14 15:24:57 INFO  BSP server: Downloading https://oss.sonatype.org/content/repositories/snapshots/org/apache/logging/log4j/log4j/2.23.0/log4j-2.23.0.pom.sha1
2025.11.14 15:24:57 INFO  BSP server: Downloaded https://oss.sonatype.org/content/repositories/snapshots/io/zipkin/reporter2/zipkin-reporter-parent/2.17.2/zipkin-reporter-parent-2.17.2.pom.sha1
2025.11.14 15:24:57 INFO  BSP server: Downloading https://s01.oss.sonatype.org/content/repositories/snapshots/io/zipkin/reporter2/zipkin-reporter-parent/2.17.2/zipkin-reporter-parent-2.17.2.pom
2025.11.14 15:24:57 INFO  BSP server: Downloaded https://oss.sonatype.org/content/repositories/snapshots/io/zipkin/brave/brave-parent/5.18.1/brave-parent-5.18.1.pom.sha1
2025.11.14 15:24:57 INFO  BSP server: Downloading https://s01.oss.sonatype.org/content/repositories/snapshots/io/zipkin/brave/brave-parent/5.18.1/brave-parent-5.18.1.pom
2025.11.14 15:24:57 INFO  BSP server: Downloaded https://oss.sonatype.org/content/repositories/snapshots/org/apache/logging/log4j/log4j/2.23.0/log4j-2.23.0.pom.sha1
2025.11.14 15:24:57 INFO  BSP server: Downloading https://s01.oss.sonatype.org/content/repositories/snapshots/org/apache/logging/log4j/log4j/2.23.0/log4j-2.23.0.pom
2025.11.14 15:24:57 INFO  BSP server: Downloaded https://s01.oss.sonatype.org/content/repositories/snapshots/io/zipkin/brave/brave-parent/5.18.1/brave-parent-5.18.1.pom
2025.11.14 15:24:57 INFO  BSP server: Downloading https://s01.oss.sonatype.org/content/repositories/snapshots/io/zipkin/brave/brave-parent/5.18.1/brave-parent-5.18.1.pom.sha1
2025.11.14 15:24:57 INFO  BSP server: Downloaded https://s01.oss.sonatype.org/content/repositories/snapshots/org/apache/logging/log4j/log4j/2.23.0/log4j-2.23.0.pom
2025.11.14 15:24:57 INFO  BSP server: Downloading https://s01.oss.sonatype.org/content/repositories/snapshots/org/apache/logging/log4j/log4j/2.23.0/log4j-2.23.0.pom.sha1
2025.11.14 15:24:57 INFO  BSP server: Downloaded https://s01.oss.sonatype.org/content/repositories/snapshots/io/zipkin/reporter2/zipkin-reporter-parent/2.17.2/zipkin-reporter-parent-2.17.2.pom
2025.11.14 15:24:57 INFO  BSP server: Downloading https://s01.oss.sonatype.org/content/repositories/snapshots/io/zipkin/reporter2/zipkin-reporter-parent/2.17.2/zipkin-reporter-parent-2.17.2.pom.sha1
2025.11.14 15:24:57 INFO  BSP server: Downloaded https://s01.oss.sonatype.org/content/repositories/snapshots/io/zipkin/brave/brave-parent/5.18.1/brave-parent-5.18.1.pom.sha1
2025.11.14 15:24:57 INFO  BSP server: Downloading https://central.sonatype.com/repository/maven-snapshots/io/zipkin/brave/brave-parent/5.18.1/brave-parent-5.18.1.pom
2025.11.14 15:24:57 INFO  BSP server: Downloaded https://s01.oss.sonatype.org/content/repositories/snapshots/org/apache/logging/log4j/log4j/2.23.0/log4j-2.23.0.pom.sha1
2025.11.14 15:24:57 INFO  BSP server: Downloading https://central.sonatype.com/repository/maven-snapshots/org/apache/logging/log4j/log4j/2.23.0/log4j-2.23.0.pom
2025.11.14 15:24:57 INFO  BSP server: Downloaded https://s01.oss.sonatype.org/content/repositories/snapshots/io/zipkin/reporter2/zipkin-reporter-parent/2.17.2/zipkin-reporter-parent-2.17.2.pom.sha1
2025.11.14 15:24:57 INFO  BSP server: Downloading https://central.sonatype.com/repository/maven-snapshots/io/zipkin/reporter2/zipkin-reporter-parent/2.17.2/zipkin-reporter-parent-2.17.2.pom
2025.11.14 15:24:58 INFO  BSP server: Downloaded https://central.sonatype.com/repository/maven-snapshots/io/zipkin/brave/brave-parent/5.18.1/brave-parent-5.18.1.pom
2025.11.14 15:24:58 INFO  BSP server: Downloading https://central.sonatype.com/repository/maven-snapshots/io/zipkin/brave/brave-parent/5.18.1/brave-parent-5.18.1.pom.sha1
2025.11.14 15:24:58 INFO  BSP server: Downloaded https://central.sonatype.com/repository/maven-snapshots/org/apache/logging/log4j/log4j/2.23.0/log4j-2.23.0.pom
2025.11.14 15:24:58 INFO  BSP server: Downloading https://central.sonatype.com/repository/maven-snapshots/org/apache/logging/log4j/log4j/2.23.0/log4j-2.23.0.pom.sha1
2025.11.14 15:24:58 INFO  BSP server: Downloaded https://central.sonatype.com/repository/maven-snapshots/io/zipkin/reporter2/zipkin-reporter-parent/2.17.2/zipkin-reporter-parent-2.17.2.pom
2025.11.14 15:24:58 INFO  BSP server: Downloading https://central.sonatype.com/repository/maven-snapshots/io/zipkin/reporter2/zipkin-reporter-parent/2.17.2/zipkin-reporter-parent-2.17.2.pom.sha1
2025.11.14 15:24:58 INFO  BSP server: Downloaded https://central.sonatype.com/repository/maven-snapshots/io/zipkin/brave/brave-parent/5.18.1/brave-parent-5.18.1.pom.sha1
2025.11.14 15:24:58 INFO  BSP server: Downloading https://repo.scala-lang.org/artifactory/maven-nightlies/io/zipkin/brave/brave-parent/5.18.1/brave-parent-5.18.1.pom
2025.11.14 15:24:58 INFO  BSP server: Downloaded https://central.sonatype.com/repository/maven-snapshots/org/apache/logging/log4j/log4j/2.23.0/log4j-2.23.0.pom.sha1
2025.11.14 15:24:58 INFO  BSP server: Downloading https://repo.scala-lang.org/artifactory/maven-nightlies/org/apache/logging/log4j/log4j/2.23.0/log4j-2.23.0.pom
2025.11.14 15:24:58 INFO  BSP server: Downloaded https://central.sonatype.com/repository/maven-snapshots/io/zipkin/reporter2/zipkin-reporter-parent/2.17.2/zipkin-reporter-parent-2.17.2.pom.sha1
2025.11.14 15:24:58 INFO  BSP server: Downloading https://repo.scala-lang.org/artifactory/maven-nightlies/io/zipkin/reporter2/zipkin-reporter-parent/2.17.2/zipkin-reporter-parent-2.17.2.pom
2025.11.14 15:24:59 INFO  BSP server: Downloaded https://repo.scala-lang.org/artifactory/maven-nightlies/io/zipkin/brave/brave-parent/5.18.1/brave-parent-5.18.1.pom
2025.11.14 15:24:59 INFO  BSP server: Downloading https://repo.scala-lang.org/artifactory/maven-nightlies/io/zipkin/brave/brave-parent/5.18.1/brave-parent-5.18.1.pom.sha1
2025.11.14 15:24:59 INFO  BSP server: Downloaded https://repo.scala-lang.org/artifactory/maven-nightlies/io/zipkin/reporter2/zipkin-reporter-parent/2.17.2/zipkin-reporter-parent-2.17.2.pom
2025.11.14 15:24:59 INFO  BSP server: Downloading https://repo.scala-lang.org/artifactory/maven-nightlies/io/zipkin/reporter2/zipkin-reporter-parent/2.17.2/zipkin-reporter-parent-2.17.2.pom.sha1
2025.11.14 15:24:59 INFO  BSP server: Downloaded https://repo.scala-lang.org/artifactory/maven-nightlies/org/apache/logging/log4j/log4j/2.23.0/log4j-2.23.0.pom
2025.11.14 15:24:59 INFO  BSP server: Downloading https://repo.scala-lang.org/artifactory/maven-nightlies/org/apache/logging/log4j/log4j/2.23.0/log4j-2.23.0.pom.sha1
2025.11.14 15:24:59 INFO  BSP server: Downloaded https://repo.scala-lang.org/artifactory/maven-nightlies/io/zipkin/brave/brave-parent/5.18.1/brave-parent-5.18.1.pom.sha1
2025.11.14 15:24:59 INFO  BSP server: Downloaded https://repo.scala-lang.org/artifactory/maven-nightlies/io/zipkin/reporter2/zipkin-reporter-parent/2.17.2/zipkin-reporter-parent-2.17.2.pom.sha1
2025.11.14 15:24:59 INFO  BSP server: Downloaded https://repo.scala-lang.org/artifactory/maven-nightlies/org/apache/logging/log4j/log4j/2.23.0/log4j-2.23.0.pom.sha1
2025.11.14 15:24:59 INFO  BSP server: Downloading https://oss.sonatype.org/content/repositories/snapshots/org/apache/logging/log4j/log4j-bom/2.23.0/log4j-bom-2.23.0.pom
2025.11.14 15:24:59 INFO  BSP server: Downloaded https://oss.sonatype.org/content/repositories/snapshots/org/apache/logging/log4j/log4j-bom/2.23.0/log4j-bom-2.23.0.pom
2025.11.14 15:24:59 INFO  BSP server: Downloading https://oss.sonatype.org/content/repositories/snapshots/org/apache/logging/log4j/log4j-bom/2.23.0/log4j-bom-2.23.0.pom.sha1
2025.11.14 15:24:59 INFO  BSP server: Downloaded https://oss.sonatype.org/content/repositories/snapshots/org/apache/logging/log4j/log4j-bom/2.23.0/log4j-bom-2.23.0.pom.sha1
2025.11.14 15:24:59 INFO  BSP server: Downloading https://s01.oss.sonatype.org/content/repositories/snapshots/org/apache/logging/log4j/log4j-bom/2.23.0/log4j-bom-2.23.0.pom
2025.11.14 15:25:01 INFO  BSP server: Downloaded https://s01.oss.sonatype.org/content/repositories/snapshots/org/apache/logging/log4j/log4j-bom/2.23.0/log4j-bom-2.23.0.pom
2025.11.14 15:25:01 INFO  BSP server: Downloading https://s01.oss.sonatype.org/content/repositories/snapshots/org/apache/logging/log4j/log4j-bom/2.23.0/log4j-bom-2.23.0.pom.sha1
2025.11.14 15:25:01 INFO  BSP server: Downloaded https://s01.oss.sonatype.org/content/repositories/snapshots/org/apache/logging/log4j/log4j-bom/2.23.0/log4j-bom-2.23.0.pom.sha1
2025.11.14 15:25:01 INFO  BSP server: Downloading https://central.sonatype.com/repository/maven-snapshots/org/apache/logging/log4j/log4j-bom/2.23.0/log4j-bom-2.23.0.pom
2025.11.14 15:25:01 INFO  BSP server: Downloaded https://central.sonatype.com/repository/maven-snapshots/org/apache/logging/log4j/log4j-bom/2.23.0/log4j-bom-2.23.0.pom
2025.11.14 15:25:01 INFO  BSP server: Downloading https://central.sonatype.com/repository/maven-snapshots/org/apache/logging/log4j/log4j-bom/2.23.0/log4j-bom-2.23.0.pom.sha1
2025.11.14 15:25:02 INFO  BSP server: Downloaded https://central.sonatype.com/repository/maven-snapshots/org/apache/logging/log4j/log4j-bom/2.23.0/log4j-bom-2.23.0.pom.sha1
2025.11.14 15:25:02 INFO  BSP server: Downloading https://repo.scala-lang.org/artifactory/maven-nightlies/org/apache/logging/log4j/log4j-bom/2.23.0/log4j-bom-2.23.0.pom
2025.11.14 15:25:02 INFO  BSP server: Downloaded https://repo.scala-lang.org/artifactory/maven-nightlies/org/apache/logging/log4j/log4j-bom/2.23.0/log4j-bom-2.23.0.pom
2025.11.14 15:25:02 INFO  BSP server: Downloading https://repo.scala-lang.org/artifactory/maven-nightlies/org/apache/logging/log4j/log4j-bom/2.23.0/log4j-bom-2.23.0.pom.sha1
2025.11.14 15:25:02 INFO  BSP server: Downloaded https://repo.scala-lang.org/artifactory/maven-nightlies/org/apache/logging/log4j/log4j-bom/2.23.0/log4j-bom-2.23.0.pom.sha1
2025.11.14 15:25:02 INFO  BSP server: Downloading https://oss.sonatype.org/content/repositories/snapshots/org/apache/logging/logging-parent/10.6.0/logging-parent-10.6.0.pom
2025.11.14 15:25:02 INFO  BSP server: Downloaded https://oss.sonatype.org/content/repositories/snapshots/org/apache/logging/logging-parent/10.6.0/logging-parent-10.6.0.pom
2025.11.14 15:25:02 INFO  BSP server: Downloading https://oss.sonatype.org/content/repositories/snapshots/org/apache/logging/logging-parent/10.6.0/logging-parent-10.6.0.pom.sha1
2025.11.14 15:25:03 INFO  BSP server: Downloaded https://oss.sonatype.org/content/repositories/snapshots/org/apache/logging/logging-parent/10.6.0/logging-parent-10.6.0.pom.sha1
2025.11.14 15:25:03 INFO  BSP server: Downloading https://s01.oss.sonatype.org/content/repositories/snapshots/org/apache/logging/logging-parent/10.6.0/logging-parent-10.6.0.pom
2025.11.14 15:25:03 INFO  BSP server: Downloaded https://s01.oss.sonatype.org/content/repositories/snapshots/org/apache/logging/logging-parent/10.6.0/logging-parent-10.6.0.pom
2025.11.14 15:25:03 INFO  BSP server: Downloading https://s01.oss.sonatype.org/content/repositories/snapshots/org/apache/logging/logging-parent/10.6.0/logging-parent-10.6.0.pom.sha1
2025.11.14 15:25:03 INFO  BSP server: Downloaded https://s01.oss.sonatype.org/content/repositories/snapshots/org/apache/logging/logging-parent/10.6.0/logging-parent-10.6.0.pom.sha1
2025.11.14 15:25:03 INFO  BSP server: Downloading https://central.sonatype.com/repository/maven-snapshots/org/apache/logging/logging-parent/10.6.0/logging-parent-10.6.0.pom
2025.11.14 15:25:04 INFO  BSP server: Downloaded https://central.sonatype.com/repository/maven-snapshots/org/apache/logging/logging-parent/10.6.0/logging-parent-10.6.0.pom
2025.11.14 15:25:04 INFO  BSP server: Downloading https://central.sonatype.com/repository/maven-snapshots/org/apache/logging/logging-parent/10.6.0/logging-parent-10.6.0.pom.sha1
2025.11.14 15:25:04 INFO  BSP server: Downloaded https://central.sonatype.com/repository/maven-snapshots/org/apache/logging/logging-parent/10.6.0/logging-parent-10.6.0.pom.sha1
2025.11.14 15:25:04 INFO  BSP server: Downloading https://repo.scala-lang.org/artifactory/maven-nightlies/org/apache/logging/logging-parent/10.6.0/logging-parent-10.6.0.pom
2025.11.14 15:25:06 INFO  BSP server: Downloaded https://repo.scala-lang.org/artifactory/maven-nightlies/org/apache/logging/logging-parent/10.6.0/logging-parent-10.6.0.pom
2025.11.14 15:25:06 INFO  BSP server: Downloading https://repo.scala-lang.org/artifactory/maven-nightlies/org/apache/logging/logging-parent/10.6.0/logging-parent-10.6.0.pom.sha1
2025.11.14 15:25:06 INFO  BSP server: Downloaded https://repo.scala-lang.org/artifactory/maven-nightlies/org/apache/logging/logging-parent/10.6.0/logging-parent-10.6.0.pom.sha1
2025.11.14 15:25:06 INFO  BSP server: Downloading https://oss.sonatype.org/content/repositories/snapshots/com/fasterxml/jackson/jackson-bom/2.16.1/jackson-bom-2.16.1.pom
2025.11.14 15:25:06 INFO  BSP server: Downloading https://oss.sonatype.org/content/repositories/snapshots/org/codehaus/groovy/groovy-bom/3.0.20/groovy-bom-3.0.20.pom
2025.11.14 15:25:06 INFO  BSP server: Downloading https://oss.sonatype.org/content/repositories/snapshots/org/mockito/mockito-bom/4.11.0/mockito-bom-4.11.0.pom
2025.11.14 15:25:06 INFO  BSP server: Downloading https://oss.sonatype.org/content/repositories/snapshots/jakarta/platform/jakarta.jakartaee-bom/9.1.0/jakarta.jakartaee-bom-9.1.0.pom
2025.11.14 15:25:06 INFO  BSP server: Downloading https://oss.sonatype.org/content/repositories/snapshots/io/fabric8/kubernetes-client-bom/5.12.4/kubernetes-client-bom-5.12.4.pom
2025.11.14 15:25:06 INFO  BSP server: Downloading https://oss.sonatype.org/content/repositories/snapshots/io/netty/netty-bom/4.1.107.Final/netty-bom-4.1.107.Final.pom
2025.11.14 15:25:06 INFO  BSP server: Downloaded https://oss.sonatype.org/content/repositories/snapshots/com/fasterxml/jackson/jackson-bom/2.16.1/jackson-bom-2.16.1.pom
2025.11.14 15:25:06 INFO  BSP server: Downloading https://oss.sonatype.org/content/repositories/snapshots/org/springframework/spring-framework-bom/5.3.32/spring-framework-bom-5.3.32.pom
2025.11.14 15:25:06 INFO  BSP server: Downloaded https://oss.sonatype.org/content/repositories/snapshots/org/springframework/spring-framework-bom/5.3.32/spring-framework-bom-5.3.32.pom
2025.11.14 15:25:06 INFO  BSP server: Downloading https://oss.sonatype.org/content/repositories/snapshots/com/fasterxml/jackson/jackson-bom/2.16.1/jackson-bom-2.16.1.pom.sha1
2025.11.14 15:25:06 INFO  BSP server: Downloaded https://oss.sonatype.org/content/repositories/snapshots/org/codehaus/groovy/groovy-bom/3.0.20/groovy-bom-3.0.20.pom
2025.11.14 15:25:06 INFO  BSP server: Downloading https://oss.sonatype.org/content/repositories/snapshots/org/springframework/spring-framework-bom/5.3.32/spring-framework-bom-5.3.32.pom.sha1
2025.11.14 15:25:06 INFO  BSP server: Downloaded https://oss.sonatype.org/content/repositories/snapshots/jakarta/platform/jakarta.jakartaee-bom/9.1.0/jakarta.jakartaee-bom-9.1.0.pom
2025.11.14 15:25:06 INFO  BSP server: Downloading https://oss.sonatype.org/content/repositories/snapshots/org/eclipse/jetty/jetty-bom/9.4.54.v20240208/jetty-bom-9.4.54.v20240208.pom
2025.11.14 15:25:06 INFO  BSP server: Downloaded https://oss.sonatype.org/content/repositories/snapshots/io/fabric8/kubernetes-client-bom/5.12.4/kubernetes-client-bom-5.12.4.pom
2025.11.14 15:25:06 INFO  BSP server: Downloading https://oss.sonatype.org/content/repositories/snapshots/org/codehaus/groovy/groovy-bom/3.0.20/groovy-bom-3.0.20.pom.sha1
2025.11.14 15:25:06 INFO  BSP server: Downloaded https://oss.sonatype.org/content/repositories/snapshots/org/mockito/mockito-bom/4.11.0/mockito-bom-4.11.0.pom
2025.11.14 15:25:06 INFO  BSP server: Downloading https://oss.sonatype.org/content/repositories/snapshots/jakarta/platform/jakarta.jakartaee-bom/9.1.0/jakarta.jakartaee-bom-9.1.0.pom.sha1
2025.11.14 15:25:06 INFO  BSP server: Downloaded https://oss.sonatype.org/content/repositories/snapshots/com/fasterxml/jackson/jackson-bom/2.16.1/jackson-bom-2.16.1.pom.sha1
2025.11.14 15:25:06 INFO  BSP server: Downloading https://oss.sonatype.org/content/repositories/snapshots/io/fabric8/kubernetes-client-bom/5.12.4/kubernetes-client-bom-5.12.4.pom.sha1
2025.11.14 15:25:06 INFO  BSP server: Downloaded https://oss.sonatype.org/content/repositories/snapshots/io/netty/netty-bom/4.1.107.Final/netty-bom-4.1.107.Final.pom
2025.11.14 15:25:06 INFO  BSP server: Downloading https://oss.sonatype.org/content/repositories/snapshots/org/mockito/mockito-bom/4.11.0/mockito-bom-4.11.0.pom.sha1
2025.11.14 15:25:06 INFO  BSP server: Downloaded https://oss.sonatype.org/content/repositories/snapshots/org/springframework/spring-framework-bom/5.3.32/spring-framework-bom-5.3.32.pom.sha1
2025.11.14 15:25:06 INFO  BSP server: Downloading https://oss.sonatype.org/content/repositories/snapshots/io/netty/netty-bom/4.1.107.Final/netty-bom-4.1.107.Final.pom.sha1
2025.11.14 15:25:06 INFO  BSP server: Downloaded https://oss.sonatype.org/content/repositories/snapshots/org/eclipse/jetty/jetty-bom/9.4.54.v20240208/jetty-bom-9.4.54.v20240208.pom
2025.11.14 15:25:06 INFO  BSP server: Downloading https://oss.sonatype.org/content/repositories/snapshots/org/eclipse/jetty/jetty-bom/9.4.54.v20240208/jetty-bom-9.4.54.v20240208.pom.sha1
2025.11.14 15:25:06 INFO  BSP server: Downloaded https://oss.sonatype.org/content/repositories/snapshots/org/codehaus/groovy/groovy-bom/3.0.20/groovy-bom-3.0.20.pom.sha1
2025.11.14 15:25:06 INFO  BSP server: Downloading https://s01.oss.sonatype.org/content/repositories/snapshots/com/fasterxml/jackson/jackson-bom/2.16.1/jackson-bom-2.16.1.pom
2025.11.14 15:25:06 INFO  BSP server: Downloaded https://oss.sonatype.org/content/repositories/snapshots/jakarta/platform/jakarta.jakartaee-bom/9.1.0/jakarta.jakartaee-bom-9.1.0.pom.sha1
2025.11.14 15:25:06 INFO  BSP server: Downloading https://s01.oss.sonatype.org/content/repositories/snapshots/org/springframework/spring-framework-bom/5.3.32/spring-framework-bom-5.3.32.pom
2025.11.14 15:25:06 INFO  BSP server: Downloaded https://oss.sonatype.org/content/repositories/snapshots/io/fabric8/kubernetes-client-bom/5.12.4/kubernetes-client-bom-5.12.4.pom.sha1
2025.11.14 15:25:06 INFO  BSP server: Downloading https://s01.oss.sonatype.org/content/repositories/snapshots/org/codehaus/groovy/groovy-bom/3.0.20/groovy-bom-3.0.20.pom
2025.11.14 15:25:06 INFO  BSP server: Downloaded https://oss.sonatype.org/content/repositories/snapshots/org/mockito/mockito-bom/4.11.0/mockito-bom-4.11.0.pom.sha1
2025.11.14 15:25:06 INFO  BSP server: Downloading https://s01.oss.sonatype.org/content/repositories/snapshots/jakarta/platform/jakarta.jakartaee-bom/9.1.0/jakarta.jakartaee-bom-9.1.0.pom
2025.11.14 15:25:06 INFO  BSP server: Downloaded https://oss.sonatype.org/content/repositories/snapshots/io/netty/netty-bom/4.1.107.Final/netty-bom-4.1.107.Final.pom.sha1
2025.11.14 15:25:06 INFO  BSP server: Downloading https://s01.oss.sonatype.org/content/repositories/snapshots/io/fabric8/kubernetes-client-bom/5.12.4/kubernetes-client-bom-5.12.4.pom
2025.11.14 15:25:07 INFO  BSP server: Downloaded https://oss.sonatype.org/content/repositories/snapshots/org/eclipse/jetty/jetty-bom/9.4.54.v20240208/jetty-bom-9.4.54.v20240208.pom.sha1
2025.11.14 15:25:07 INFO  BSP server: Downloading https://s01.oss.sonatype.org/content/repositories/snapshots/org/mockito/mockito-bom/4.11.0/mockito-bom-4.11.0.pom
2025.11.14 15:25:07 INFO  BSP server: Downloaded https://s01.oss.sonatype.org/content/repositories/snapshots/com/fasterxml/jackson/jackson-bom/2.16.1/jackson-bom-2.16.1.pom
2025.11.14 15:25:07 INFO  BSP server: Downloading https://s01.oss.sonatype.org/content/repositories/snapshots/io/netty/netty-bom/4.1.107.Final/netty-bom-4.1.107.Final.pom
2025.11.14 15:25:07 INFO  BSP server: Downloaded https://s01.oss.sonatype.org/content/repositories/snapshots/org/springframework/spring-framework-bom/5.3.32/spring-framework-bom-5.3.32.pom
2025.11.14 15:25:07 INFO  BSP server: Downloading https://s01.oss.sonatype.org/content/repositories/snapshots/org/eclipse/jetty/jetty-bom/9.4.54.v20240208/jetty-bom-9.4.54.v20240208.pom
2025.11.14 15:25:07 INFO  BSP server: Downloaded https://s01.oss.sonatype.org/content/repositories/snapshots/org/codehaus/groovy/groovy-bom/3.0.20/groovy-bom-3.0.20.pom
2025.11.14 15:25:07 INFO  BSP server: Downloading https://s01.oss.sonatype.org/content/repositories/snapshots/com/fasterxml/jackson/jackson-bom/2.16.1/jackson-bom-2.16.1.pom.sha1
2025.11.14 15:25:07 INFO  BSP server: Downloaded https://s01.oss.sonatype.org/content/repositories/snapshots/jakarta/platform/jakarta.jakartaee-bom/9.1.0/jakarta.jakartaee-bom-9.1.0.pom
2025.11.14 15:25:07 INFO  BSP server: Downloading https://s01.oss.sonatype.org/content/repositories/snapshots/org/springframework/spring-framework-bom/5.3.32/spring-framework-bom-5.3.32.pom.sha1
2025.11.14 15:25:07 INFO  BSP server: Downloaded https://s01.oss.sonatype.org/content/repositories/snapshots/org/mockito/mockito-bom/4.11.0/mockito-bom-4.11.0.pom
2025.11.14 15:25:07 INFO  BSP server: Downloading https://s01.oss.sonatype.org/content/repositories/snapshots/org/codehaus/groovy/groovy-bom/3.0.20/groovy-bom-3.0.20.pom.sha1
2025.11.14 15:25:07 INFO  BSP server: Downloaded https://s01.oss.sonatype.org/content/repositories/snapshots/io/netty/netty-bom/4.1.107.Final/netty-bom-4.1.107.Final.pom
2025.11.14 15:25:07 INFO  BSP server: Downloading https://s01.oss.sonatype.org/content/repositories/snapshots/jakarta/platform/jakarta.jakartaee-bom/9.1.0/jakarta.jakartaee-bom-9.1.0.pom.sha1
2025.11.14 15:25:07 INFO  BSP server: Downloaded https://s01.oss.sonatype.org/content/repositories/snapshots/org/springframework/spring-framework-bom/5.3.32/spring-framework-bom-5.3.32.pom.sha1
2025.11.14 15:25:07 INFO  BSP server: Downloading https://s01.oss.sonatype.org/content/repositories/snapshots/org/mockito/mockito-bom/4.11.0/mockito-bom-4.11.0.pom.sha1
2025.11.14 15:25:07 INFO  BSP server: Downloaded https://s01.oss.sonatype.org/content/repositories/snapshots/com/fasterxml/jackson/jackson-bom/2.16.1/jackson-bom-2.16.1.pom.sha1
2025.11.14 15:25:07 INFO  BSP server: Downloading https://s01.oss.sonatype.org/content/repositories/snapshots/io/netty/netty-bom/4.1.107.Final/netty-bom-4.1.107.Final.pom.sha1
2025.11.14 15:25:07 INFO  BSP server: Downloaded https://s01.oss.sonatype.org/content/repositories/snapshots/org/codehaus/groovy/groovy-bom/3.0.20/groovy-bom-3.0.20.pom.sha1
2025.11.14 15:25:07 INFO  BSP server: Downloading https://central.sonatype.com/repository/maven-snapshots/org/springframework/spring-framework-bom/5.3.32/spring-framework-bom-5.3.32.pom
2025.11.14 15:25:07 INFO  BSP server: Downloaded https://s01.oss.sonatype.org/content/repositories/snapshots/org/eclipse/jetty/jetty-bom/9.4.54.v20240208/jetty-bom-9.4.54.v20240208.pom
2025.11.14 15:25:07 INFO  BSP server: Downloading https://central.sonatype.com/repository/maven-snapshots/com/fasterxml/jackson/jackson-bom/2.16.1/jackson-bom-2.16.1.pom
2025.11.14 15:25:07 INFO  BSP server: Downloaded https://s01.oss.sonatype.org/content/repositories/snapshots/jakarta/platform/jakarta.jakartaee-bom/9.1.0/jakarta.jakartaee-bom-9.1.0.pom.sha1
2025.11.14 15:25:07 INFO  BSP server: Downloading https://central.sonatype.com/repository/maven-snapshots/org/codehaus/groovy/groovy-bom/3.0.20/groovy-bom-3.0.20.pom
2025.11.14 15:25:07 INFO  BSP server: Downloaded https://s01.oss.sonatype.org/content/repositories/snapshots/org/mockito/mockito-bom/4.11.0/mockito-bom-4.11.0.pom.sha1
2025.11.14 15:25:07 INFO  BSP server: Downloading https://s01.oss.sonatype.org/content/repositories/snapshots/org/eclipse/jetty/jetty-bom/9.4.54.v20240208/jetty-bom-9.4.54.v20240208.pom.sha1
2025.11.14 15:25:07 INFO  BSP server: Downloaded https://s01.oss.sonatype.org/content/repositories/snapshots/io/fabric8/kubernetes-client-bom/5.12.4/kubernetes-client-bom-5.12.4.pom
2025.11.14 15:25:07 INFO  BSP server: Downloading https://s01.oss.sonatype.org/content/repositories/snapshots/io/fabric8/kubernetes-client-bom/5.12.4/kubernetes-client-bom-5.12.4.pom.sha1
2025.11.14 15:25:08 INFO  BSP server: Downloaded https://central.sonatype.com/repository/maven-snapshots/org/springframework/spring-framework-bom/5.3.32/spring-framework-bom-5.3.32.pom
2025.11.14 15:25:08 INFO  BSP server: Downloading https://central.sonatype.com/repository/maven-snapshots/jakarta/platform/jakarta.jakartaee-bom/9.1.0/jakarta.jakartaee-bom-9.1.0.pom
2025.11.14 15:25:08 INFO  BSP server: Downloaded https://s01.oss.sonatype.org/content/repositories/snapshots/org/eclipse/jetty/jetty-bom/9.4.54.v20240208/jetty-bom-9.4.54.v20240208.pom.sha1
2025.11.14 15:25:08 INFO  BSP server: Downloading https://central.sonatype.com/repository/maven-snapshots/org/mockito/mockito-bom/4.11.0/mockito-bom-4.11.0.pom
2025.11.14 15:25:08 INFO  BSP server: Downloaded https://central.sonatype.com/repository/maven-snapshots/com/fasterxml/jackson/jackson-bom/2.16.1/jackson-bom-2.16.1.pom
2025.11.14 15:25:08 INFO  BSP server: Downloading https://central.sonatype.com/repository/maven-snapshots/org/springframework/spring-framework-bom/5.3.32/spring-framework-bom-5.3.32.pom.sha1
2025.11.14 15:25:08 INFO  BSP server: Downloaded https://s01.oss.sonatype.org/content/repositories/snapshots/io/fabric8/kubernetes-client-bom/5.12.4/kubernetes-client-bom-5.12.4.pom.sha1
2025.11.14 15:25:08 INFO  BSP server: Downloading https://central.sonatype.com/repository/maven-snapshots/com/fasterxml/jackson/jackson-bom/2.16.1/jackson-bom-2.16.1.pom.sha1
2025.11.14 15:25:08 INFO  BSP server: Downloaded https://central.sonatype.com/repository/maven-snapshots/org/codehaus/groovy/groovy-bom/3.0.20/groovy-bom-3.0.20.pom
2025.11.14 15:25:08 INFO  BSP server: Downloading https://central.sonatype.com/repository/maven-snapshots/org/eclipse/jetty/jetty-bom/9.4.54.v20240208/jetty-bom-9.4.54.v20240208.pom
2025.11.14 15:25:08 INFO  BSP server: Downloaded https://central.sonatype.com/repository/maven-snapshots/jakarta/platform/jakarta.jakartaee-bom/9.1.0/jakarta.jakartaee-bom-9.1.0.pom
2025.11.14 15:25:08 INFO  BSP server: Downloading https://central.sonatype.com/repository/maven-snapshots/org/codehaus/groovy/groovy-bom/3.0.20/groovy-bom-3.0.20.pom.sha1
2025.11.14 15:25:08 INFO  BSP server: Downloaded https://central.sonatype.com/repository/maven-snapshots/org/mockito/mockito-bom/4.11.0/mockito-bom-4.11.0.pom
2025.11.14 15:25:08 INFO  BSP server: Downloading https://central.sonatype.com/repository/maven-snapshots/io/fabric8/kubernetes-client-bom/5.12.4/kubernetes-client-bom-5.12.4.pom
2025.11.14 15:25:08 INFO  BSP server: Downloaded https://central.sonatype.com/repository/maven-snapshots/org/springframework/spring-framework-bom/5.3.32/spring-framework-bom-5.3.32.pom.sha1
2025.11.14 15:25:08 INFO  BSP server: Downloading https://central.sonatype.com/repository/maven-snapshots/jakarta/platform/jakarta.jakartaee-bom/9.1.0/jakarta.jakartaee-bom-9.1.0.pom.sha1
2025.11.14 15:25:08 INFO  BSP server: Downloaded https://central.sonatype.com/repository/maven-snapshots/com/fasterxml/jackson/jackson-bom/2.16.1/jackson-bom-2.16.1.pom.sha1
2025.11.14 15:25:08 INFO  BSP server: Downloading https://central.sonatype.com/repository/maven-snapshots/org/mockito/mockito-bom/4.11.0/mockito-bom-4.11.0.pom.sha1
2025.11.14 15:25:08 INFO  BSP server: Downloaded https://central.sonatype.com/repository/maven-snapshots/org/eclipse/jetty/jetty-bom/9.4.54.v20240208/jetty-bom-9.4.54.v20240208.pom
2025.11.14 15:25:08 INFO  BSP server: Downloading https://central.sonatype.com/repository/maven-snapshots/org/eclipse/jetty/jetty-bom/9.4.54.v20240208/jetty-bom-9.4.54.v20240208.pom.sha1
2025.11.14 15:25:08 INFO  BSP server: Downloaded https://s01.oss.sonatype.org/content/repositories/snapshots/io/netty/netty-bom/4.1.107.Final/netty-bom-4.1.107.Final.pom.sha1
2025.11.14 15:25:08 INFO  BSP server: Downloading https://repo.scala-lang.org/artifactory/maven-nightlies/org/springframework/spring-framework-bom/5.3.32/spring-framework-bom-5.3.32.pom
2025.11.14 15:25:08 INFO  BSP server: Downloaded https://central.sonatype.com/repository/maven-snapshots/org/codehaus/groovy/groovy-bom/3.0.20/groovy-bom-3.0.20.pom.sha1
2025.11.14 15:25:08 INFO  BSP server: Downloading https://repo.scala-lang.org/artifactory/maven-nightlies/com/fasterxml/jackson/jackson-bom/2.16.1/jackson-bom-2.16.1.pom
2025.11.14 15:25:09 INFO  BSP server: Downloaded https://central.sonatype.com/repository/maven-snapshots/io/fabric8/kubernetes-client-bom/5.12.4/kubernetes-client-bom-5.12.4.pom
2025.11.14 15:25:09 INFO  BSP server: Downloading https://central.sonatype.com/repository/maven-snapshots/io/fabric8/kubernetes-client-bom/5.12.4/kubernetes-client-bom-5.12.4.pom.sha1
2025.11.14 15:25:09 INFO  BSP server: Downloaded https://central.sonatype.com/repository/maven-snapshots/jakarta/platform/jakarta.jakartaee-bom/9.1.0/jakarta.jakartaee-bom-9.1.0.pom.sha1
2025.11.14 15:25:09 INFO  BSP server: Downloading https://central.sonatype.com/repository/maven-snapshots/io/netty/netty-bom/4.1.107.Final/netty-bom-4.1.107.Final.pom
2025.11.14 15:25:09 INFO  BSP server: Downloaded https://central.sonatype.com/repository/maven-snapshots/org/mockito/mockito-bom/4.11.0/mockito-bom-4.11.0.pom.sha1
2025.11.14 15:25:09 INFO  BSP server: Downloading https://repo.scala-lang.org/artifactory/maven-nightlies/org/codehaus/groovy/groovy-bom/3.0.20/groovy-bom-3.0.20.pom
2025.11.14 15:25:09 INFO  BSP server: Downloaded https://central.sonatype.com/repository/maven-snapshots/org/eclipse/jetty/jetty-bom/9.4.54.v20240208/jetty-bom-9.4.54.v20240208.pom.sha1
2025.11.14 15:25:09 INFO  BSP server: Downloading https://repo.scala-lang.org/artifactory/maven-nightlies/jakarta/platform/jakarta.jakartaee-bom/9.1.0/jakarta.jakartaee-bom-9.1.0.pom
2025.11.14 15:25:09 INFO  BSP server: Downloaded https://repo.scala-lang.org/artifactory/maven-nightlies/org/springframework/spring-framework-bom/5.3.32/spring-framework-bom-5.3.32.pom
2025.11.14 15:25:09 INFO  BSP server: Downloading https://repo.scala-lang.org/artifactory/maven-nightlies/org/mockito/mockito-bom/4.11.0/mockito-bom-4.11.0.pom
2025.11.14 15:25:09 INFO  BSP server: Downloaded https://central.sonatype.com/repository/maven-snapshots/io/fabric8/kubernetes-client-bom/5.12.4/kubernetes-client-bom-5.12.4.pom.sha1
2025.11.14 15:25:09 INFO  BSP server: Downloading https://repo.scala-lang.org/artifactory/maven-nightlies/org/eclipse/jetty/jetty-bom/9.4.54.v20240208/jetty-bom-9.4.54.v20240208.pom
2025.11.14 15:25:09 INFO  BSP server: Downloaded https://repo.scala-lang.org/artifactory/maven-nightlies/org/mockito/mockito-bom/4.11.0/mockito-bom-4.11.0.pom
2025.11.14 15:25:09 INFO  BSP server: Downloading https://repo.scala-lang.org/artifactory/maven-nightlies/org/springframework/spring-framework-bom/5.3.32/spring-framework-bom-5.3.32.pom.sha1
2025.11.14 15:25:09 INFO  BSP server: Downloaded https://central.sonatype.com/repository/maven-snapshots/io/netty/netty-bom/4.1.107.Final/netty-bom-4.1.107.Final.pom
2025.11.14 15:25:09 INFO  BSP server: Downloading https://repo.scala-lang.org/artifactory/maven-nightlies/org/mockito/mockito-bom/4.11.0/mockito-bom-4.11.0.pom.sha1
2025.11.14 15:25:09 INFO  BSP server: Downloaded https://repo.scala-lang.org/artifactory/maven-nightlies/com/fasterxml/jackson/jackson-bom/2.16.1/jackson-bom-2.16.1.pom
2025.11.14 15:25:09 INFO  BSP server: Downloading https://central.sonatype.com/repository/maven-snapshots/io/netty/netty-bom/4.1.107.Final/netty-bom-4.1.107.Final.pom.sha1
2025.11.14 15:25:09 INFO  BSP server: Downloaded https://repo.scala-lang.org/artifactory/maven-nightlies/org/springframework/spring-framework-bom/5.3.32/spring-framework-bom-5.3.32.pom.sha1
2025.11.14 15:25:09 INFO  BSP server: Downloading https://repo.scala-lang.org/artifactory/maven-nightlies/io/fabric8/kubernetes-client-bom/5.12.4/kubernetes-client-bom-5.12.4.pom
2025.11.14 15:25:10 INFO  BSP server: Downloaded https://repo.scala-lang.org/artifactory/maven-nightlies/jakarta/platform/jakarta.jakartaee-bom/9.1.0/jakarta.jakartaee-bom-9.1.0.pom
2025.11.14 15:25:10 INFO  BSP server: Downloading https://repo.scala-lang.org/artifactory/maven-nightlies/jakarta/platform/jakarta.jakartaee-bom/9.1.0/jakarta.jakartaee-bom-9.1.0.pom.sha1
2025.11.14 15:25:10 INFO  BSP server: Downloaded https://repo.scala-lang.org/artifactory/maven-nightlies/org/codehaus/groovy/groovy-bom/3.0.20/groovy-bom-3.0.20.pom
2025.11.14 15:25:10 INFO  BSP server: Downloading https://repo.scala-lang.org/artifactory/maven-nightlies/org/codehaus/groovy/groovy-bom/3.0.20/groovy-bom-3.0.20.pom.sha1
2025.11.14 15:25:10 INFO  BSP server: Downloaded https://repo.scala-lang.org/artifactory/maven-nightlies/org/mockito/mockito-bom/4.11.0/mockito-bom-4.11.0.pom.sha1
2025.11.14 15:25:10 INFO  BSP server: Downloaded https://central.sonatype.com/repository/maven-snapshots/io/netty/netty-bom/4.1.107.Final/netty-bom-4.1.107.Final.pom.sha1
2025.11.14 15:25:10 INFO  BSP server: Downloading https://repo.scala-lang.org/artifactory/maven-nightlies/io/netty/netty-bom/4.1.107.Final/netty-bom-4.1.107.Final.pom
2025.11.14 15:25:10 INFO  BSP server: Downloaded https://repo.scala-lang.org/artifactory/maven-nightlies/jakarta/platform/jakarta.jakartaee-bom/9.1.0/jakarta.jakartaee-bom-9.1.0.pom.sha1
2025.11.14 15:25:10 INFO  BSP server: Downloaded https://repo.scala-lang.org/artifactory/maven-nightlies/io/fabric8/kubernetes-client-bom/5.12.4/kubernetes-client-bom-5.12.4.pom
2025.11.14 15:25:10 INFO  BSP server: Downloading https://repo.scala-lang.org/artifactory/maven-nightlies/io/fabric8/kubernetes-client-bom/5.12.4/kubernetes-client-bom-5.12.4.pom.sha1
2025.11.14 15:25:10 INFO  BSP server: Downloaded https://repo.scala-lang.org/artifactory/maven-nightlies/org/eclipse/jetty/jetty-bom/9.4.54.v20240208/jetty-bom-9.4.54.v20240208.pom
2025.11.14 15:25:10 INFO  BSP server: Downloading https://repo.scala-lang.org/artifactory/maven-nightlies/org/eclipse/jetty/jetty-bom/9.4.54.v20240208/jetty-bom-9.4.54.v20240208.pom.sha1
2025.11.14 15:25:10 INFO  BSP server: Downloaded https://repo.scala-lang.org/artifactory/maven-nightlies/org/codehaus/groovy/groovy-bom/3.0.20/groovy-bom-3.0.20.pom.sha1
2025.11.14 15:25:10 INFO  BSP server: Downloaded https://repo.scala-lang.org/artifactory/maven-nightlies/io/netty/netty-bom/4.1.107.Final/netty-bom-4.1.107.Final.pom
2025.11.14 15:25:10 INFO  BSP server: Downloading https://repo.scala-lang.org/artifactory/maven-nightlies/io/netty/netty-bom/4.1.107.Final/netty-bom-4.1.107.Final.pom.sha1
2025.11.14 15:25:10 INFO  BSP server: Downloaded https://repo.scala-lang.org/artifactory/maven-nightlies/io/fabric8/kubernetes-client-bom/5.12.4/kubernetes-client-bom-5.12.4.pom.sha1
2025.11.14 15:25:11 INFO  BSP server: Downloaded https://repo.scala-lang.org/artifactory/maven-nightlies/io/netty/netty-bom/4.1.107.Final/netty-bom-4.1.107.Final.pom.sha1
2025.11.14 15:25:11 INFO  BSP server: Downloaded https://repo.scala-lang.org/artifactory/maven-nightlies/org/eclipse/jetty/jetty-bom/9.4.54.v20240208/jetty-bom-9.4.54.v20240208.pom.sha1
2025.11.14 15:25:11 INFO  BSP server: Downloading https://oss.sonatype.org/content/repositories/snapshots/jakarta/platform/jakartaee-api-parent/9.1.0/jakartaee-api-parent-9.1.0.pom
2025.11.14 15:25:11 INFO  BSP server: Downloading https://oss.sonatype.org/content/repositories/snapshots/com/fasterxml/jackson/jackson-parent/2.16/jackson-parent-2.16.pom
2025.11.14 15:25:11 INFO  BSP server: Downloaded https://oss.sonatype.org/content/repositories/snapshots/jakarta/platform/jakartaee-api-parent/9.1.0/jakartaee-api-parent-9.1.0.pom
2025.11.14 15:25:11 INFO  BSP server: Downloading https://oss.sonatype.org/content/repositories/snapshots/jakarta/platform/jakartaee-api-parent/9.1.0/jakartaee-api-parent-9.1.0.pom.sha1
2025.11.14 15:25:11 INFO  BSP server: Downloaded https://oss.sonatype.org/content/repositories/snapshots/com/fasterxml/jackson/jackson-parent/2.16/jackson-parent-2.16.pom
2025.11.14 15:25:11 INFO  BSP server: Downloading https://oss.sonatype.org/content/repositories/snapshots/com/fasterxml/jackson/jackson-parent/2.16/jackson-parent-2.16.pom.sha1
2025.11.14 15:25:11 INFO  BSP server: Downloaded https://oss.sonatype.org/content/repositories/snapshots/jakarta/platform/jakartaee-api-parent/9.1.0/jakartaee-api-parent-9.1.0.pom.sha1
2025.11.14 15:25:11 INFO  BSP server: Downloading https://s01.oss.sonatype.org/content/repositories/snapshots/jakarta/platform/jakartaee-api-parent/9.1.0/jakartaee-api-parent-9.1.0.pom
2025.11.14 15:25:11 INFO  BSP server: Downloaded https://oss.sonatype.org/content/repositories/snapshots/com/fasterxml/jackson/jackson-parent/2.16/jackson-parent-2.16.pom.sha1
2025.11.14 15:25:11 INFO  BSP server: Downloading https://s01.oss.sonatype.org/content/repositories/snapshots/com/fasterxml/jackson/jackson-parent/2.16/jackson-parent-2.16.pom
2025.11.14 15:25:11 INFO  BSP server: Downloaded https://s01.oss.sonatype.org/content/repositories/snapshots/jakarta/platform/jakartaee-api-parent/9.1.0/jakartaee-api-parent-9.1.0.pom
2025.11.14 15:25:11 INFO  BSP server: Downloading https://s01.oss.sonatype.org/content/repositories/snapshots/jakarta/platform/jakartaee-api-parent/9.1.0/jakartaee-api-parent-9.1.0.pom.sha1
2025.11.14 15:25:11 INFO  BSP server: Downloaded https://s01.oss.sonatype.org/content/repositories/snapshots/com/fasterxml/jackson/jackson-parent/2.16/jackson-parent-2.16.pom
2025.11.14 15:25:11 INFO  BSP server: Downloading https://s01.oss.sonatype.org/content/repositories/snapshots/com/fasterxml/jackson/jackson-parent/2.16/jackson-parent-2.16.pom.sha1
2025.11.14 15:25:11 INFO  BSP server: Downloaded https://s01.oss.sonatype.org/content/repositories/snapshots/jakarta/platform/jakartaee-api-parent/9.1.0/jakartaee-api-parent-9.1.0.pom.sha1
2025.11.14 15:25:11 INFO  BSP server: Downloading https://central.sonatype.com/repository/maven-snapshots/jakarta/platform/jakartaee-api-parent/9.1.0/jakartaee-api-parent-9.1.0.pom
2025.11.14 15:25:13 INFO  BSP server: Downloaded https://s01.oss.sonatype.org/content/repositories/snapshots/com/fasterxml/jackson/jackson-parent/2.16/jackson-parent-2.16.pom.sha1
2025.11.14 15:25:13 INFO  BSP server: Downloading https://central.sonatype.com/repository/maven-snapshots/com/fasterxml/jackson/jackson-parent/2.16/jackson-parent-2.16.pom
2025.11.14 15:25:13 INFO  BSP server: Downloaded https://central.sonatype.com/repository/maven-snapshots/jakarta/platform/jakartaee-api-parent/9.1.0/jakartaee-api-parent-9.1.0.pom
2025.11.14 15:25:13 INFO  BSP server: Downloading https://central.sonatype.com/repository/maven-snapshots/jakarta/platform/jakartaee-api-parent/9.1.0/jakartaee-api-parent-9.1.0.pom.sha1
2025.11.14 15:25:13 INFO  BSP server: Downloaded https://central.sonatype.com/repository/maven-snapshots/com/fasterxml/jackson/jackson-parent/2.16/jackson-parent-2.16.pom
2025.11.14 15:25:13 INFO  BSP server: Downloading https://central.sonatype.com/repository/maven-snapshots/com/fasterxml/jackson/jackson-parent/2.16/jackson-parent-2.16.pom.sha1
2025.11.14 15:25:13 INFO  BSP server: Downloaded https://central.sonatype.com/repository/maven-snapshots/jakarta/platform/jakartaee-api-parent/9.1.0/jakartaee-api-parent-9.1.0.pom.sha1
2025.11.14 15:25:13 INFO  BSP server: Downloading https://repo.scala-lang.org/artifactory/maven-nightlies/jakarta/platform/jakartaee-api-parent/9.1.0/jakartaee-api-parent-9.1.0.pom
2025.11.14 15:25:13 INFO  BSP server: Downloaded https://central.sonatype.com/repository/maven-snapshots/com/fasterxml/jackson/jackson-parent/2.16/jackson-parent-2.16.pom.sha1
2025.11.14 15:25:13 INFO  BSP server: Downloading https://repo.scala-lang.org/artifactory/maven-nightlies/com/fasterxml/jackson/jackson-parent/2.16/jackson-parent-2.16.pom
2025.11.14 15:25:14 INFO  BSP server: Downloaded https://repo.scala-lang.org/artifactory/maven-nightlies/jakarta/platform/jakartaee-api-parent/9.1.0/jakartaee-api-parent-9.1.0.pom
2025.11.14 15:25:14 INFO  BSP server: Downloading https://repo.scala-lang.org/artifactory/maven-nightlies/jakarta/platform/jakartaee-api-parent/9.1.0/jakartaee-api-parent-9.1.0.pom.sha1
2025.11.14 15:25:14 INFO  BSP server: Downloaded https://repo.scala-lang.org/artifactory/maven-nightlies/com/fasterxml/jackson/jackson-parent/2.16/jackson-parent-2.16.pom
2025.11.14 15:25:14 INFO  BSP server: Downloaded https://repo.scala-lang.org/artifactory/maven-nightlies/jakarta/platform/jakartaee-api-parent/9.1.0/jakartaee-api-parent-9.1.0.pom.sha1
2025.11.14 15:25:14 INFO  BSP server: Downloading https://oss.sonatype.org/content/repositories/snapshots/com/fasterxml/oss-parent/56/oss-parent-56.pom
2025.11.14 15:25:14 INFO  BSP server: Downloaded https://oss.sonatype.org/content/repositories/snapshots/com/fasterxml/oss-parent/56/oss-parent-56.pom
2025.11.14 15:25:14 INFO  BSP server: Downloading https://oss.sonatype.org/content/repositories/snapshots/com/fasterxml/oss-parent/56/oss-parent-56.pom.sha1
2025.11.14 15:25:14 INFO  BSP server: Downloaded https://oss.sonatype.org/content/repositories/snapshots/com/fasterxml/oss-parent/56/oss-parent-56.pom.sha1
2025.11.14 15:25:14 INFO  BSP server: Downloading https://s01.oss.sonatype.org/content/repositories/snapshots/com/fasterxml/oss-parent/56/oss-parent-56.pom
2025.11.14 15:25:14 INFO  BSP server: Downloaded https://s01.oss.sonatype.org/content/repositories/snapshots/com/fasterxml/oss-parent/56/oss-parent-56.pom
2025.11.14 15:25:14 INFO  BSP server: Downloading https://s01.oss.sonatype.org/content/repositories/snapshots/com/fasterxml/oss-parent/56/oss-parent-56.pom.sha1
2025.11.14 15:25:15 INFO  BSP server: Downloaded https://s01.oss.sonatype.org/content/repositories/snapshots/com/fasterxml/oss-parent/56/oss-parent-56.pom.sha1
2025.11.14 15:25:15 INFO  BSP server: Downloading https://central.sonatype.com/repository/maven-snapshots/com/fasterxml/oss-parent/56/oss-parent-56.pom
2025.11.14 15:25:15 INFO  BSP server: Downloaded https://central.sonatype.com/repository/maven-snapshots/com/fasterxml/oss-parent/56/oss-parent-56.pom
2025.11.14 15:25:15 INFO  BSP server: Downloading https://central.sonatype.com/repository/maven-snapshots/com/fasterxml/oss-parent/56/oss-parent-56.pom.sha1
2025.11.14 15:25:15 INFO  BSP server: Downloaded https://central.sonatype.com/repository/maven-snapshots/com/fasterxml/oss-parent/56/oss-parent-56.pom.sha1
2025.11.14 15:25:15 INFO  BSP server: Downloading https://repo.scala-lang.org/artifactory/maven-nightlies/com/fasterxml/oss-parent/56/oss-parent-56.pom
2025.11.14 15:25:16 INFO  BSP server: Downloaded https://repo.scala-lang.org/artifactory/maven-nightlies/com/fasterxml/oss-parent/56/oss-parent-56.pom
2025.11.14 15:25:16 INFO  BSP server: Downloading https://oss.sonatype.org/content/repositories/snapshots/io/zipkin/zipkin2/zipkin/2.27.0/zipkin-2.27.0.pom
2025.11.14 15:25:16 INFO  BSP server: Downloading https://oss.sonatype.org/content/repositories/snapshots/org/scala-sbt/zinc-core_2.12/1.10.8/zinc-core_2.12-1.10.8.pom
2025.11.14 15:25:16 INFO  BSP server: Downloading https://oss.sonatype.org/content/repositories/snapshots/com/chuusai/shapeless_2.12/2.3.3/shapeless_2.12-2.3.3.pom
2025.11.14 15:25:16 INFO  BSP server: Downloading https://oss.sonatype.org/content/repositories/snapshots/com/outr/scribe_2.12/3.5.5/scribe_2.12-3.5.5.pom
2025.11.14 15:25:16 INFO  BSP server: Downloading https://oss.sonatype.org/content/repositories/snapshots/org/scalameta/trees_2.12/4.13.8/trees_2.12-4.13.8.pom
2025.11.14 15:25:16 INFO  BSP server: Downloading https://oss.sonatype.org/content/repositories/snapshots/io/get-coursier/util/directories/0.1.2/directories-0.1.2.pom
2025.11.14 15:25:16 INFO  BSP server: Downloaded https://oss.sonatype.org/content/repositories/snapshots/io/zipkin/zipkin2/zipkin/2.27.0/zipkin-2.27.0.pom
2025.11.14 15:25:16 INFO  BSP server: Downloading https://oss.sonatype.org/content/repositories/snapshots/org/scala-sbt/zinc-persist_2.12/1.10.8/zinc-persist_2.12-1.10.8.pom
2025.11.14 15:25:16 INFO  BSP server: Downloaded https://oss.sonatype.org/content/repositories/snapshots/org/scala-sbt/zinc-core_2.12/1.10.8/zinc-core_2.12-1.10.8.pom
2025.11.14 15:25:16 INFO  BSP server: Downloading https://oss.sonatype.org/content/repositories/snapshots/io/zipkin/reporter2/zipkin-reporter/2.17.2/zipkin-reporter-2.17.2.pom
2025.11.14 15:25:16 INFO  BSP server: Downloaded https://oss.sonatype.org/content/repositories/snapshots/org/scala-sbt/zinc-persist_2.12/1.10.8/zinc-persist_2.12-1.10.8.pom
2025.11.14 15:25:16 INFO  BSP server: Downloading https://oss.sonatype.org/content/repositories/snapshots/org/scala-sbt/zinc-classfile_2.12/1.10.8/zinc-classfile_2.12-1.10.8.pom
2025.11.14 15:25:16 INFO  BSP server: Downloaded https://oss.sonatype.org/content/repositories/snapshots/io/zipkin/reporter2/zipkin-reporter/2.17.2/zipkin-reporter-2.17.2.pom
2025.11.14 15:25:16 INFO  BSP server: Downloading https://oss.sonatype.org/content/repositories/snapshots/com/eed3si9n/sjson-new-core_2.12/0.10.1/sjson-new-core_2.12-0.10.1.pom
2025.11.14 15:25:16 INFO  BSP server: Downloaded https://oss.sonatype.org/content/repositories/snapshots/com/chuusai/shapeless_2.12/2.3.3/shapeless_2.12-2.3.3.pom
2025.11.14 15:25:16 INFO  BSP server: Downloading https://oss.sonatype.org/content/repositories/snapshots/org/scala-sbt/librarymanagement-core_2.12/1.11.2/librarymanagement-core_2.12-1.11.2.pom
2025.11.14 15:25:16 INFO  BSP server: Downloaded https://oss.sonatype.org/content/repositories/snapshots/org/scala-sbt/zinc-classfile_2.12/1.10.8/zinc-classfile_2.12-1.10.8.pom
2025.11.14 15:25:16 INFO  BSP server: Downloading https://oss.sonatype.org/content/repositories/snapshots/io/monix/implicitbox_2.12/0.2.0/implicitbox_2.12-0.2.0.pom
2025.11.14 15:25:16 INFO  BSP server: Downloaded https://oss.sonatype.org/content/repositories/snapshots/com/eed3si9n/sjson-new-core_2.12/0.10.1/sjson-new-core_2.12-0.10.1.pom
2025.11.14 15:25:16 INFO  BSP server: Downloading https://oss.sonatype.org/content/repositories/snapshots/org/typelevel/cats-effect_2.12/2.1.3/cats-effect_2.12-2.1.3.pom
2025.11.14 15:25:16 INFO  BSP server: Downloaded https://oss.sonatype.org/content/repositories/snapshots/org/scala-sbt/librarymanagement-core_2.12/1.11.2/librarymanagement-core_2.12-1.11.2.pom
2025.11.14 15:25:16 INFO  BSP server: Downloading https://oss.sonatype.org/content/repositories/snapshots/io/zipkin/reporter2/zipkin-reporter-brave/2.17.2/zipkin-reporter-brave-2.17.2.pom
2025.11.14 15:25:16 INFO  BSP server: Downloaded https://oss.sonatype.org/content/repositories/snapshots/io/monix/implicitbox_2.12/0.2.0/implicitbox_2.12-0.2.0.pom
2025.11.14 15:25:16 INFO  BSP server: Downloading https://oss.sonatype.org/content/repositories/snapshots/io/zipkin/zipkin2/zipkin/2.27.0/zipkin-2.27.0.pom.sha1
2025.11.14 15:25:16 INFO  BSP server: Downloaded https://oss.sonatype.org/content/repositories/snapshots/org/typelevel/cats-effect_2.12/2.1.3/cats-effect_2.12-2.1.3.pom
2025.11.14 15:25:16 INFO  BSP server: Downloading https://oss.sonatype.org/content/repositories/snapshots/org/scala-sbt/ivy/ivy/2.3.0-sbt-77cc781d727b367d3761f097d89f5a4762771d41/ivy-2.3.0-sbt-77cc781d727b367d3761f097d89f5a4762771d41.pom
2025.11.14 15:25:16 INFO  BSP server: Downloaded https://oss.sonatype.org/content/repositories/snapshots/io/zipkin/reporter2/zipkin-reporter-brave/2.17.2/zipkin-reporter-brave-2.17.2.pom
2025.11.14 15:25:16 INFO  BSP server: Downloading https://oss.sonatype.org/content/repositories/snapshots/org/scala-sbt/zinc-core_2.12/1.10.8/zinc-core_2.12-1.10.8.pom.sha1
2025.11.14 15:25:16 INFO  BSP server: Downloaded https://oss.sonatype.org/content/repositories/snapshots/io/zipkin/zipkin2/zipkin/2.27.0/zipkin-2.27.0.pom.sha1
2025.11.14 15:25:16 INFO  BSP server: Downloading https://oss.sonatype.org/content/repositories/snapshots/com/lihaoyi/fansi_2.12/0.5.0/fansi_2.12-0.5.0.pom
2025.11.14 15:25:16 INFO  BSP server: Downloaded https://oss.sonatype.org/content/repositories/snapshots/org/scala-sbt/ivy/ivy/2.3.0-sbt-77cc781d727b367d3761f097d89f5a4762771d41/ivy-2.3.0-sbt-77cc781d727b367d3761f097d89f5a4762771d41.pom
2025.11.14 15:25:16 INFO  BSP server: Downloading https://oss.sonatype.org/content/repositories/snapshots/org/scala-sbt/zinc-compile-core_2.12/1.10.8/zinc-compile-core_2.12-1.10.8.pom
2025.11.14 15:25:16 INFO  BSP server: Downloaded https://oss.sonatype.org/content/repositories/snapshots/org/scala-sbt/zinc-core_2.12/1.10.8/zinc-core_2.12-1.10.8.pom.sha1
2025.11.14 15:25:16 INFO  BSP server: Downloading https://oss.sonatype.org/content/repositories/snapshots/org/apache/logging/log4j/log4j-api/2.23.0/log4j-api-2.23.0.pom
2025.11.14 15:25:16 INFO  BSP server: Downloaded https://oss.sonatype.org/content/repositories/snapshots/com/lihaoyi/fansi_2.12/0.5.0/fansi_2.12-0.5.0.pom
2025.11.14 15:25:16 INFO  BSP server: Downloading https://oss.sonatype.org/content/repositories/snapshots/org/scala-sbt/zinc-persist_2.12/1.10.8/zinc-persist_2.12-1.10.8.pom.sha1
2025.11.14 15:25:16 INFO  BSP server: Downloaded https://oss.sonatype.org/content/repositories/snapshots/org/scalameta/trees_2.12/4.13.8/trees_2.12-4.13.8.pom
2025.11.14 15:25:16 INFO  BSP server: Downloaded https://oss.sonatype.org/content/repositories/snapshots/com/outr/scribe_2.12/3.5.5/scribe_2.12-3.5.5.pom
2025.11.14 15:25:16 INFO  BSP server: Downloading https://oss.sonatype.org/content/repositories/snapshots/io/zipkin/reporter2/zipkin-reporter/2.17.2/zipkin-reporter-2.17.2.pom.sha1
2025.11.14 15:25:16 INFO  BSP server: Downloading https://oss.sonatype.org/content/repositories/snapshots/com/chuusai/shapeless_2.12/2.3.3/shapeless_2.12-2.3.3.pom.sha1
2025.11.14 15:25:16 INFO  BSP server: Downloaded https://oss.sonatype.org/content/repositories/snapshots/io/get-coursier/util/directories/0.1.2/directories-0.1.2.pom
2025.11.14 15:25:16 INFO  BSP server: Downloading https://oss.sonatype.org/content/repositories/snapshots/org/scala-sbt/zinc-classfile_2.12/1.10.8/zinc-classfile_2.12-1.10.8.pom.sha1
2025.11.14 15:25:16 INFO  BSP server: Downloaded https://oss.sonatype.org/content/repositories/snapshots/org/scala-sbt/zinc-compile-core_2.12/1.10.8/zinc-compile-core_2.12-1.10.8.pom
2025.11.14 15:25:16 INFO  BSP server: Downloading https://oss.sonatype.org/content/repositories/snapshots/com/eed3si9n/sjson-new-core_2.12/0.10.1/sjson-new-core_2.12-0.10.1.pom.sha1
2025.11.14 15:25:16 INFO  BSP server: Downloaded https://oss.sonatype.org/content/repositories/snapshots/org/apache/logging/log4j/log4j-api/2.23.0/log4j-api-2.23.0.pom
2025.11.14 15:25:16 INFO  BSP server: Downloading https://oss.sonatype.org/content/repositories/snapshots/org/scala-sbt/librarymanagement-core_2.12/1.11.2/librarymanagement-core_2.12-1.11.2.pom.sha1
2025.11.14 15:25:16 INFO  BSP server: Downloaded https://oss.sonatype.org/content/repositories/snapshots/org/scala-sbt/zinc-persist_2.12/1.10.8/zinc-persist_2.12-1.10.8.pom.sha1
2025.11.14 15:25:16 INFO  BSP server: Downloading https://oss.sonatype.org/content/repositories/snapshots/net/java/dev/jna/jna-platform/4.4.0/jna-platform-4.4.0.pom
2025.11.14 15:25:16 INFO  BSP server: Downloaded https://oss.sonatype.org/content/repositories/snapshots/io/zipkin/reporter2/zipkin-reporter/2.17.2/zipkin-reporter-2.17.2.pom.sha1
2025.11.14 15:25:16 INFO  BSP server: Downloading https://oss.sonatype.org/content/repositories/snapshots/org/jctools/jctools-core/2.1.2/jctools-core-2.1.2.pom
2025.11.14 15:25:16 INFO  BSP server: Downloaded https://oss.sonatype.org/content/repositories/snapshots/com/chuusai/shapeless_2.12/2.3.3/shapeless_2.12-2.3.3.pom.sha1
2025.11.14 15:25:16 INFO  BSP server: Downloading https://oss.sonatype.org/content/repositories/snapshots/io/monix/implicitbox_2.12/0.2.0/implicitbox_2.12-0.2.0.pom.sha1
2025.11.14 15:25:16 INFO  BSP server: Downloaded https://oss.sonatype.org/content/repositories/snapshots/org/scala-sbt/zinc-classfile_2.12/1.10.8/zinc-classfile_2.12-1.10.8.pom.sha1
2025.11.14 15:25:16 INFO  BSP server: Downloading https://oss.sonatype.org/content/repositories/snapshots/org/typelevel/cats-effect_2.12/2.1.3/cats-effect_2.12-2.1.3.pom.sha1
2025.11.14 15:25:16 INFO  BSP server: Downloaded https://oss.sonatype.org/content/repositories/snapshots/com/eed3si9n/sjson-new-core_2.12/0.10.1/sjson-new-core_2.12-0.10.1.pom.sha1
2025.11.14 15:25:16 INFO  BSP server: Downloading https://oss.sonatype.org/content/repositories/snapshots/io/zipkin/reporter2/zipkin-reporter-brave/2.17.2/zipkin-reporter-brave-2.17.2.pom.sha1
2025.11.14 15:25:16 INFO  BSP server: Downloaded https://oss.sonatype.org/content/repositories/snapshots/org/scala-sbt/librarymanagement-core_2.12/1.11.2/librarymanagement-core_2.12-1.11.2.pom.sha1
2025.11.14 15:25:16 INFO  BSP server: Downloading https://oss.sonatype.org/content/repositories/snapshots/org/scala-sbt/ivy/ivy/2.3.0-sbt-77cc781d727b367d3761f097d89f5a4762771d41/ivy-2.3.0-sbt-77cc781d727b367d3761f097d89f5a4762771d41.pom.sha1
2025.11.14 15:25:16 INFO  BSP server: Downloaded https://oss.sonatype.org/content/repositories/snapshots/net/java/dev/jna/jna-platform/4.4.0/jna-platform-4.4.0.pom
2025.11.14 15:25:16 INFO  BSP server: Downloading https://oss.sonatype.org/content/repositories/snapshots/com/lihaoyi/fansi_2.12/0.5.0/fansi_2.12-0.5.0.pom.sha1
2025.11.14 15:25:16 INFO  BSP server: Downloaded https://oss.sonatype.org/content/repositories/snapshots/org/jctools/jctools-core/2.1.2/jctools-core-2.1.2.pom
2025.11.14 15:25:16 INFO  BSP server: Downloading https://oss.sonatype.org/content/repositories/snapshots/org/scalameta/trees_2.12/4.13.8/trees_2.12-4.13.8.pom.sha1
2025.11.14 15:25:16 INFO  BSP server: Downloaded https://oss.sonatype.org/content/repositories/snapshots/io/monix/implicitbox_2.12/0.2.0/implicitbox_2.12-0.2.0.pom.sha1
2025.11.14 15:25:16 INFO  BSP server: Downloading https://oss.sonatype.org/content/repositories/snapshots/com/outr/scribe_2.12/3.5.5/scribe_2.12-3.5.5.pom.sha1
2025.11.14 15:25:16 INFO  BSP server: Downloaded https://oss.sonatype.org/content/repositories/snapshots/org/typelevel/cats-effect_2.12/2.1.3/cats-effect_2.12-2.1.3.pom.sha1
2025.11.14 15:25:16 INFO  BSP server: Downloading https://oss.sonatype.org/content/repositories/snapshots/io/get-coursier/util/directories/0.1.2/directories-0.1.2.pom.sha1
2025.11.14 15:25:16 INFO  BSP server: Downloaded https://oss.sonatype.org/content/repositories/snapshots/io/zipkin/reporter2/zipkin-reporter-brave/2.17.2/zipkin-reporter-brave-2.17.2.pom.sha1
2025.11.14 15:25:16 INFO  BSP server: Downloading https://oss.sonatype.org/content/repositories/snapshots/org/scala-sbt/zinc-compile-core_2.12/1.10.8/zinc-compile-core_2.12-1.10.8.pom.sha1
2025.11.14 15:25:18 INFO  BSP server: Downloaded https://oss.sonatype.org/content/repositories/snapshots/org/scala-sbt/ivy/ivy/2.3.0-sbt-77cc781d727b367d3761f097d89f5a4762771d41/ivy-2.3.0-sbt-77cc781d727b367d3761f097d89f5a4762771d41.pom.sha1
2025.11.14 15:25:18 INFO  BSP server: Downloading https://oss.sonatype.org/content/repositories/snapshots/org/apache/logging/log4j/log4j-api/2.23.0/log4j-api-2.23.0.pom.sha1
2025.11.14 15:25:18 INFO  BSP server: Downloaded https://oss.sonatype.org/content/repositories/snapshots/com/lihaoyi/fansi_2.12/0.5.0/fansi_2.12-0.5.0.pom.sha1
2025.11.14 15:25:18 INFO  BSP server: Downloading https://oss.sonatype.org/content/repositories/snapshots/net/java/dev/jna/jna-platform/4.4.0/jna-platform-4.4.0.pom.sha1
2025.11.14 15:25:18 INFO  BSP server: Downloaded https://oss.sonatype.org/content/repositories/snapshots/org/scalameta/trees_2.12/4.13.8/trees_2.12-4.13.8.pom.sha1
2025.11.14 15:25:18 INFO  BSP server: Downloading https://oss.sonatype.org/content/repositories/snapshots/org/jctools/jctools-core/2.1.2/jctools-core-2.1.2.pom.sha1
2025.11.14 15:25:18 INFO  BSP server: Downloaded https://oss.sonatype.org/content/repositories/snapshots/io/get-coursier/util/directories/0.1.2/directories-0.1.2.pom.sha1
2025.11.14 15:25:18 INFO  BSP server: Downloading https://s01.oss.sonatype.org/content/repositories/snapshots/io/zipkin/zipkin2/zipkin/2.27.0/zipkin-2.27.0.pom
2025.11.14 15:25:18 INFO  BSP server: Downloaded https://oss.sonatype.org/content/repositories/snapshots/org/scala-sbt/zinc-compile-core_2.12/1.10.8/zinc-compile-core_2.12-1.10.8.pom.sha1
2025.11.14 15:25:18 INFO  BSP server: Downloading https://s01.oss.sonatype.org/content/repositories/snapshots/org/scala-sbt/zinc-core_2.12/1.10.8/zinc-core_2.12-1.10.8.pom
2025.11.14 15:25:18 INFO  BSP server: Downloaded https://oss.sonatype.org/content/repositories/snapshots/org/apache/logging/log4j/log4j-api/2.23.0/log4j-api-2.23.0.pom.sha1
2025.11.14 15:25:18 INFO  BSP server: Downloading https://s01.oss.sonatype.org/content/repositories/snapshots/org/scala-sbt/zinc-persist_2.12/1.10.8/zinc-persist_2.12-1.10.8.pom
2025.11.14 15:25:18 INFO  BSP server: Downloaded https://oss.sonatype.org/content/repositories/snapshots/net/java/dev/jna/jna-platform/4.4.0/jna-platform-4.4.0.pom.sha1
2025.11.14 15:25:18 INFO  BSP server: Downloading https://s01.oss.sonatype.org/content/repositories/snapshots/io/zipkin/reporter2/zipkin-reporter/2.17.2/zipkin-reporter-2.17.2.pom
2025.11.14 15:25:18 INFO  BSP server: Downloaded https://oss.sonatype.org/content/repositories/snapshots/org/jctools/jctools-core/2.1.2/jctools-core-2.1.2.pom.sha1
2025.11.14 15:25:18 INFO  BSP server: Downloading https://s01.oss.sonatype.org/content/repositories/snapshots/com/chuusai/shapeless_2.12/2.3.3/shapeless_2.12-2.3.3.pom
2025.11.14 15:25:18 INFO  BSP server: Downloaded https://s01.oss.sonatype.org/content/repositories/snapshots/io/zipkin/zipkin2/zipkin/2.27.0/zipkin-2.27.0.pom
2025.11.14 15:25:18 INFO  BSP server: Downloading https://s01.oss.sonatype.org/content/repositories/snapshots/org/scala-sbt/zinc-classfile_2.12/1.10.8/zinc-classfile_2.12-1.10.8.pom
2025.11.14 15:25:18 INFO  BSP server: Downloaded https://s01.oss.sonatype.org/content/repositories/snapshots/org/scala-sbt/zinc-core_2.12/1.10.8/zinc-core_2.12-1.10.8.pom
2025.11.14 15:25:18 INFO  BSP server: Downloading https://s01.oss.sonatype.org/content/repositories/snapshots/com/eed3si9n/sjson-new-core_2.12/0.10.1/sjson-new-core_2.12-0.10.1.pom
2025.11.14 15:25:18 INFO  BSP server: Downloaded https://oss.sonatype.org/content/repositories/snapshots/com/outr/scribe_2.12/3.5.5/scribe_2.12-3.5.5.pom.sha1
2025.11.14 15:25:18 INFO  BSP server: Downloading https://s01.oss.sonatype.org/content/repositories/snapshots/org/scala-sbt/librarymanagement-core_2.12/1.11.2/librarymanagement-core_2.12-1.11.2.pom
2025.11.14 15:25:18 INFO  BSP server: Downloaded https://s01.oss.sonatype.org/content/repositories/snapshots/org/scala-sbt/zinc-persist_2.12/1.10.8/zinc-persist_2.12-1.10.8.pom
2025.11.14 15:25:18 INFO  BSP server: Downloading https://s01.oss.sonatype.org/content/repositories/snapshots/io/monix/implicitbox_2.12/0.2.0/implicitbox_2.12-0.2.0.pom
2025.11.14 15:25:18 INFO  BSP server: Downloaded https://s01.oss.sonatype.org/content/repositories/snapshots/com/chuusai/shapeless_2.12/2.3.3/shapeless_2.12-2.3.3.pom
2025.11.14 15:25:18 INFO  BSP server: Downloading https://s01.oss.sonatype.org/content/repositories/snapshots/org/typelevel/cats-effect_2.12/2.1.3/cats-effect_2.12-2.1.3.pom
2025.11.14 15:25:18 INFO  BSP server: Downloaded https://s01.oss.sonatype.org/content/repositories/snapshots/io/zipkin/reporter2/zipkin-reporter/2.17.2/zipkin-reporter-2.17.2.pom
2025.11.14 15:25:18 INFO  BSP server: Downloading https://s01.oss.sonatype.org/content/repositories/snapshots/io/zipkin/reporter2/zipkin-reporter-brave/2.17.2/zipkin-reporter-brave-2.17.2.pom
2025.11.14 15:25:18 INFO  BSP server: Downloaded https://s01.oss.sonatype.org/content/repositories/snapshots/org/scala-sbt/zinc-classfile_2.12/1.10.8/zinc-classfile_2.12-1.10.8.pom
2025.11.14 15:25:18 INFO  BSP server: Downloading https://s01.oss.sonatype.org/content/repositories/snapshots/org/scala-sbt/ivy/ivy/2.3.0-sbt-77cc781d727b367d3761f097d89f5a4762771d41/ivy-2.3.0-sbt-77cc781d727b367d3761f097d89f5a4762771d41.pom
2025.11.14 15:25:18 INFO  BSP server: Downloaded https://s01.oss.sonatype.org/content/repositories/snapshots/com/eed3si9n/sjson-new-core_2.12/0.10.1/sjson-new-core_2.12-0.10.1.pom
2025.11.14 15:25:18 INFO  BSP server: Downloading https://s01.oss.sonatype.org/content/repositories/snapshots/com/lihaoyi/fansi_2.12/0.5.0/fansi_2.12-0.5.0.pom
2025.11.14 15:25:18 INFO  BSP server: Downloaded https://s01.oss.sonatype.org/content/repositories/snapshots/org/scala-sbt/librarymanagement-core_2.12/1.11.2/librarymanagement-core_2.12-1.11.2.pom
2025.11.14 15:25:18 INFO  BSP server: Downloading https://s01.oss.sonatype.org/content/repositories/snapshots/io/zipkin/zipkin2/zipkin/2.27.0/zipkin-2.27.0.pom.sha1
2025.11.14 15:25:18 INFO  BSP server: Downloaded https://s01.oss.sonatype.org/content/repositories/snapshots/io/monix/implicitbox_2.12/0.2.0/implicitbox_2.12-0.2.0.pom
2025.11.14 15:25:18 INFO  BSP server: Downloading https://s01.oss.sonatype.org/content/repositories/snapshots/org/scala-sbt/zinc-core_2.12/1.10.8/zinc-core_2.12-1.10.8.pom.sha1
2025.11.14 15:25:18 INFO  BSP server: Downloaded https://s01.oss.sonatype.org/content/repositories/snapshots/org/typelevel/cats-effect_2.12/2.1.3/cats-effect_2.12-2.1.3.pom
2025.11.14 15:25:18 INFO  BSP server: Downloading https://s01.oss.sonatype.org/content/repositories/snapshots/org/scala-sbt/zinc-persist_2.12/1.10.8/zinc-persist_2.12-1.10.8.pom.sha1
2025.11.14 15:25:18 INFO  BSP server: Downloaded https://s01.oss.sonatype.org/content/repositories/snapshots/io/zipkin/reporter2/zipkin-reporter-brave/2.17.2/zipkin-reporter-brave-2.17.2.pom
2025.11.14 15:25:18 INFO  BSP server: Downloading https://s01.oss.sonatype.org/content/repositories/snapshots/org/scalameta/trees_2.12/4.13.8/trees_2.12-4.13.8.pom
2025.11.14 15:25:18 INFO  BSP server: Downloaded https://s01.oss.sonatype.org/content/repositories/snapshots/org/scala-sbt/ivy/ivy/2.3.0-sbt-77cc781d727b367d3761f097d89f5a4762771d41/ivy-2.3.0-sbt-77cc781d727b367d3761f097d89f5a4762771d41.pom
2025.11.14 15:25:18 INFO  BSP server: Downloading https://s01.oss.sonatype.org/content/repositories/snapshots/io/get-coursier/util/directories/0.1.2/directories-0.1.2.pom
2025.11.14 15:25:18 INFO  BSP server: Downloaded https://s01.oss.sonatype.org/content/repositories/snapshots/com/lihaoyi/fansi_2.12/0.5.0/fansi_2.12-0.5.0.pom
2025.11.14 15:25:18 INFO  BSP server: Downloading https://s01.oss.sonatype.org/content/repositories/snapshots/org/scala-sbt/zinc-compile-core_2.12/1.10.8/zinc-compile-core_2.12-1.10.8.pom
2025.11.14 15:25:18 INFO  BSP server: Downloaded https://s01.oss.sonatype.org/content/repositories/snapshots/io/zipkin/zipkin2/zipkin/2.27.0/zipkin-2.27.0.pom.sha1
2025.11.14 15:25:18 INFO  BSP server: Downloading https://s01.oss.sonatype.org/content/repositories/snapshots/com/chuusai/shapeless_2.12/2.3.3/shapeless_2.12-2.3.3.pom.sha1
2025.11.14 15:25:18 INFO  BSP server: Downloaded https://s01.oss.sonatype.org/content/repositories/snapshots/org/scala-sbt/zinc-core_2.12/1.10.8/zinc-core_2.12-1.10.8.pom.sha1
2025.11.14 15:25:18 INFO  BSP server: Downloading https://s01.oss.sonatype.org/content/repositories/snapshots/io/zipkin/reporter2/zipkin-reporter/2.17.2/zipkin-reporter-2.17.2.pom.sha1
2025.11.14 15:25:18 INFO  BSP server: Downloaded https://s01.oss.sonatype.org/content/repositories/snapshots/org/scala-sbt/zinc-persist_2.12/1.10.8/zinc-persist_2.12-1.10.8.pom.sha1
2025.11.14 15:25:18 INFO  BSP server: Downloading https://s01.oss.sonatype.org/content/repositories/snapshots/org/scala-sbt/zinc-classfile_2.12/1.10.8/zinc-classfile_2.12-1.10.8.pom.sha1
2025.11.14 15:25:18 INFO  BSP server: Downloaded https://s01.oss.sonatype.org/content/repositories/snapshots/org/scalameta/trees_2.12/4.13.8/trees_2.12-4.13.8.pom
2025.11.14 15:25:18 INFO  BSP server: Downloading https://s01.oss.sonatype.org/content/repositories/snapshots/org/apache/logging/log4j/log4j-api/2.23.0/log4j-api-2.23.0.pom
2025.11.14 15:25:19 INFO  BSP server: Downloaded https://s01.oss.sonatype.org/content/repositories/snapshots/io/get-coursier/util/directories/0.1.2/directories-0.1.2.pom
2025.11.14 15:25:19 INFO  BSP server: Downloading https://s01.oss.sonatype.org/content/repositories/snapshots/com/eed3si9n/sjson-new-core_2.12/0.10.1/sjson-new-core_2.12-0.10.1.pom.sha1
2025.11.14 15:25:19 INFO  BSP server: Downloaded https://s01.oss.sonatype.org/content/repositories/snapshots/org/scala-sbt/zinc-compile-core_2.12/1.10.8/zinc-compile-core_2.12-1.10.8.pom
2025.11.14 15:25:19 INFO  BSP server: Downloading https://s01.oss.sonatype.org/content/repositories/snapshots/org/scala-sbt/librarymanagement-core_2.12/1.11.2/librarymanagement-core_2.12-1.11.2.pom.sha1
2025.11.14 15:25:19 INFO  BSP server: Downloaded https://s01.oss.sonatype.org/content/repositories/snapshots/com/chuusai/shapeless_2.12/2.3.3/shapeless_2.12-2.3.3.pom.sha1
2025.11.14 15:25:19 INFO  BSP server: Downloading https://s01.oss.sonatype.org/content/repositories/snapshots/net/java/dev/jna/jna-platform/4.4.0/jna-platform-4.4.0.pom
2025.11.14 15:25:19 INFO  BSP server: Downloaded https://s01.oss.sonatype.org/content/repositories/snapshots/io/zipkin/reporter2/zipkin-reporter/2.17.2/zipkin-reporter-2.17.2.pom.sha1
2025.11.14 15:25:19 INFO  BSP server: Downloading https://s01.oss.sonatype.org/content/repositories/snapshots/io/monix/implicitbox_2.12/0.2.0/implicitbox_2.12-0.2.0.pom.sha1
2025.11.14 15:25:19 INFO  BSP server: Downloaded https://s01.oss.sonatype.org/content/repositories/snapshots/org/scala-sbt/zinc-classfile_2.12/1.10.8/zinc-classfile_2.12-1.10.8.pom.sha1
2025.11.14 15:25:19 INFO  BSP server: Downloading https://s01.oss.sonatype.org/content/repositories/snapshots/org/typelevel/cats-effect_2.12/2.1.3/cats-effect_2.12-2.1.3.pom.sha1
2025.11.14 15:25:19 INFO  BSP server: Downloaded https://s01.oss.sonatype.org/content/repositories/snapshots/org/apache/logging/log4j/log4j-api/2.23.0/log4j-api-2.23.0.pom
2025.11.14 15:25:19 INFO  BSP server: Downloading https://s01.oss.sonatype.org/content/repositories/snapshots/org/jctools/jctools-core/2.1.2/jctools-core-2.1.2.pom
2025.11.14 15:25:19 INFO  BSP server: Downloaded https://s01.oss.sonatype.org/content/repositories/snapshots/com/eed3si9n/sjson-new-core_2.12/0.10.1/sjson-new-core_2.12-0.10.1.pom.sha1
2025.11.14 15:25:19 INFO  BSP server: Downloading https://s01.oss.sonatype.org/content/repositories/snapshots/io/zipkin/reporter2/zipkin-reporter-brave/2.17.2/zipkin-reporter-brave-2.17.2.pom.sha1
2025.11.14 15:25:19 INFO  BSP server: Downloaded https://s01.oss.sonatype.org/content/repositories/snapshots/org/scala-sbt/librarymanagement-core_2.12/1.11.2/librarymanagement-core_2.12-1.11.2.pom.sha1
2025.11.14 15:25:19 INFO  BSP server: Downloading https://s01.oss.sonatype.org/content/repositories/snapshots/org/scala-sbt/ivy/ivy/2.3.0-sbt-77cc781d727b367d3761f097d89f5a4762771d41/ivy-2.3.0-sbt-77cc781d727b367d3761f097d89f5a4762771d41.pom.sha1
2025.11.14 15:25:19 INFO  BSP server: Downloaded https://s01.oss.sonatype.org/content/repositories/snapshots/net/java/dev/jna/jna-platform/4.4.0/jna-platform-4.4.0.pom
2025.11.14 15:25:19 INFO  BSP server: Downloading https://s01.oss.sonatype.org/content/repositories/snapshots/com/outr/scribe_2.12/3.5.5/scribe_2.12-3.5.5.pom
2025.11.14 15:25:19 INFO  BSP server: Downloaded https://s01.oss.sonatype.org/content/repositories/snapshots/io/monix/implicitbox_2.12/0.2.0/implicitbox_2.12-0.2.0.pom.sha1
2025.11.14 15:25:19 INFO  BSP server: Downloading https://s01.oss.sonatype.org/content/repositories/snapshots/com/lihaoyi/fansi_2.12/0.5.0/fansi_2.12-0.5.0.pom.sha1
2025.11.14 15:25:19 INFO  BSP server: Downloaded https://s01.oss.sonatype.org/content/repositories/snapshots/org/typelevel/cats-effect_2.12/2.1.3/cats-effect_2.12-2.1.3.pom.sha1
2025.11.14 15:25:19 INFO  BSP server: Downloading https://s01.oss.sonatype.org/content/repositories/snapshots/org/scalameta/trees_2.12/4.13.8/trees_2.12-4.13.8.pom.sha1
2025.11.14 15:25:19 INFO  BSP server: Downloaded https://s01.oss.sonatype.org/content/repositories/snapshots/org/jctools/jctools-core/2.1.2/jctools-core-2.1.2.pom
2025.11.14 15:25:19 INFO  BSP server: Downloading https://s01.oss.sonatype.org/content/repositories/snapshots/io/get-coursier/util/directories/0.1.2/directories-0.1.2.pom.sha1
2025.11.14 15:25:19 INFO  BSP server: Downloaded https://s01.oss.sonatype.org/content/repositories/snapshots/org/scala-sbt/ivy/ivy/2.3.0-sbt-77cc781d727b367d3761f097d89f5a4762771d41/ivy-2.3.0-sbt-77cc781d727b367d3761f097d89f5a4762771d41.pom.sha1
2025.11.14 15:25:19 INFO  BSP server: Downloading https://s01.oss.sonatype.org/content/repositories/snapshots/org/scala-sbt/zinc-compile-core_2.12/1.10.8/zinc-compile-core_2.12-1.10.8.pom.sha1
2025.11.14 15:25:19 INFO  BSP server: Downloaded https://s01.oss.sonatype.org/content/repositories/snapshots/com/outr/scribe_2.12/3.5.5/scribe_2.12-3.5.5.pom
2025.11.14 15:25:19 INFO  BSP server: Downloading https://s01.oss.sonatype.org/content/repositories/snapshots/org/apache/logging/log4j/log4j-api/2.23.0/log4j-api-2.23.0.pom.sha1
2025.11.14 15:25:19 INFO  BSP server: Downloaded https://s01.oss.sonatype.org/content/repositories/snapshots/io/zipkin/reporter2/zipkin-reporter-brave/2.17.2/zipkin-reporter-brave-2.17.2.pom.sha1
2025.11.14 15:25:19 INFO  BSP server: Downloading https://s01.oss.sonatype.org/content/repositories/snapshots/net/java/dev/jna/jna-platform/4.4.0/jna-platform-4.4.0.pom.sha1
2025.11.14 15:25:19 INFO  BSP server: Downloaded https://s01.oss.sonatype.org/content/repositories/snapshots/com/lihaoyi/fansi_2.12/0.5.0/fansi_2.12-0.5.0.pom.sha1
2025.11.14 15:25:19 INFO  BSP server: Downloading https://s01.oss.sonatype.org/content/repositories/snapshots/org/jctools/jctools-core/2.1.2/jctools-core-2.1.2.pom.sha1
2025.11.14 15:25:19 INFO  BSP server: Downloaded https://s01.oss.sonatype.org/content/repositories/snapshots/org/scalameta/trees_2.12/4.13.8/trees_2.12-4.13.8.pom.sha1
2025.11.14 15:25:19 INFO  BSP server: Downloading https://s01.oss.sonatype.org/content/repositories/snapshots/com/outr/scribe_2.12/3.5.5/scribe_2.12-3.5.5.pom.sha1
2025.11.14 15:25:19 INFO  BSP server: Downloaded https://s01.oss.sonatype.org/content/repositories/snapshots/org/scala-sbt/zinc-compile-core_2.12/1.10.8/zinc-compile-core_2.12-1.10.8.pom.sha1
2025.11.14 15:25:19 INFO  BSP server: Downloading https://central.sonatype.com/repository/maven-snapshots/io/zipkin/zipkin2/zipkin/2.27.0/zipkin-2.27.0.pom
2025.11.14 15:25:19 INFO  BSP server: Downloaded https://s01.oss.sonatype.org/content/repositories/snapshots/org/apache/logging/log4j/log4j-api/2.23.0/log4j-api-2.23.0.pom.sha1
2025.11.14 15:25:19 INFO  BSP server: Downloading https://central.sonatype.com/repository/maven-snapshots/org/scala-sbt/zinc-core_2.12/1.10.8/zinc-core_2.12-1.10.8.pom
2025.11.14 15:25:19 INFO  BSP server: Downloaded https://s01.oss.sonatype.org/content/repositories/snapshots/net/java/dev/jna/jna-platform/4.4.0/jna-platform-4.4.0.pom.sha1
2025.11.14 15:25:19 INFO  BSP server: Downloading https://central.sonatype.com/repository/maven-snapshots/org/scala-sbt/zinc-persist_2.12/1.10.8/zinc-persist_2.12-1.10.8.pom
2025.11.14 15:25:19 INFO  BSP server: Downloaded https://s01.oss.sonatype.org/content/repositories/snapshots/org/jctools/jctools-core/2.1.2/jctools-core-2.1.2.pom.sha1
2025.11.14 15:25:19 INFO  BSP server: Downloading https://central.sonatype.com/repository/maven-snapshots/com/chuusai/shapeless_2.12/2.3.3/shapeless_2.12-2.3.3.pom
2025.11.14 15:25:19 INFO  BSP server: Downloaded https://s01.oss.sonatype.org/content/repositories/snapshots/com/outr/scribe_2.12/3.5.5/scribe_2.12-3.5.5.pom.sha1
2025.11.14 15:25:19 INFO  BSP server: Downloading https://central.sonatype.com/repository/maven-snapshots/io/zipkin/reporter2/zipkin-reporter/2.17.2/zipkin-reporter-2.17.2.pom
2025.11.14 15:25:20 INFO  BSP server: Downloaded https://central.sonatype.com/repository/maven-snapshots/io/zipkin/zipkin2/zipkin/2.27.0/zipkin-2.27.0.pom
2025.11.14 15:25:20 INFO  BSP server: Downloading https://central.sonatype.com/repository/maven-snapshots/org/scala-sbt/zinc-classfile_2.12/1.10.8/zinc-classfile_2.12-1.10.8.pom
2025.11.14 15:25:20 INFO  BSP server: Downloaded https://central.sonatype.com/repository/maven-snapshots/org/scala-sbt/zinc-core_2.12/1.10.8/zinc-core_2.12-1.10.8.pom
2025.11.14 15:25:20 INFO  BSP server: Downloading https://central.sonatype.com/repository/maven-snapshots/com/eed3si9n/sjson-new-core_2.12/0.10.1/sjson-new-core_2.12-0.10.1.pom
2025.11.14 15:25:20 INFO  BSP server: Downloaded https://central.sonatype.com/repository/maven-snapshots/org/scala-sbt/zinc-persist_2.12/1.10.8/zinc-persist_2.12-1.10.8.pom
2025.11.14 15:25:20 INFO  BSP server: Downloaded https://central.sonatype.com/repository/maven-snapshots/com/chuusai/shapeless_2.12/2.3.3/shapeless_2.12-2.3.3.pom
2025.11.14 15:25:20 INFO  BSP server: Downloading https://central.sonatype.com/repository/maven-snapshots/org/scala-sbt/librarymanagement-core_2.12/1.11.2/librarymanagement-core_2.12-1.11.2.pom
2025.11.14 15:25:20 INFO  BSP server: Downloading https://central.sonatype.com/repository/maven-snapshots/io/monix/implicitbox_2.12/0.2.0/implicitbox_2.12-0.2.0.pom
2025.11.14 15:25:20 INFO  BSP server: Downloaded https://central.sonatype.com/repository/maven-snapshots/io/zipkin/reporter2/zipkin-reporter/2.17.2/zipkin-reporter-2.17.2.pom
2025.11.14 15:25:20 INFO  BSP server: Downloading https://central.sonatype.com/repository/maven-snapshots/org/typelevel/cats-effect_2.12/2.1.3/cats-effect_2.12-2.1.3.pom
2025.11.14 15:25:20 INFO  BSP server: Downloaded https://central.sonatype.com/repository/maven-snapshots/org/scala-sbt/zinc-classfile_2.12/1.10.8/zinc-classfile_2.12-1.10.8.pom
2025.11.14 15:25:20 INFO  BSP server: Downloading https://central.sonatype.com/repository/maven-snapshots/org/scala-sbt/ivy/ivy/2.3.0-sbt-77cc781d727b367d3761f097d89f5a4762771d41/ivy-2.3.0-sbt-77cc781d727b367d3761f097d89f5a4762771d41.pom
2025.11.14 15:25:20 INFO  BSP server: Downloaded https://central.sonatype.com/repository/maven-snapshots/com/eed3si9n/sjson-new-core_2.12/0.10.1/sjson-new-core_2.12-0.10.1.pom
2025.11.14 15:25:20 INFO  BSP server: Downloading https://central.sonatype.com/repository/maven-snapshots/io/zipkin/zipkin2/zipkin/2.27.0/zipkin-2.27.0.pom.sha1
2025.11.14 15:25:20 INFO  BSP server: Downloaded https://central.sonatype.com/repository/maven-snapshots/org/scala-sbt/librarymanagement-core_2.12/1.11.2/librarymanagement-core_2.12-1.11.2.pom
2025.11.14 15:25:20 INFO  BSP server: Downloading https://central.sonatype.com/repository/maven-snapshots/org/scala-sbt/zinc-core_2.12/1.10.8/zinc-core_2.12-1.10.8.pom.sha1
2025.11.14 15:25:20 INFO  BSP server: Downloaded https://central.sonatype.com/repository/maven-snapshots/io/monix/implicitbox_2.12/0.2.0/implicitbox_2.12-0.2.0.pom
2025.11.14 15:25:20 INFO  BSP server: Downloading https://central.sonatype.com/repository/maven-snapshots/io/zipkin/reporter2/zipkin-reporter-brave/2.17.2/zipkin-reporter-brave-2.17.2.pom
2025.11.14 15:25:20 INFO  BSP server: Downloaded https://central.sonatype.com/repository/maven-snapshots/org/typelevel/cats-effect_2.12/2.1.3/cats-effect_2.12-2.1.3.pom
2025.11.14 15:25:20 INFO  BSP server: Downloading https://central.sonatype.com/repository/maven-snapshots/org/scala-sbt/zinc-persist_2.12/1.10.8/zinc-persist_2.12-1.10.8.pom.sha1
2025.11.14 15:25:20 INFO  BSP server: Downloaded https://s01.oss.sonatype.org/content/repositories/snapshots/io/get-coursier/util/directories/0.1.2/directories-0.1.2.pom.sha1
2025.11.14 15:25:20 INFO  BSP server: Downloading https://central.sonatype.com/repository/maven-snapshots/com/chuusai/shapeless_2.12/2.3.3/shapeless_2.12-2.3.3.pom.sha1
2025.11.14 15:25:20 INFO  BSP server: Downloaded https://central.sonatype.com/repository/maven-snapshots/org/scala-sbt/ivy/ivy/2.3.0-sbt-77cc781d727b367d3761f097d89f5a4762771d41/ivy-2.3.0-sbt-77cc781d727b367d3761f097d89f5a4762771d41.pom
2025.11.14 15:25:20 INFO  BSP server: Downloading https://central.sonatype.com/repository/maven-snapshots/com/lihaoyi/fansi_2.12/0.5.0/fansi_2.12-0.5.0.pom
2025.11.14 15:25:21 INFO  BSP server: Downloaded https://central.sonatype.com/repository/maven-snapshots/io/zipkin/zipkin2/zipkin/2.27.0/zipkin-2.27.0.pom.sha1
2025.11.14 15:25:21 INFO  BSP server: Downloading https://central.sonatype.com/repository/maven-snapshots/io/zipkin/reporter2/zipkin-reporter/2.17.2/zipkin-reporter-2.17.2.pom.sha1
2025.11.14 15:25:21 INFO  BSP server: Downloaded https://central.sonatype.com/repository/maven-snapshots/org/scala-sbt/zinc-core_2.12/1.10.8/zinc-core_2.12-1.10.8.pom.sha1
2025.11.14 15:25:21 INFO  BSP server: Downloading https://central.sonatype.com/repository/maven-snapshots/org/scala-sbt/zinc-classfile_2.12/1.10.8/zinc-classfile_2.12-1.10.8.pom.sha1
2025.11.14 15:25:21 INFO  BSP server: Downloaded https://central.sonatype.com/repository/maven-snapshots/org/scala-sbt/zinc-persist_2.12/1.10.8/zinc-persist_2.12-1.10.8.pom.sha1
2025.11.14 15:25:21 INFO  BSP server: Downloading https://central.sonatype.com/repository/maven-snapshots/org/scalameta/trees_2.12/4.13.8/trees_2.12-4.13.8.pom
2025.11.14 15:25:21 INFO  BSP server: Downloaded https://central.sonatype.com/repository/maven-snapshots/io/zipkin/reporter2/zipkin-reporter-brave/2.17.2/zipkin-reporter-brave-2.17.2.pom
2025.11.14 15:25:21 INFO  BSP server: Downloading https://central.sonatype.com/repository/maven-snapshots/com/eed3si9n/sjson-new-core_2.12/0.10.1/sjson-new-core_2.12-0.10.1.pom.sha1
2025.11.14 15:25:21 INFO  BSP server: Downloaded https://central.sonatype.com/repository/maven-snapshots/com/chuusai/shapeless_2.12/2.3.3/shapeless_2.12-2.3.3.pom.sha1
2025.11.14 15:25:21 INFO  BSP server: Downloading https://central.sonatype.com/repository/maven-snapshots/org/scala-sbt/zinc-compile-core_2.12/1.10.8/zinc-compile-core_2.12-1.10.8.pom
2025.11.14 15:25:21 INFO  BSP server: Downloaded https://central.sonatype.com/repository/maven-snapshots/com/lihaoyi/fansi_2.12/0.5.0/fansi_2.12-0.5.0.pom
2025.11.14 15:25:21 INFO  BSP server: Downloading https://central.sonatype.com/repository/maven-snapshots/org/apache/logging/log4j/log4j-api/2.23.0/log4j-api-2.23.0.pom
2025.11.14 15:25:21 INFO  BSP server: Downloaded https://central.sonatype.com/repository/maven-snapshots/io/zipkin/reporter2/zipkin-reporter/2.17.2/zipkin-reporter-2.17.2.pom.sha1
2025.11.14 15:25:21 INFO  BSP server: Downloading https://central.sonatype.com/repository/maven-snapshots/net/java/dev/jna/jna-platform/4.4.0/jna-platform-4.4.0.pom
2025.11.14 15:25:21 INFO  BSP server: Downloaded https://central.sonatype.com/repository/maven-snapshots/org/scala-sbt/zinc-classfile_2.12/1.10.8/zinc-classfile_2.12-1.10.8.pom.sha1
2025.11.14 15:25:21 INFO  BSP server: Downloading https://central.sonatype.com/repository/maven-snapshots/org/jctools/jctools-core/2.1.2/jctools-core-2.1.2.pom
2025.11.14 15:25:21 INFO  BSP server: Downloaded https://central.sonatype.com/repository/maven-snapshots/org/scalameta/trees_2.12/4.13.8/trees_2.12-4.13.8.pom
2025.11.14 15:25:21 INFO  BSP server: Downloading https://central.sonatype.com/repository/maven-snapshots/com/outr/scribe_2.12/3.5.5/scribe_2.12-3.5.5.pom
2025.11.14 15:25:21 INFO  BSP server: Downloaded https://central.sonatype.com/repository/maven-snapshots/com/eed3si9n/sjson-new-core_2.12/0.10.1/sjson-new-core_2.12-0.10.1.pom.sha1
2025.11.14 15:25:21 INFO  BSP server: Downloading https://central.sonatype.com/repository/maven-snapshots/org/scala-sbt/librarymanagement-core_2.12/1.11.2/librarymanagement-core_2.12-1.11.2.pom.sha1
2025.11.14 15:25:21 INFO  BSP server: Downloaded https://central.sonatype.com/repository/maven-snapshots/org/scala-sbt/zinc-compile-core_2.12/1.10.8/zinc-compile-core_2.12-1.10.8.pom
2025.11.14 15:25:21 INFO  BSP server: Downloading https://central.sonatype.com/repository/maven-snapshots/io/monix/implicitbox_2.12/0.2.0/implicitbox_2.12-0.2.0.pom.sha1
2025.11.14 15:25:21 INFO  BSP server: Downloaded https://central.sonatype.com/repository/maven-snapshots/org/apache/logging/log4j/log4j-api/2.23.0/log4j-api-2.23.0.pom
2025.11.14 15:25:21 INFO  BSP server: Downloading https://central.sonatype.com/repository/maven-snapshots/org/typelevel/cats-effect_2.12/2.1.3/cats-effect_2.12-2.1.3.pom.sha1
2025.11.14 15:25:21 INFO  BSP server: Downloaded https://central.sonatype.com/repository/maven-snapshots/net/java/dev/jna/jna-platform/4.4.0/jna-platform-4.4.0.pom
2025.11.14 15:25:21 INFO  BSP server: Downloading https://central.sonatype.com/repository/maven-snapshots/org/scala-sbt/ivy/ivy/2.3.0-sbt-77cc781d727b367d3761f097d89f5a4762771d41/ivy-2.3.0-sbt-77cc781d727b367d3761f097d89f5a4762771d41.pom.sha1
2025.11.14 15:25:22 INFO  BSP server: Downloaded https://central.sonatype.com/repository/maven-snapshots/com/outr/scribe_2.12/3.5.5/scribe_2.12-3.5.5.pom
2025.11.14 15:25:22 INFO  BSP server: Downloading https://central.sonatype.com/repository/maven-snapshots/io/zipkin/reporter2/zipkin-reporter-brave/2.17.2/zipkin-reporter-brave-2.17.2.pom.sha1
2025.11.14 15:25:22 INFO  BSP server: Downloaded https://central.sonatype.com/repository/maven-snapshots/org/jctools/jctools-core/2.1.2/jctools-core-2.1.2.pom
2025.11.14 15:25:22 INFO  BSP server: Downloading https://central.sonatype.com/repository/maven-snapshots/com/lihaoyi/fansi_2.12/0.5.0/fansi_2.12-0.5.0.pom.sha1
2025.11.14 15:25:22 INFO  BSP server: Downloaded https://central.sonatype.com/repository/maven-snapshots/org/scala-sbt/librarymanagement-core_2.12/1.11.2/librarymanagement-core_2.12-1.11.2.pom.sha1
2025.11.14 15:25:22 INFO  BSP server: Downloading https://central.sonatype.com/repository/maven-snapshots/org/scalameta/trees_2.12/4.13.8/trees_2.12-4.13.8.pom.sha1
2025.11.14 15:25:22 INFO  BSP server: Downloaded https://central.sonatype.com/repository/maven-snapshots/io/monix/implicitbox_2.12/0.2.0/implicitbox_2.12-0.2.0.pom.sha1
2025.11.14 15:25:22 INFO  BSP server: Downloading https://central.sonatype.com/repository/maven-snapshots/org/scala-sbt/zinc-compile-core_2.12/1.10.8/zinc-compile-core_2.12-1.10.8.pom.sha1
2025.11.14 15:25:22 INFO  BSP server: Downloaded https://central.sonatype.com/repository/maven-snapshots/org/typelevel/cats-effect_2.12/2.1.3/cats-effect_2.12-2.1.3.pom.sha1
2025.11.14 15:25:22 INFO  BSP server: Downloading https://central.sonatype.com/repository/maven-snapshots/org/apache/logging/log4j/log4j-api/2.23.0/log4j-api-2.23.0.pom.sha1
2025.11.14 15:25:22 INFO  BSP server: Downloaded https://central.sonatype.com/repository/maven-snapshots/org/scala-sbt/ivy/ivy/2.3.0-sbt-77cc781d727b367d3761f097d89f5a4762771d41/ivy-2.3.0-sbt-77cc781d727b367d3761f097d89f5a4762771d41.pom.sha1
2025.11.14 15:25:22 INFO  BSP server: Downloading https://central.sonatype.com/repository/maven-snapshots/net/java/dev/jna/jna-platform/4.4.0/jna-platform-4.4.0.pom.sha1
2025.11.14 15:25:22 INFO  BSP server: Downloaded https://central.sonatype.com/repository/maven-snapshots/io/zipkin/reporter2/zipkin-reporter-brave/2.17.2/zipkin-reporter-brave-2.17.2.pom.sha1
2025.11.14 15:25:22 INFO  BSP server: Downloading https://central.sonatype.com/repository/maven-snapshots/com/outr/scribe_2.12/3.5.5/scribe_2.12-3.5.5.pom.sha1
2025.11.14 15:25:22 INFO  BSP server: Downloaded https://central.sonatype.com/repository/maven-snapshots/com/lihaoyi/fansi_2.12/0.5.0/fansi_2.12-0.5.0.pom.sha1
2025.11.14 15:25:22 INFO  BSP server: Downloading https://central.sonatype.com/repository/maven-snapshots/io/get-coursier/util/directories/0.1.2/directories-0.1.2.pom
2025.11.14 15:25:22 INFO  BSP server: Downloaded https://central.sonatype.com/repository/maven-snapshots/org/scalameta/trees_2.12/4.13.8/trees_2.12-4.13.8.pom.sha1
2025.11.14 15:25:22 INFO  BSP server: Downloading https://central.sonatype.com/repository/maven-snapshots/org/jctools/jctools-core/2.1.2/jctools-core-2.1.2.pom.sha1
2025.11.14 15:25:22 INFO  BSP server: Downloaded https://central.sonatype.com/repository/maven-snapshots/org/scala-sbt/zinc-compile-core_2.12/1.10.8/zinc-compile-core_2.12-1.10.8.pom.sha1
2025.11.14 15:25:22 INFO  BSP server: Downloading https://repo.scala-lang.org/artifactory/maven-nightlies/io/zipkin/zipkin2/zipkin/2.27.0/zipkin-2.27.0.pom
2025.11.14 15:25:22 INFO  BSP server: Downloaded https://central.sonatype.com/repository/maven-snapshots/org/apache/logging/log4j/log4j-api/2.23.0/log4j-api-2.23.0.pom.sha1
2025.11.14 15:25:22 INFO  BSP server: Downloading https://repo.scala-lang.org/artifactory/maven-nightlies/org/scala-sbt/zinc-core_2.12/1.10.8/zinc-core_2.12-1.10.8.pom
2025.11.14 15:25:22 INFO  BSP server: Downloaded https://central.sonatype.com/repository/maven-snapshots/net/java/dev/jna/jna-platform/4.4.0/jna-platform-4.4.0.pom.sha1
2025.11.14 15:25:22 INFO  BSP server: Downloading https://repo.scala-lang.org/artifactory/maven-nightlies/org/scala-sbt/zinc-persist_2.12/1.10.8/zinc-persist_2.12-1.10.8.pom
2025.11.14 15:25:22 INFO  BSP server: Downloaded https://central.sonatype.com/repository/maven-snapshots/com/outr/scribe_2.12/3.5.5/scribe_2.12-3.5.5.pom.sha1
2025.11.14 15:25:22 INFO  BSP server: Downloading https://repo.scala-lang.org/artifactory/maven-nightlies/com/chuusai/shapeless_2.12/2.3.3/shapeless_2.12-2.3.3.pom
2025.11.14 15:25:22 INFO  BSP server: Downloaded https://central.sonatype.com/repository/maven-snapshots/io/get-coursier/util/directories/0.1.2/directories-0.1.2.pom
2025.11.14 15:25:22 INFO  BSP server: Downloading https://repo.scala-lang.org/artifactory/maven-nightlies/io/zipkin/reporter2/zipkin-reporter/2.17.2/zipkin-reporter-2.17.2.pom
2025.11.14 15:25:22 INFO  BSP server: Downloaded https://central.sonatype.com/repository/maven-snapshots/org/jctools/jctools-core/2.1.2/jctools-core-2.1.2.pom.sha1
2025.11.14 15:25:22 INFO  BSP server: Downloading https://repo.scala-lang.org/artifactory/maven-nightlies/org/scala-sbt/zinc-classfile_2.12/1.10.8/zinc-classfile_2.12-1.10.8.pom
2025.11.14 15:25:23 INFO  BSP server: Downloaded https://repo.scala-lang.org/artifactory/maven-nightlies/io/zipkin/zipkin2/zipkin/2.27.0/zipkin-2.27.0.pom
2025.11.14 15:25:23 INFO  BSP server: Downloading https://repo.scala-lang.org/artifactory/maven-nightlies/com/eed3si9n/sjson-new-core_2.12/0.10.1/sjson-new-core_2.12-0.10.1.pom
2025.11.14 15:25:23 INFO  BSP server: Downloaded https://repo.scala-lang.org/artifactory/maven-nightlies/org/scala-sbt/zinc-core_2.12/1.10.8/zinc-core_2.12-1.10.8.pom
2025.11.14 15:25:23 INFO  BSP server: Downloading https://central.sonatype.com/repository/maven-snapshots/io/get-coursier/util/directories/0.1.2/directories-0.1.2.pom.sha1
2025.11.14 15:25:23 INFO  BSP server: Downloaded https://repo.scala-lang.org/artifactory/maven-nightlies/com/eed3si9n/sjson-new-core_2.12/0.10.1/sjson-new-core_2.12-0.10.1.pom
2025.11.14 15:25:23 INFO  BSP server: Downloading https://repo.scala-lang.org/artifactory/maven-nightlies/org/scala-sbt/librarymanagement-core_2.12/1.11.2/librarymanagement-core_2.12-1.11.2.pom
2025.11.14 15:25:23 INFO  BSP server: Downloaded https://repo.scala-lang.org/artifactory/maven-nightlies/org/scala-sbt/zinc-classfile_2.12/1.10.8/zinc-classfile_2.12-1.10.8.pom
2025.11.14 15:25:23 INFO  BSP server: Downloading https://repo.scala-lang.org/artifactory/maven-nightlies/io/monix/implicitbox_2.12/0.2.0/implicitbox_2.12-0.2.0.pom
2025.11.14 15:25:23 INFO  BSP server: Downloaded https://repo.scala-lang.org/artifactory/maven-nightlies/org/scala-sbt/zinc-persist_2.12/1.10.8/zinc-persist_2.12-1.10.8.pom
2025.11.14 15:25:23 INFO  BSP server: Downloading https://repo.scala-lang.org/artifactory/maven-nightlies/org/typelevel/cats-effect_2.12/2.1.3/cats-effect_2.12-2.1.3.pom
2025.11.14 15:25:23 INFO  BSP server: Downloaded https://repo.scala-lang.org/artifactory/maven-nightlies/io/zipkin/reporter2/zipkin-reporter/2.17.2/zipkin-reporter-2.17.2.pom
2025.11.14 15:25:23 INFO  BSP server: Downloading https://repo.scala-lang.org/artifactory/maven-nightlies/org/scala-sbt/ivy/ivy/2.3.0-sbt-77cc781d727b367d3761f097d89f5a4762771d41/ivy-2.3.0-sbt-77cc781d727b367d3761f097d89f5a4762771d41.pom
2025.11.14 15:25:23 INFO  BSP server: Downloaded https://repo.scala-lang.org/artifactory/maven-nightlies/org/scala-sbt/librarymanagement-core_2.12/1.11.2/librarymanagement-core_2.12-1.11.2.pom
2025.11.14 15:25:23 INFO  BSP server: Downloading https://repo.scala-lang.org/artifactory/maven-nightlies/io/zipkin/zipkin2/zipkin/2.27.0/zipkin-2.27.0.pom.sha1
2025.11.14 15:25:23 INFO  BSP server: Downloaded https://central.sonatype.com/repository/maven-snapshots/io/get-coursier/util/directories/0.1.2/directories-0.1.2.pom.sha1
2025.11.14 15:25:23 INFO  BSP server: Downloading https://repo.scala-lang.org/artifactory/maven-nightlies/io/zipkin/reporter2/zipkin-reporter-brave/2.17.2/zipkin-reporter-brave-2.17.2.pom
2025.11.14 15:25:23 INFO  BSP server: Downloaded https://repo.scala-lang.org/artifactory/maven-nightlies/io/monix/implicitbox_2.12/0.2.0/implicitbox_2.12-0.2.0.pom
2025.11.14 15:25:23 INFO  BSP server: Downloading https://repo.scala-lang.org/artifactory/maven-nightlies/org/scala-sbt/zinc-core_2.12/1.10.8/zinc-core_2.12-1.10.8.pom.sha1
2025.11.14 15:25:23 INFO  BSP server: Downloaded https://repo.scala-lang.org/artifactory/maven-nightlies/org/typelevel/cats-effect_2.12/2.1.3/cats-effect_2.12-2.1.3.pom
2025.11.14 15:25:23 INFO  BSP server: Downloading https://repo.scala-lang.org/artifactory/maven-nightlies/com/lihaoyi/fansi_2.12/0.5.0/fansi_2.12-0.5.0.pom
2025.11.14 15:25:23 INFO  BSP server: Downloaded https://repo.scala-lang.org/artifactory/maven-nightlies/org/scala-sbt/ivy/ivy/2.3.0-sbt-77cc781d727b367d3761f097d89f5a4762771d41/ivy-2.3.0-sbt-77cc781d727b367d3761f097d89f5a4762771d41.pom
2025.11.14 15:25:23 INFO  BSP server: Downloading https://repo.scala-lang.org/artifactory/maven-nightlies/org/scalameta/trees_2.12/4.13.8/trees_2.12-4.13.8.pom
2025.11.14 15:25:24 INFO  BSP server: Downloaded https://repo.scala-lang.org/artifactory/maven-nightlies/com/chuusai/shapeless_2.12/2.3.3/shapeless_2.12-2.3.3.pom
2025.11.14 15:25:24 INFO  BSP server: Downloading https://repo.scala-lang.org/artifactory/maven-nightlies/org/scala-sbt/zinc-compile-core_2.12/1.10.8/zinc-compile-core_2.12-1.10.8.pom
2025.11.14 15:25:24 INFO  BSP server: Downloaded https://repo.scala-lang.org/artifactory/maven-nightlies/io/zipkin/zipkin2/zipkin/2.27.0/zipkin-2.27.0.pom.sha1
2025.11.14 15:25:24 INFO  BSP server: Downloading https://repo.scala-lang.org/artifactory/maven-nightlies/org/apache/logging/log4j/log4j-api/2.23.0/log4j-api-2.23.0.pom
2025.11.14 15:25:24 INFO  BSP server: Downloaded https://repo.scala-lang.org/artifactory/maven-nightlies/com/lihaoyi/fansi_2.12/0.5.0/fansi_2.12-0.5.0.pom
2025.11.14 15:25:24 INFO  BSP server: Downloading https://repo.scala-lang.org/artifactory/maven-nightlies/net/java/dev/jna/jna-platform/4.4.0/jna-platform-4.4.0.pom
2025.11.14 15:25:24 INFO  BSP server: Downloaded https://repo.scala-lang.org/artifactory/maven-nightlies/io/zipkin/reporter2/zipkin-reporter-brave/2.17.2/zipkin-reporter-brave-2.17.2.pom
2025.11.14 15:25:24 INFO  BSP server: Downloading https://repo.scala-lang.org/artifactory/maven-nightlies/com/outr/scribe_2.12/3.5.5/scribe_2.12-3.5.5.pom
2025.11.14 15:25:24 INFO  BSP server: Downloaded https://repo.scala-lang.org/artifactory/maven-nightlies/org/scala-sbt/zinc-core_2.12/1.10.8/zinc-core_2.12-1.10.8.pom.sha1
2025.11.14 15:25:24 INFO  BSP server: Downloading https://repo.scala-lang.org/artifactory/maven-nightlies/com/eed3si9n/sjson-new-core_2.12/0.10.1/sjson-new-core_2.12-0.10.1.pom.sha1
2025.11.14 15:25:24 INFO  BSP server: Downloaded https://repo.scala-lang.org/artifactory/maven-nightlies/org/scalameta/trees_2.12/4.13.8/trees_2.12-4.13.8.pom
2025.11.14 15:25:24 INFO  BSP server: Downloading https://repo.scala-lang.org/artifactory/maven-nightlies/org/jctools/jctools-core/2.1.2/jctools-core-2.1.2.pom
2025.11.14 15:25:24 INFO  BSP server: Downloaded https://repo.scala-lang.org/artifactory/maven-nightlies/org/scala-sbt/zinc-compile-core_2.12/1.10.8/zinc-compile-core_2.12-1.10.8.pom
2025.11.14 15:25:24 INFO  BSP server: Downloading https://repo.scala-lang.org/artifactory/maven-nightlies/org/scala-sbt/zinc-classfile_2.12/1.10.8/zinc-classfile_2.12-1.10.8.pom.sha1
2025.11.14 15:25:24 INFO  BSP server: Downloaded https://repo.scala-lang.org/artifactory/maven-nightlies/org/apache/logging/log4j/log4j-api/2.23.0/log4j-api-2.23.0.pom
2025.11.14 15:25:24 INFO  BSP server: Downloading https://repo.scala-lang.org/artifactory/maven-nightlies/org/scala-sbt/zinc-persist_2.12/1.10.8/zinc-persist_2.12-1.10.8.pom.sha1
2025.11.14 15:25:24 INFO  BSP server: Downloaded https://repo.scala-lang.org/artifactory/maven-nightlies/net/java/dev/jna/jna-platform/4.4.0/jna-platform-4.4.0.pom
2025.11.14 15:25:24 INFO  BSP server: Downloading https://repo.scala-lang.org/artifactory/maven-nightlies/io/zipkin/reporter2/zipkin-reporter/2.17.2/zipkin-reporter-2.17.2.pom.sha1
2025.11.14 15:25:24 INFO  BSP server: Downloaded https://repo.scala-lang.org/artifactory/maven-nightlies/com/outr/scribe_2.12/3.5.5/scribe_2.12-3.5.5.pom
2025.11.14 15:25:24 INFO  BSP server: Downloading https://repo.scala-lang.org/artifactory/maven-nightlies/org/scala-sbt/librarymanagement-core_2.12/1.11.2/librarymanagement-core_2.12-1.11.2.pom.sha1
2025.11.14 15:25:24 INFO  BSP server: Downloaded https://repo.scala-lang.org/artifactory/maven-nightlies/com/eed3si9n/sjson-new-core_2.12/0.10.1/sjson-new-core_2.12-0.10.1.pom.sha1
2025.11.14 15:25:24 INFO  BSP server: Downloaded https://repo.scala-lang.org/artifactory/maven-nightlies/org/scala-sbt/zinc-classfile_2.12/1.10.8/zinc-classfile_2.12-1.10.8.pom.sha1
2025.11.14 15:25:24 INFO  BSP server: Downloading https://repo.scala-lang.org/artifactory/maven-nightlies/io/monix/implicitbox_2.12/0.2.0/implicitbox_2.12-0.2.0.pom.sha1
2025.11.14 15:25:24 INFO  BSP server: Downloading https://repo.scala-lang.org/artifactory/maven-nightlies/org/typelevel/cats-effect_2.12/2.1.3/cats-effect_2.12-2.1.3.pom.sha1
2025.11.14 15:25:24 INFO  BSP server: Downloaded https://repo.scala-lang.org/artifactory/maven-nightlies/org/jctools/jctools-core/2.1.2/jctools-core-2.1.2.pom
2025.11.14 15:25:24 INFO  BSP server: Downloading https://repo.scala-lang.org/artifactory/maven-nightlies/org/scala-sbt/ivy/ivy/2.3.0-sbt-77cc781d727b367d3761f097d89f5a4762771d41/ivy-2.3.0-sbt-77cc781d727b367d3761f097d89f5a4762771d41.pom.sha1
2025.11.14 15:25:24 INFO  BSP server: Downloaded https://repo.scala-lang.org/artifactory/maven-nightlies/org/scala-sbt/zinc-persist_2.12/1.10.8/zinc-persist_2.12-1.10.8.pom.sha1
2025.11.14 15:25:24 INFO  BSP server: Downloading https://repo.scala-lang.org/artifactory/maven-nightlies/com/chuusai/shapeless_2.12/2.3.3/shapeless_2.12-2.3.3.pom.sha1
2025.11.14 15:25:25 INFO  BSP server: Downloaded https://repo.scala-lang.org/artifactory/maven-nightlies/org/scala-sbt/librarymanagement-core_2.12/1.11.2/librarymanagement-core_2.12-1.11.2.pom.sha1
2025.11.14 15:25:25 INFO  BSP server: Downloaded https://repo.scala-lang.org/artifactory/maven-nightlies/org/typelevel/cats-effect_2.12/2.1.3/cats-effect_2.12-2.1.3.pom.sha1
2025.11.14 15:25:25 INFO  BSP server: Downloading https://repo.scala-lang.org/artifactory/maven-nightlies/com/lihaoyi/fansi_2.12/0.5.0/fansi_2.12-0.5.0.pom.sha1
2025.11.14 15:25:25 INFO  BSP server: Downloading https://repo.scala-lang.org/artifactory/maven-nightlies/io/zipkin/reporter2/zipkin-reporter-brave/2.17.2/zipkin-reporter-brave-2.17.2.pom.sha1
2025.11.14 15:25:25 INFO  BSP server: Downloaded https://repo.scala-lang.org/artifactory/maven-nightlies/io/monix/implicitbox_2.12/0.2.0/implicitbox_2.12-0.2.0.pom.sha1
2025.11.14 15:25:25 INFO  BSP server: Downloaded https://repo.scala-lang.org/artifactory/maven-nightlies/io/zipkin/reporter2/zipkin-reporter/2.17.2/zipkin-reporter-2.17.2.pom.sha1
2025.11.14 15:25:25 INFO  BSP server: Downloading https://repo.scala-lang.org/artifactory/maven-nightlies/org/scalameta/trees_2.12/4.13.8/trees_2.12-4.13.8.pom.sha1
2025.11.14 15:25:25 INFO  BSP server: Downloaded https://repo.scala-lang.org/artifactory/maven-nightlies/org/scala-sbt/ivy/ivy/2.3.0-sbt-77cc781d727b367d3761f097d89f5a4762771d41/ivy-2.3.0-sbt-77cc781d727b367d3761f097d89f5a4762771d41.pom.sha1
2025.11.14 15:25:25 INFO  BSP server: Downloading https://repo.scala-lang.org/artifactory/maven-nightlies/org/scala-sbt/zinc-compile-core_2.12/1.10.8/zinc-compile-core_2.12-1.10.8.pom.sha1
2025.11.14 15:25:25 INFO  BSP server: Downloading https://repo.scala-lang.org/artifactory/maven-nightlies/io/get-coursier/util/directories/0.1.2/directories-0.1.2.pom
2025.11.14 15:25:25 INFO  BSP server: Downloaded https://repo.scala-lang.org/artifactory/maven-nightlies/com/chuusai/shapeless_2.12/2.3.3/shapeless_2.12-2.3.3.pom.sha1
2025.11.14 15:25:25 INFO  BSP server: Downloading https://repo.scala-lang.org/artifactory/maven-nightlies/org/apache/logging/log4j/log4j-api/2.23.0/log4j-api-2.23.0.pom.sha1
2025.11.14 15:25:25 INFO  BSP server: Downloaded https://repo.scala-lang.org/artifactory/maven-nightlies/com/lihaoyi/fansi_2.12/0.5.0/fansi_2.12-0.5.0.pom.sha1
2025.11.14 15:25:25 INFO  BSP server: Downloaded https://repo.scala-lang.org/artifactory/maven-nightlies/io/zipkin/reporter2/zipkin-reporter-brave/2.17.2/zipkin-reporter-brave-2.17.2.pom.sha1
2025.11.14 15:25:25 INFO  BSP server: Downloading https://repo.scala-lang.org/artifactory/maven-nightlies/net/java/dev/jna/jna-platform/4.4.0/jna-platform-4.4.0.pom.sha1
2025.11.14 15:25:25 INFO  BSP server: Downloading https://repo.scala-lang.org/artifactory/maven-nightlies/com/outr/scribe_2.12/3.5.5/scribe_2.12-3.5.5.pom.sha1
2025.11.14 15:25:25 INFO  BSP server: Downloaded https://repo.scala-lang.org/artifactory/maven-nightlies/org/scalameta/trees_2.12/4.13.8/trees_2.12-4.13.8.pom.sha1
2025.11.14 15:25:25 INFO  BSP server: Downloaded https://repo.scala-lang.org/artifactory/maven-nightlies/org/scala-sbt/zinc-compile-core_2.12/1.10.8/zinc-compile-core_2.12-1.10.8.pom.sha1
2025.11.14 15:25:25 INFO  BSP server: Downloading https://repo.scala-lang.org/artifactory/maven-nightlies/org/jctools/jctools-core/2.1.2/jctools-core-2.1.2.pom.sha1
2025.11.14 15:25:25 INFO  BSP server: Downloaded https://repo.scala-lang.org/artifactory/maven-nightlies/io/get-coursier/util/directories/0.1.2/directories-0.1.2.pom
2025.11.14 15:25:25 INFO  BSP server: Downloading https://repo.scala-lang.org/artifactory/maven-nightlies/io/get-coursier/util/directories/0.1.2/directories-0.1.2.pom.sha1
2025.11.14 15:25:25 INFO  BSP server: Downloaded https://repo.scala-lang.org/artifactory/maven-nightlies/org/apache/logging/log4j/log4j-api/2.23.0/log4j-api-2.23.0.pom.sha1
2025.11.14 15:25:25 INFO  BSP server: Downloaded https://repo.scala-lang.org/artifactory/maven-nightlies/com/outr/scribe_2.12/3.5.5/scribe_2.12-3.5.5.pom.sha1
2025.11.14 15:25:25 INFO  BSP server: Downloaded https://repo.scala-lang.org/artifactory/maven-nightlies/org/jctools/jctools-core/2.1.2/jctools-core-2.1.2.pom.sha1
2025.11.14 15:25:25 INFO  BSP server: Downloaded https://repo.scala-lang.org/artifactory/maven-nightlies/net/java/dev/jna/jna-platform/4.4.0/jna-platform-4.4.0.pom.sha1
2025.11.14 15:25:27 INFO  BSP server: Downloaded https://repo.scala-lang.org/artifactory/maven-nightlies/io/get-coursier/util/directories/0.1.2/directories-0.1.2.pom.sha1
2025.11.14 15:25:27 INFO  BSP server: Downloading https://oss.sonatype.org/content/repositories/snapshots/io/zipkin/zipkin-parent/2.27.0/zipkin-parent-2.27.0.pom
2025.11.14 15:25:27 ERROR Timeout waiting for 'build/initialize' response
2025.11.14 15:25:27 WARN  Retrying connection to the build server scala-cli
2025.11.14 15:25:27 INFO  Running BSP server List(C:\Users\UTPL\AppData\Local\Coursier\data\bin\.scala-cli.aux.exe, bsp, --json-options, C:\Users\UTPL\Desktop\Examen\.scala-build\ide-options-v2.json, --json-launcher-options, C:\Users\UTPL\Desktop\Examen\.scala-build\ide-launcher-options.json, --envs-file, C:\Users\UTPL\Desktop\Examen\.scala-build\ide-envs.json, C:\Users\UTPL\Desktop\Examen)
2025.11.14 15:25:27 INFO  tracing is disabled for protocol BSP, to enable tracing of incoming and outgoing JSON messages create an empty file at C:\Users\UTPL\Desktop\Examen\.metals\bsp.trace.json or C:\Users\UTPL\AppData\Local\scalameta\metals\cache\bsp.trace.json
2025.11.14 15:25:28 INFO  BSP server: Downloading https://oss.sonatype.org/content/repositories/snapshots/io/zipkin/zipkin-parent/2.27.0/zipkin-parent-2.27.0.pom
2025.11.14 15:25:28 INFO  BSP server: Downloaded https://oss.sonatype.org/content/repositories/snapshots/io/zipkin/zipkin-parent/2.27.0/zipkin-parent-2.27.0.pom
2025.11.14 15:25:28 INFO  BSP server: Downloading https://oss.sonatype.org/content/repositories/snapshots/io/zipkin/zipkin-parent/2.27.0/zipkin-parent-2.27.0.pom.sha1
2025.11.14 15:25:28 INFO  BSP server: Downloaded https://oss.sonatype.org/content/repositories/snapshots/io/zipkin/zipkin-parent/2.27.0/zipkin-parent-2.27.0.pom.sha1
2025.11.14 15:25:28 INFO  BSP server: Downloading https://s01.oss.sonatype.org/content/repositories/snapshots/io/zipkin/zipkin-parent/2.27.0/zipkin-parent-2.27.0.pom
2025.11.14 15:25:28 INFO  BSP server: Downloaded https://s01.oss.sonatype.org/content/repositories/snapshots/io/zipkin/zipkin-parent/2.27.0/zipkin-parent-2.27.0.pom
2025.11.14 15:25:28 INFO  BSP server: Downloading https://s01.oss.sonatype.org/content/repositories/snapshots/io/zipkin/zipkin-parent/2.27.0/zipkin-parent-2.27.0.pom.sha1
2025.11.14 15:25:29 INFO  BSP server: Downloaded https://s01.oss.sonatype.org/content/repositories/snapshots/io/zipkin/zipkin-parent/2.27.0/zipkin-parent-2.27.0.pom.sha1
2025.11.14 15:25:29 INFO  BSP server: Downloading https://central.sonatype.com/repository/maven-snapshots/io/zipkin/zipkin-parent/2.27.0/zipkin-parent-2.27.0.pom
2025.11.14 15:25:29 INFO  BSP server: Downloaded https://central.sonatype.com/repository/maven-snapshots/io/zipkin/zipkin-parent/2.27.0/zipkin-parent-2.27.0.pom
2025.11.14 15:25:29 INFO  BSP server: Downloading https://central.sonatype.com/repository/maven-snapshots/io/zipkin/zipkin-parent/2.27.0/zipkin-parent-2.27.0.pom.sha1
2025.11.14 15:25:29 INFO  BSP server: Downloaded https://central.sonatype.com/repository/maven-snapshots/io/zipkin/zipkin-parent/2.27.0/zipkin-parent-2.27.0.pom.sha1
2025.11.14 15:25:29 INFO  BSP server: Downloading https://repo.scala-lang.org/artifactory/maven-nightlies/io/zipkin/zipkin-parent/2.27.0/zipkin-parent-2.27.0.pom
2025.11.14 15:25:31 INFO  BSP server: Downloaded https://repo.scala-lang.org/artifactory/maven-nightlies/io/zipkin/zipkin-parent/2.27.0/zipkin-parent-2.27.0.pom
2025.11.14 15:25:31 INFO  BSP server: Downloading https://repo.scala-lang.org/artifactory/maven-nightlies/io/zipkin/zipkin-parent/2.27.0/zipkin-parent-2.27.0.pom.sha1
2025.11.14 15:25:31 INFO  BSP server: Downloaded https://repo.scala-lang.org/artifactory/maven-nightlies/io/zipkin/zipkin-parent/2.27.0/zipkin-parent-2.27.0.pom.sha1
2025.11.14 15:25:31 INFO  BSP server: Downloading https://oss.sonatype.org/content/repositories/snapshots/com/outr/moduload_2.12/1.1.5/moduload_2.12-1.1.5.pom
2025.11.14 15:25:31 INFO  BSP server: Downloading https://oss.sonatype.org/content/repositories/snapshots/org/scala-sbt/zinc-classpath_2.12/1.10.8/zinc-classpath_2.12-1.10.8.pom
2025.11.14 15:25:31 INFO  BSP server: Downloading https://oss.sonatype.org/content/repositories/snapshots/com/google/errorprone/error_prone_annotations/2.38.0/error_prone_annotations-2.38.0.pom
2025.11.14 15:25:31 INFO  BSP server: Downloading https://oss.sonatype.org/content/repositories/snapshots/org/scalameta/io_2.12/4.13.8/io_2.12-4.13.8.pom
2025.11.14 15:25:31 INFO  BSP server: Downloading https://oss.sonatype.org/content/repositories/snapshots/org/scala-lang/scala-compiler/2.12.20/scala-compiler-2.12.20.pom
2025.11.14 15:25:31 INFO  BSP server: Downloading https://oss.sonatype.org/content/repositories/snapshots/org/scala-sbt/zinc-persist-core-assembly/1.10.8/zinc-persist-core-assembly-1.10.8.pom
2025.11.14 15:25:31 INFO  BSP server: Downloaded https://oss.sonatype.org/content/repositories/snapshots/com/outr/moduload_2.12/1.1.5/moduload_2.12-1.1.5.pom
2025.11.14 15:25:31 INFO  BSP server: Downloading https://oss.sonatype.org/content/repositories/snapshots/com/github/mwiede/jsch/0.2.23/jsch-0.2.23.pom
2025.11.14 15:25:31 INFO  BSP server: Downloaded https://oss.sonatype.org/content/repositories/snapshots/com/github/mwiede/jsch/0.2.23/jsch-0.2.23.pom
2025.11.14 15:25:31 INFO  BSP server: Downloading https://oss.sonatype.org/content/repositories/snapshots/org/typelevel/cats-core_2.12/2.1.1/cats-core_2.12-2.1.1.pom
2025.11.14 15:25:32 INFO  BSP server: Downloaded https://oss.sonatype.org/content/repositories/snapshots/com/google/errorprone/error_prone_annotations/2.38.0/error_prone_annotations-2.38.0.pom
2025.11.14 15:25:32 INFO  BSP server: Downloading https://oss.sonatype.org/content/repositories/snapshots/org/scala-sbt/zinc-apiinfo_2.12/1.10.8/zinc-apiinfo_2.12-1.10.8.pom
2025.11.14 15:25:32 INFO  BSP server: Downloaded https://oss.sonatype.org/content/repositories/snapshots/org/scala-sbt/zinc-classpath_2.12/1.10.8/zinc-classpath_2.12-1.10.8.pom
2025.11.14 15:25:32 INFO  BSP server: Downloading https://oss.sonatype.org/content/repositories/snapshots/org/scala-sbt/util-position_2.12/1.11.0/util-position_2.12-1.11.0.pom
2025.11.14 15:25:32 INFO  BSP server: Downloaded https://oss.sonatype.org/content/repositories/snapshots/org/scala-lang/scala-compiler/2.12.20/scala-compiler-2.12.20.pom
2025.11.14 15:25:32 INFO  BSP server: Downloading https://oss.sonatype.org/content/repositories/snapshots/org/scala-sbt/util-logging_2.12/1.11.0/util-logging_2.12-1.11.0.pom
2025.11.14 15:25:32 INFO  BSP server: Downloaded https://oss.sonatype.org/content/repositories/snapshots/org/typelevel/cats-core_2.12/2.1.1/cats-core_2.12-2.1.1.pom
2025.11.14 15:25:32 INFO  BSP server: Downloading https://oss.sonatype.org/content/repositories/snapshots/com/outr/perfolation_2.12/1.2.8/perfolation_2.12-1.2.8.pom
2025.11.14 15:25:32 INFO  BSP server: Downloaded https://oss.sonatype.org/content/repositories/snapshots/org/scalameta/io_2.12/4.13.8/io_2.12-4.13.8.pom
2025.11.14 15:25:32 INFO  BSP server: Downloading https://oss.sonatype.org/content/repositories/snapshots/net/openhft/zero-allocation-hashing/0.16/zero-allocation-hashing-0.16.pom
2025.11.14 15:25:32 INFO  BSP server: Downloaded https://oss.sonatype.org/content/repositories/snapshots/org/scala-sbt/zinc-persist-core-assembly/1.10.8/zinc-persist-core-assembly-1.10.8.pom
2025.11.14 15:25:32 INFO  BSP server: Downloading https://oss.sonatype.org/content/repositories/snapshots/org/scalameta/common_2.12/4.13.8/common_2.12-4.13.8.pom
2025.11.14 15:25:32 INFO  BSP server: Downloaded https://oss.sonatype.org/content/repositories/snapshots/org/scala-sbt/zinc-apiinfo_2.12/1.10.8/zinc-apiinfo_2.12-1.10.8.pom
2025.11.14 15:25:32 INFO  BSP server: Downloading https://oss.sonatype.org/content/repositories/snapshots/org/scala-sbt/sbinary_2.12/0.5.1/sbinary_2.12-0.5.1.pom
2025.11.14 15:25:32 INFO  BSP server: Downloaded https://oss.sonatype.org/content/repositories/snapshots/org/scala-sbt/util-position_2.12/1.11.0/util-position_2.12-1.11.0.pom
2025.11.14 15:25:32 INFO  BSP server: Downloading https://oss.sonatype.org/content/repositories/snapshots/com/eed3si9n/gigahorse-apache-http_2.12/0.9.3/gigahorse-apache-http_2.12-0.9.3.pom
2025.11.14 15:25:32 INFO  BSP server: Downloaded https://oss.sonatype.org/content/repositories/snapshots/org/scala-sbt/util-logging_2.12/1.11.0/util-logging_2.12-1.11.0.pom
2025.11.14 15:25:32 INFO  BSP server: Downloading https://oss.sonatype.org/content/repositories/snapshots/org/scala-lang/modules/scala-xml_2.12/2.3.0/scala-xml_2.12-2.3.0.pom
2025.11.14 15:25:32 INFO  BSP server: Downloaded https://oss.sonatype.org/content/repositories/snapshots/com/outr/perfolation_2.12/1.2.8/perfolation_2.12-1.2.8.pom
2025.11.14 15:25:32 INFO  BSP server: Downloading https://oss.sonatype.org/content/repositories/snapshots/org/typelevel/macro-compat_2.12/1.1.1/macro-compat_2.12-1.1.1.pom
2025.11.14 15:25:32 INFO  BSP server: Downloaded https://oss.sonatype.org/content/repositories/snapshots/net/openhft/zero-allocation-hashing/0.16/zero-allocation-hashing-0.16.pom
2025.11.14 15:25:32 INFO  BSP server: Downloading https://oss.sonatype.org/content/repositories/snapshots/org/scala-sbt/compiler-interface/1.10.8/compiler-interface-1.10.8.pom
2025.11.14 15:25:32 INFO  BSP server: Downloaded https://oss.sonatype.org/content/repositories/snapshots/org/scalameta/common_2.12/4.13.8/common_2.12-4.13.8.pom
2025.11.14 15:25:32 INFO  BSP server: Downloading https://oss.sonatype.org/content/repositories/snapshots/com/outr/moduload_2.12/1.1.5/moduload_2.12-1.1.5.pom.sha1
2025.11.14 15:25:32 INFO  BSP server: Downloaded https://oss.sonatype.org/content/repositories/snapshots/org/scala-sbt/sbinary_2.12/0.5.1/sbinary_2.12-0.5.1.pom
2025.11.14 15:25:32 INFO  BSP server: Downloading https://oss.sonatype.org/content/repositories/snapshots/com/github/mwiede/jsch/0.2.23/jsch-0.2.23.pom.sha1
2025.11.14 15:25:32 INFO  BSP server: Downloaded https://oss.sonatype.org/content/repositories/snapshots/org/scala-lang/modules/scala-xml_2.12/2.3.0/scala-xml_2.12-2.3.0.pom
2025.11.14 15:25:32 INFO  BSP server: Downloading https://oss.sonatype.org/content/repositories/snapshots/com/google/errorprone/error_prone_annotations/2.38.0/error_prone_annotations-2.38.0.pom.sha1
2025.11.14 15:25:32 INFO  BSP server: Downloaded https://oss.sonatype.org/content/repositories/snapshots/org/scala-sbt/compiler-interface/1.10.8/compiler-interface-1.10.8.pom
2025.11.14 15:25:32 INFO  BSP server: Downloading https://oss.sonatype.org/content/repositories/snapshots/org/scala-sbt/zinc-classpath_2.12/1.10.8/zinc-classpath_2.12-1.10.8.pom.sha1
2025.11.14 15:25:32 INFO  BSP server: Downloaded https://oss.sonatype.org/content/repositories/snapshots/com/outr/moduload_2.12/1.1.5/moduload_2.12-1.1.5.pom.sha1
2025.11.14 15:25:32 INFO  BSP server: Downloading https://oss.sonatype.org/content/repositories/snapshots/org/scala-lang/scala-compiler/2.12.20/scala-compiler-2.12.20.pom.sha1
2025.11.14 15:25:32 INFO  BSP server: Downloaded https://oss.sonatype.org/content/repositories/snapshots/com/github/mwiede/jsch/0.2.23/jsch-0.2.23.pom.sha1
2025.11.14 15:25:32 INFO  BSP server: Downloading https://oss.sonatype.org/content/repositories/snapshots/org/scala-lang/modules/scala-parser-combinators_2.12/1.1.2/scala-parser-combinators_2.12-1.1.2.pom
2025.11.14 15:25:32 INFO  BSP server: Downloaded https://oss.sonatype.org/content/repositories/snapshots/com/google/errorprone/error_prone_annotations/2.38.0/error_prone_annotations-2.38.0.pom.sha1
2025.11.14 15:25:32 INFO  BSP server: Downloading https://oss.sonatype.org/content/repositories/snapshots/org/scala-sbt/util-cache_2.12/1.11.0/util-cache_2.12-1.11.0.pom
2025.11.14 15:25:32 INFO  BSP server: Downloaded https://oss.sonatype.org/content/repositories/snapshots/org/scala-sbt/zinc-classpath_2.12/1.10.8/zinc-classpath_2.12-1.10.8.pom.sha1
2025.11.14 15:25:32 INFO  BSP server: Downloading https://oss.sonatype.org/content/repositories/snapshots/org/typelevel/cats-core_2.12/2.1.1/cats-core_2.12-2.1.1.pom.sha1
2025.11.14 15:25:32 INFO  BSP server: Downloaded https://oss.sonatype.org/content/repositories/snapshots/org/scala-lang/scala-compiler/2.12.20/scala-compiler-2.12.20.pom.sha1
2025.11.14 15:25:32 INFO  BSP server: Downloading https://oss.sonatype.org/content/repositories/snapshots/org/scala-sbt/util-control_2.12/1.10.7/util-control_2.12-1.10.7.pom
2025.11.14 15:25:32 INFO  BSP server: Downloaded https://oss.sonatype.org/content/repositories/snapshots/org/scala-lang/modules/scala-parser-combinators_2.12/1.1.2/scala-parser-combinators_2.12-1.1.2.pom
2025.11.14 15:25:32 INFO  BSP server: Downloading https://oss.sonatype.org/content/repositories/snapshots/org/scalameta/io_2.12/4.13.8/io_2.12-4.13.8.pom.sha1
2025.11.14 15:25:32 INFO  BSP server: Downloaded https://oss.sonatype.org/content/repositories/snapshots/org/scala-sbt/util-cache_2.12/1.11.0/util-cache_2.12-1.11.0.pom
2025.11.14 15:25:32 INFO  BSP server: Downloading https://oss.sonatype.org/content/repositories/snapshots/org/scala-sbt/launcher-interface/1.4.4/launcher-interface-1.4.4.pom
2025.11.14 15:25:32 INFO  BSP server: Downloaded https://oss.sonatype.org/content/repositories/snapshots/org/typelevel/cats-core_2.12/2.1.1/cats-core_2.12-2.1.1.pom.sha1
2025.11.14 15:25:32 INFO  BSP server: Downloading https://oss.sonatype.org/content/repositories/snapshots/org/scala-sbt/zinc-persist-core-assembly/1.10.8/zinc-persist-core-assembly-1.10.8.pom.sha1
2025.11.14 15:25:32 INFO  BSP server: Downloaded https://oss.sonatype.org/content/repositories/snapshots/org/scala-sbt/util-control_2.12/1.10.7/util-control_2.12-1.10.7.pom
2025.11.14 15:25:32 INFO  BSP server: Downloading https://oss.sonatype.org/content/repositories/snapshots/org/scala-sbt/zinc-apiinfo_2.12/1.10.8/zinc-apiinfo_2.12-1.10.8.pom.sha1
2025.11.14 15:25:32 INFO  BSP server: Downloaded https://oss.sonatype.org/content/repositories/snapshots/org/scalameta/io_2.12/4.13.8/io_2.12-4.13.8.pom.sha1
2025.11.14 15:25:32 INFO  BSP server: Downloading https://oss.sonatype.org/content/repositories/snapshots/org/scala-sbt/util-position_2.12/1.11.0/util-position_2.12-1.11.0.pom.sha1
2025.11.14 15:25:32 INFO  BSP server: Downloaded https://oss.sonatype.org/content/repositories/snapshots/org/typelevel/macro-compat_2.12/1.1.1/macro-compat_2.12-1.1.1.pom
2025.11.14 15:25:32 INFO  BSP server: Downloaded https://oss.sonatype.org/content/repositories/snapshots/com/eed3si9n/gigahorse-apache-http_2.12/0.9.3/gigahorse-apache-http_2.12-0.9.3.pom
2025.11.14 15:25:32 INFO  BSP server: Downloading https://oss.sonatype.org/content/repositories/snapshots/org/scala-sbt/util-logging_2.12/1.11.0/util-logging_2.12-1.11.0.pom.sha1
2025.11.14 15:25:32 INFO  BSP server: Downloading https://oss.sonatype.org/content/repositories/snapshots/com/outr/perfolation_2.12/1.2.8/perfolation_2.12-1.2.8.pom.sha1
2025.11.14 15:25:32 INFO  BSP server: Downloaded https://oss.sonatype.org/content/repositories/snapshots/org/scala-sbt/zinc-persist-core-assembly/1.10.8/zinc-persist-core-assembly-1.10.8.pom.sha1
2025.11.14 15:25:32 INFO  BSP server: Downloaded https://oss.sonatype.org/content/repositories/snapshots/org/scala-sbt/zinc-apiinfo_2.12/1.10.8/zinc-apiinfo_2.12-1.10.8.pom.sha1
2025.11.14 15:25:32 INFO  BSP server: Downloading https://oss.sonatype.org/content/repositories/snapshots/org/scala-sbt/util-relation_2.12/1.10.7/util-relation_2.12-1.10.7.pom
2025.11.14 15:25:32 INFO  BSP server: Downloading https://oss.sonatype.org/content/repositories/snapshots/net/openhft/zero-allocation-hashing/0.16/zero-allocation-hashing-0.16.pom.sha1
2025.11.14 15:25:32 INFO  BSP server: Downloaded https://oss.sonatype.org/content/repositories/snapshots/org/scala-sbt/util-position_2.12/1.11.0/util-position_2.12-1.11.0.pom.sha1
2025.11.14 15:25:32 INFO  BSP server: Downloading https://oss.sonatype.org/content/repositories/snapshots/org/scala-sbt/io_2.12/1.10.5/io_2.12-1.10.5.pom
2025.11.14 15:25:32 INFO  BSP server: Downloaded https://oss.sonatype.org/content/repositories/snapshots/org/scala-sbt/util-logging_2.12/1.11.0/util-logging_2.12-1.11.0.pom.sha1
2025.11.14 15:25:32 INFO  BSP server: Downloading https://oss.sonatype.org/content/repositories/snapshots/org/scalameta/common_2.12/4.13.8/common_2.12-4.13.8.pom.sha1
2025.11.14 15:25:32 INFO  BSP server: Downloaded https://oss.sonatype.org/content/repositories/snapshots/com/outr/perfolation_2.12/1.2.8/perfolation_2.12-1.2.8.pom.sha1
2025.11.14 15:25:32 INFO  BSP server: Downloading https://oss.sonatype.org/content/repositories/snapshots/org/scala-sbt/sbinary_2.12/0.5.1/sbinary_2.12-0.5.1.pom.sha1
2025.11.14 15:25:32 INFO  BSP server: Downloaded https://oss.sonatype.org/content/repositories/snapshots/org/scala-sbt/util-relation_2.12/1.10.7/util-relation_2.12-1.10.7.pom
2025.11.14 15:25:32 INFO  BSP server: Downloading https://oss.sonatype.org/content/repositories/snapshots/org/scala-lang/modules/scala-xml_2.12/2.3.0/scala-xml_2.12-2.3.0.pom.sha1
2025.11.14 15:25:32 INFO  BSP server: Downloaded https://oss.sonatype.org/content/repositories/snapshots/net/openhft/zero-allocation-hashing/0.16/zero-allocation-hashing-0.16.pom.sha1
2025.11.14 15:25:32 INFO  BSP server: Downloading https://oss.sonatype.org/content/repositories/snapshots/org/scala-sbt/compiler-interface/1.10.8/compiler-interface-1.10.8.pom.sha1
2025.11.14 15:25:32 INFO  BSP server: Downloaded https://oss.sonatype.org/content/repositories/snapshots/org/scala-sbt/io_2.12/1.10.5/io_2.12-1.10.5.pom
2025.11.14 15:25:32 INFO  BSP server: Downloading https://oss.sonatype.org/content/repositories/snapshots/org/scala-lang/modules/scala-parser-combinators_2.12/1.1.2/scala-parser-combinators_2.12-1.1.2.pom.sha1
2025.11.14 15:25:32 INFO  BSP server: Downloaded https://oss.sonatype.org/content/repositories/snapshots/org/scalameta/common_2.12/4.13.8/common_2.12-4.13.8.pom.sha1
2025.11.14 15:25:32 INFO  BSP server: Downloaded https://oss.sonatype.org/content/repositories/snapshots/org/scala-sbt/sbinary_2.12/0.5.1/sbinary_2.12-0.5.1.pom.sha1
2025.11.14 15:25:32 INFO  BSP server: Downloading https://oss.sonatype.org/content/repositories/snapshots/org/scala-sbt/util-cache_2.12/1.11.0/util-cache_2.12-1.11.0.pom.sha1
2025.11.14 15:25:32 INFO  BSP server: Downloading https://oss.sonatype.org/content/repositories/snapshots/org/scala-sbt/util-control_2.12/1.10.7/util-control_2.12-1.10.7.pom.sha1
2025.11.14 15:25:32 INFO  BSP server: Downloaded https://oss.sonatype.org/content/repositories/snapshots/org/scala-sbt/compiler-interface/1.10.8/compiler-interface-1.10.8.pom.sha1
2025.11.14 15:25:32 INFO  BSP server: Downloading https://oss.sonatype.org/content/repositories/snapshots/org/typelevel/macro-compat_2.12/1.1.1/macro-compat_2.12-1.1.1.pom.sha1
2025.11.14 15:25:32 INFO  BSP server: Downloaded https://oss.sonatype.org/content/repositories/snapshots/org/scala-lang/modules/scala-xml_2.12/2.3.0/scala-xml_2.12-2.3.0.pom.sha1
2025.11.14 15:25:32 INFO  BSP server: Downloading https://oss.sonatype.org/content/repositories/snapshots/com/eed3si9n/gigahorse-apache-http_2.12/0.9.3/gigahorse-apache-http_2.12-0.9.3.pom.sha1
2025.11.14 15:25:32 INFO  BSP server: Downloaded https://oss.sonatype.org/content/repositories/snapshots/org/scala-lang/modules/scala-parser-combinators_2.12/1.1.2/scala-parser-combinators_2.12-1.1.2.pom.sha1
2025.11.14 15:25:32 INFO  BSP server: Downloading https://oss.sonatype.org/content/repositories/snapshots/org/scala-sbt/util-relation_2.12/1.10.7/util-relation_2.12-1.10.7.pom.sha1
2025.11.14 15:25:32 INFO  BSP server: Downloaded https://oss.sonatype.org/content/repositories/snapshots/org/scala-sbt/util-cache_2.12/1.11.0/util-cache_2.12-1.11.0.pom.sha1
2025.11.14 15:25:32 INFO  BSP server: Downloading https://oss.sonatype.org/content/repositories/snapshots/org/scala-sbt/io_2.12/1.10.5/io_2.12-1.10.5.pom.sha1
2025.11.14 15:25:32 INFO  BSP server: Downloaded https://oss.sonatype.org/content/repositories/snapshots/org/scala-sbt/util-control_2.12/1.10.7/util-control_2.12-1.10.7.pom.sha1
2025.11.14 15:25:32 INFO  BSP server: Downloading https://s01.oss.sonatype.org/content/repositories/snapshots/com/outr/moduload_2.12/1.1.5/moduload_2.12-1.1.5.pom
2025.11.14 15:25:32 INFO  BSP server: Downloaded https://oss.sonatype.org/content/repositories/snapshots/org/scala-sbt/launcher-interface/1.4.4/launcher-interface-1.4.4.pom
2025.11.14 15:25:32 INFO  BSP server: Downloading https://s01.oss.sonatype.org/content/repositories/snapshots/com/github/mwiede/jsch/0.2.23/jsch-0.2.23.pom
2025.11.14 15:25:32 INFO  BSP server: Downloaded https://oss.sonatype.org/content/repositories/snapshots/org/typelevel/macro-compat_2.12/1.1.1/macro-compat_2.12-1.1.1.pom.sha1
2025.11.14 15:25:32 INFO  BSP server: Downloading https://s01.oss.sonatype.org/content/repositories/snapshots/com/google/errorprone/error_prone_annotations/2.38.0/error_prone_annotations-2.38.0.pom
2025.11.14 15:25:32 INFO  BSP server: Downloaded https://oss.sonatype.org/content/repositories/snapshots/com/eed3si9n/gigahorse-apache-http_2.12/0.9.3/gigahorse-apache-http_2.12-0.9.3.pom.sha1
2025.11.14 15:25:32 INFO  BSP server: Downloading https://s01.oss.sonatype.org/content/repositories/snapshots/org/scala-sbt/zinc-classpath_2.12/1.10.8/zinc-classpath_2.12-1.10.8.pom
2025.11.14 15:25:32 INFO  BSP server: Downloaded https://oss.sonatype.org/content/repositories/snapshots/org/scala-sbt/util-relation_2.12/1.10.7/util-relation_2.12-1.10.7.pom.sha1
2025.11.14 15:25:32 INFO  BSP server: Downloading https://s01.oss.sonatype.org/content/repositories/snapshots/org/scala-lang/scala-compiler/2.12.20/scala-compiler-2.12.20.pom
2025.11.14 15:25:32 INFO  BSP server: Downloaded https://oss.sonatype.org/content/repositories/snapshots/org/scala-sbt/io_2.12/1.10.5/io_2.12-1.10.5.pom.sha1
2025.11.14 15:25:32 INFO  BSP server: Downloading https://s01.oss.sonatype.org/content/repositories/snapshots/org/typelevel/cats-core_2.12/2.1.1/cats-core_2.12-2.1.1.pom
2025.11.14 15:25:33 INFO  BSP server: Downloaded https://s01.oss.sonatype.org/content/repositories/snapshots/com/outr/moduload_2.12/1.1.5/moduload_2.12-1.1.5.pom
2025.11.14 15:25:33 INFO  BSP server: Downloading https://s01.oss.sonatype.org/content/repositories/snapshots/org/scalameta/io_2.12/4.13.8/io_2.12-4.13.8.pom
2025.11.14 15:25:33 INFO  BSP server: Downloaded https://s01.oss.sonatype.org/content/repositories/snapshots/org/scala-sbt/zinc-classpath_2.12/1.10.8/zinc-classpath_2.12-1.10.8.pom
2025.11.14 15:25:33 INFO  BSP server: Downloading https://s01.oss.sonatype.org/content/repositories/snapshots/org/scala-sbt/zinc-persist-core-assembly/1.10.8/zinc-persist-core-assembly-1.10.8.pom
2025.11.14 15:25:33 INFO  BSP server: Downloaded https://s01.oss.sonatype.org/content/repositories/snapshots/com/github/mwiede/jsch/0.2.23/jsch-0.2.23.pom
2025.11.14 15:25:33 INFO  BSP server: Downloading https://s01.oss.sonatype.org/content/repositories/snapshots/org/scala-sbt/zinc-apiinfo_2.12/1.10.8/zinc-apiinfo_2.12-1.10.8.pom
2025.11.14 15:25:33 INFO  BSP server: Downloaded https://s01.oss.sonatype.org/content/repositories/snapshots/com/google/errorprone/error_prone_annotations/2.38.0/error_prone_annotations-2.38.0.pom
2025.11.14 15:25:33 INFO  BSP server: Downloading https://s01.oss.sonatype.org/content/repositories/snapshots/org/scala-sbt/util-position_2.12/1.11.0/util-position_2.12-1.11.0.pom
2025.11.14 15:25:33 INFO  BSP server: Downloaded https://s01.oss.sonatype.org/content/repositories/snapshots/org/scala-lang/scala-compiler/2.12.20/scala-compiler-2.12.20.pom
2025.11.14 15:25:33 INFO  BSP server: Downloading https://s01.oss.sonatype.org/content/repositories/snapshots/org/scala-sbt/util-logging_2.12/1.11.0/util-logging_2.12-1.11.0.pom
2025.11.14 15:25:33 INFO  BSP server: Downloaded https://s01.oss.sonatype.org/content/repositories/snapshots/org/typelevel/cats-core_2.12/2.1.1/cats-core_2.12-2.1.1.pom
2025.11.14 15:25:33 INFO  BSP server: Downloading https://s01.oss.sonatype.org/content/repositories/snapshots/com/outr/perfolation_2.12/1.2.8/perfolation_2.12-1.2.8.pom
2025.11.14 15:25:33 INFO  BSP server: Downloaded https://s01.oss.sonatype.org/content/repositories/snapshots/org/scalameta/io_2.12/4.13.8/io_2.12-4.13.8.pom
2025.11.14 15:25:33 INFO  BSP server: Downloading https://s01.oss.sonatype.org/content/repositories/snapshots/net/openhft/zero-allocation-hashing/0.16/zero-allocation-hashing-0.16.pom
2025.11.14 15:25:33 INFO  BSP server: Downloaded https://s01.oss.sonatype.org/content/repositories/snapshots/org/scala-sbt/zinc-persist-core-assembly/1.10.8/zinc-persist-core-assembly-1.10.8.pom
2025.11.14 15:25:33 INFO  BSP server: Downloading https://oss.sonatype.org/content/repositories/snapshots/org/scala-sbt/launcher-interface/1.4.4/launcher-interface-1.4.4.pom.sha1
2025.11.14 15:25:33 INFO  BSP server: Downloaded https://s01.oss.sonatype.org/content/repositories/snapshots/org/scala-sbt/util-position_2.12/1.11.0/util-position_2.12-1.11.0.pom
2025.11.14 15:25:33 INFO  BSP server: Downloading https://s01.oss.sonatype.org/content/repositories/snapshots/org/scalameta/common_2.12/4.13.8/common_2.12-4.13.8.pom
2025.11.14 15:25:33 INFO  BSP server: Downloaded https://s01.oss.sonatype.org/content/repositories/snapshots/org/scala-sbt/zinc-apiinfo_2.12/1.10.8/zinc-apiinfo_2.12-1.10.8.pom
2025.11.14 15:25:33 INFO  BSP server: Downloading https://s01.oss.sonatype.org/content/repositories/snapshots/org/scala-sbt/sbinary_2.12/0.5.1/sbinary_2.12-0.5.1.pom
2025.11.14 15:25:33 INFO  BSP server: Downloaded https://s01.oss.sonatype.org/content/repositories/snapshots/com/outr/perfolation_2.12/1.2.8/perfolation_2.12-1.2.8.pom
2025.11.14 15:25:33 INFO  BSP server: Downloading https://s01.oss.sonatype.org/content/repositories/snapshots/com/outr/moduload_2.12/1.1.5/moduload_2.12-1.1.5.pom.sha1
2025.11.14 15:25:33 INFO  BSP server: Downloaded https://oss.sonatype.org/content/repositories/snapshots/org/scala-sbt/launcher-interface/1.4.4/launcher-interface-1.4.4.pom.sha1
2025.11.14 15:25:33 INFO  BSP server: Downloading https://s01.oss.sonatype.org/content/repositories/snapshots/org/scala-sbt/compiler-interface/1.10.8/compiler-interface-1.10.8.pom
2025.11.14 15:25:33 INFO  BSP server: Downloaded https://s01.oss.sonatype.org/content/repositories/snapshots/net/openhft/zero-allocation-hashing/0.16/zero-allocation-hashing-0.16.pom
2025.11.14 15:25:33 INFO  BSP server: Downloading https://s01.oss.sonatype.org/content/repositories/snapshots/org/scala-sbt/zinc-classpath_2.12/1.10.8/zinc-classpath_2.12-1.10.8.pom.sha1
2025.11.14 15:25:33 INFO  BSP server: Downloaded https://s01.oss.sonatype.org/content/repositories/snapshots/org/scalameta/common_2.12/4.13.8/common_2.12-4.13.8.pom
2025.11.14 15:25:33 INFO  BSP server: Downloading https://s01.oss.sonatype.org/content/repositories/snapshots/org/scala-lang/modules/scala-xml_2.12/2.3.0/scala-xml_2.12-2.3.0.pom
2025.11.14 15:25:33 INFO  BSP server: Downloaded https://s01.oss.sonatype.org/content/repositories/snapshots/org/scala-sbt/sbinary_2.12/0.5.1/sbinary_2.12-0.5.1.pom
2025.11.14 15:25:33 INFO  BSP server: Downloading https://s01.oss.sonatype.org/content/repositories/snapshots/org/scala-lang/modules/scala-parser-combinators_2.12/1.1.2/scala-parser-combinators_2.12-1.1.2.pom
2025.11.14 15:25:33 INFO  BSP server: Downloaded https://s01.oss.sonatype.org/content/repositories/snapshots/com/outr/moduload_2.12/1.1.5/moduload_2.12-1.1.5.pom.sha1
2025.11.14 15:25:33 INFO  BSP server: Downloading https://s01.oss.sonatype.org/content/repositories/snapshots/com/github/mwiede/jsch/0.2.23/jsch-0.2.23.pom.sha1
2025.11.14 15:25:33 INFO  BSP server: Downloaded https://s01.oss.sonatype.org/content/repositories/snapshots/org/scala-lang/modules/scala-xml_2.12/2.3.0/scala-xml_2.12-2.3.0.pom
2025.11.14 15:25:33 INFO  BSP server: Downloading https://s01.oss.sonatype.org/content/repositories/snapshots/com/google/errorprone/error_prone_annotations/2.38.0/error_prone_annotations-2.38.0.pom.sha1
2025.11.14 15:25:33 INFO  BSP server: Downloaded https://s01.oss.sonatype.org/content/repositories/snapshots/org/scala-lang/modules/scala-parser-combinators_2.12/1.1.2/scala-parser-combinators_2.12-1.1.2.pom
2025.11.14 15:25:33 INFO  BSP server: Downloading https://s01.oss.sonatype.org/content/repositories/snapshots/org/scala-lang/scala-compiler/2.12.20/scala-compiler-2.12.20.pom.sha1
2025.11.14 15:25:33 INFO  BSP server: Downloaded https://s01.oss.sonatype.org/content/repositories/snapshots/org/scala-sbt/zinc-classpath_2.12/1.10.8/zinc-classpath_2.12-1.10.8.pom.sha1
2025.11.14 15:25:33 INFO  BSP server: Downloading https://s01.oss.sonatype.org/content/repositories/snapshots/org/typelevel/cats-core_2.12/2.1.1/cats-core_2.12-2.1.1.pom.sha1
2025.11.14 15:25:33 INFO  BSP server: Downloaded https://s01.oss.sonatype.org/content/repositories/snapshots/org/scala-sbt/util-logging_2.12/1.11.0/util-logging_2.12-1.11.0.pom
2025.11.14 15:25:33 INFO  BSP server: Downloading https://s01.oss.sonatype.org/content/repositories/snapshots/org/scalameta/io_2.12/4.13.8/io_2.12-4.13.8.pom.sha1
2025.11.14 15:25:33 INFO  BSP server: Downloaded https://s01.oss.sonatype.org/content/repositories/snapshots/com/github/mwiede/jsch/0.2.23/jsch-0.2.23.pom.sha1
2025.11.14 15:25:33 INFO  BSP server: Downloading https://s01.oss.sonatype.org/content/repositories/snapshots/org/scala-sbt/util-cache_2.12/1.11.0/util-cache_2.12-1.11.0.pom
2025.11.14 15:25:34 INFO  BSP server: Downloaded https://s01.oss.sonatype.org/content/repositories/snapshots/com/google/errorprone/error_prone_annotations/2.38.0/error_prone_annotations-2.38.0.pom.sha1
2025.11.14 15:25:34 INFO  BSP server: Downloading https://s01.oss.sonatype.org/content/repositories/snapshots/org/scala-sbt/zinc-persist-core-assembly/1.10.8/zinc-persist-core-assembly-1.10.8.pom.sha1
2025.11.14 15:25:34 INFO  BSP server: Downloaded https://s01.oss.sonatype.org/content/repositories/snapshots/org/scala-lang/scala-compiler/2.12.20/scala-compiler-2.12.20.pom.sha1
2025.11.14 15:25:34 INFO  BSP server: Downloading https://s01.oss.sonatype.org/content/repositories/snapshots/org/scala-sbt/util-control_2.12/1.10.7/util-control_2.12-1.10.7.pom
2025.11.14 15:25:34 INFO  BSP server: Downloaded https://s01.oss.sonatype.org/content/repositories/snapshots/org/typelevel/cats-core_2.12/2.1.1/cats-core_2.12-2.1.1.pom.sha1
2025.11.14 15:25:34 INFO  BSP server: Downloading https://s01.oss.sonatype.org/content/repositories/snapshots/org/scala-sbt/util-position_2.12/1.11.0/util-position_2.12-1.11.0.pom.sha1
2025.11.14 15:25:34 INFO  BSP server: Downloaded https://s01.oss.sonatype.org/content/repositories/snapshots/org/scala-sbt/util-cache_2.12/1.11.0/util-cache_2.12-1.11.0.pom
2025.11.14 15:25:34 INFO  BSP server: Downloading https://s01.oss.sonatype.org/content/repositories/snapshots/org/scala-sbt/zinc-apiinfo_2.12/1.10.8/zinc-apiinfo_2.12-1.10.8.pom.sha1
2025.11.14 15:25:34 INFO  BSP server: Downloaded https://s01.oss.sonatype.org/content/repositories/snapshots/org/scalameta/io_2.12/4.13.8/io_2.12-4.13.8.pom.sha1
2025.11.14 15:25:34 INFO  BSP server: Downloading https://s01.oss.sonatype.org/content/repositories/snapshots/org/typelevel/macro-compat_2.12/1.1.1/macro-compat_2.12-1.1.1.pom
2025.11.14 15:25:34 INFO  BSP server: Downloaded https://s01.oss.sonatype.org/content/repositories/snapshots/org/scala-sbt/zinc-apiinfo_2.12/1.10.8/zinc-apiinfo_2.12-1.10.8.pom.sha1
2025.11.14 15:25:34 INFO  BSP server: Downloading https://s01.oss.sonatype.org/content/repositories/snapshots/com/outr/perfolation_2.12/1.2.8/perfolation_2.12-1.2.8.pom.sha1
2025.11.14 15:25:34 INFO  BSP server: Downloaded https://s01.oss.sonatype.org/content/repositories/snapshots/org/scala-sbt/zinc-persist-core-assembly/1.10.8/zinc-persist-core-assembly-1.10.8.pom.sha1
2025.11.14 15:25:34 INFO  BSP server: Downloading https://s01.oss.sonatype.org/content/repositories/snapshots/com/eed3si9n/gigahorse-apache-http_2.12/0.9.3/gigahorse-apache-http_2.12-0.9.3.pom
2025.11.14 15:25:34 INFO  BSP server: Downloaded https://s01.oss.sonatype.org/content/repositories/snapshots/org/scala-sbt/util-control_2.12/1.10.7/util-control_2.12-1.10.7.pom
2025.11.14 15:25:34 INFO  BSP server: Downloading https://s01.oss.sonatype.org/content/repositories/snapshots/org/scala-sbt/util-relation_2.12/1.10.7/util-relation_2.12-1.10.7.pom
2025.11.14 15:25:34 INFO  BSP server: Downloaded https://s01.oss.sonatype.org/content/repositories/snapshots/org/scala-sbt/util-position_2.12/1.11.0/util-position_2.12-1.11.0.pom.sha1
2025.11.14 15:25:34 INFO  BSP server: Downloading https://s01.oss.sonatype.org/content/repositories/snapshots/org/scala-sbt/io_2.12/1.10.5/io_2.12-1.10.5.pom
2025.11.14 15:25:34 INFO  BSP server: Downloaded https://s01.oss.sonatype.org/content/repositories/snapshots/org/typelevel/macro-compat_2.12/1.1.1/macro-compat_2.12-1.1.1.pom
2025.11.14 15:25:34 INFO  BSP server: Downloading https://s01.oss.sonatype.org/content/repositories/snapshots/net/openhft/zero-allocation-hashing/0.16/zero-allocation-hashing-0.16.pom.sha1
2025.11.14 15:25:34 INFO  BSP server: Downloaded https://s01.oss.sonatype.org/content/repositories/snapshots/org/scala-sbt/compiler-interface/1.10.8/compiler-interface-1.10.8.pom
2025.11.14 15:25:34 INFO  BSP server: Downloading https://s01.oss.sonatype.org/content/repositories/snapshots/org/scalameta/common_2.12/4.13.8/common_2.12-4.13.8.pom.sha1
2025.11.14 15:25:34 INFO  BSP server: Downloaded https://s01.oss.sonatype.org/content/repositories/snapshots/com/outr/perfolation_2.12/1.2.8/perfolation_2.12-1.2.8.pom.sha1
2025.11.14 15:25:34 INFO  BSP server: Downloading https://s01.oss.sonatype.org/content/repositories/snapshots/org/scala-sbt/sbinary_2.12/0.5.1/sbinary_2.12-0.5.1.pom.sha1
2025.11.14 15:25:34 INFO  BSP server: Downloaded https://s01.oss.sonatype.org/content/repositories/snapshots/com/eed3si9n/gigahorse-apache-http_2.12/0.9.3/gigahorse-apache-http_2.12-0.9.3.pom
2025.11.14 15:25:34 INFO  BSP server: Downloading https://s01.oss.sonatype.org/content/repositories/snapshots/org/scala-lang/modules/scala-xml_2.12/2.3.0/scala-xml_2.12-2.3.0.pom.sha1
2025.11.14 15:25:34 INFO  BSP server: Downloaded https://s01.oss.sonatype.org/content/repositories/snapshots/org/scala-sbt/io_2.12/1.10.5/io_2.12-1.10.5.pom
2025.11.14 15:25:34 INFO  BSP server: Downloading https://s01.oss.sonatype.org/content/repositories/snapshots/org/scala-lang/modules/scala-parser-combinators_2.12/1.1.2/scala-parser-combinators_2.12-1.1.2.pom.sha1
2025.11.14 15:25:34 INFO  BSP server: Downloaded https://s01.oss.sonatype.org/content/repositories/snapshots/org/scala-sbt/util-relation_2.12/1.10.7/util-relation_2.12-1.10.7.pom
2025.11.14 15:25:34 INFO  BSP server: Downloading https://s01.oss.sonatype.org/content/repositories/snapshots/org/scala-sbt/util-logging_2.12/1.11.0/util-logging_2.12-1.11.0.pom.sha1
2025.11.14 15:25:34 INFO  BSP server: Downloaded https://s01.oss.sonatype.org/content/repositories/snapshots/net/openhft/zero-allocation-hashing/0.16/zero-allocation-hashing-0.16.pom.sha1
2025.11.14 15:25:34 INFO  BSP server: Downloading https://s01.oss.sonatype.org/content/repositories/snapshots/org/scala-sbt/util-cache_2.12/1.11.0/util-cache_2.12-1.11.0.pom.sha1
2025.11.14 15:25:34 INFO  BSP server: Downloaded https://s01.oss.sonatype.org/content/repositories/snapshots/org/scalameta/common_2.12/4.13.8/common_2.12-4.13.8.pom.sha1
2025.11.14 15:25:34 INFO  BSP server: Downloading https://s01.oss.sonatype.org/content/repositories/snapshots/org/scala-sbt/util-control_2.12/1.10.7/util-control_2.12-1.10.7.pom.sha1
2025.11.14 15:25:34 INFO  BSP server: Downloaded https://s01.oss.sonatype.org/content/repositories/snapshots/org/scala-sbt/sbinary_2.12/0.5.1/sbinary_2.12-0.5.1.pom.sha1
2025.11.14 15:25:34 INFO  BSP server: Downloading https://s01.oss.sonatype.org/content/repositories/snapshots/org/typelevel/macro-compat_2.12/1.1.1/macro-compat_2.12-1.1.1.pom.sha1
2025.11.14 15:25:34 INFO  BSP server: Downloaded https://s01.oss.sonatype.org/content/repositories/snapshots/org/scala-lang/modules/scala-xml_2.12/2.3.0/scala-xml_2.12-2.3.0.pom.sha1
2025.11.14 15:25:34 INFO  BSP server: Downloading https://s01.oss.sonatype.org/content/repositories/snapshots/org/scala-sbt/compiler-interface/1.10.8/compiler-interface-1.10.8.pom.sha1
2025.11.14 15:25:34 INFO  BSP server: Downloaded https://s01.oss.sonatype.org/content/repositories/snapshots/org/scala-sbt/util-logging_2.12/1.11.0/util-logging_2.12-1.11.0.pom.sha1
2025.11.14 15:25:34 INFO  BSP server: Downloading https://s01.oss.sonatype.org/content/repositories/snapshots/com/eed3si9n/gigahorse-apache-http_2.12/0.9.3/gigahorse-apache-http_2.12-0.9.3.pom.sha1
2025.11.14 15:25:34 INFO  BSP server: Downloaded https://s01.oss.sonatype.org/content/repositories/snapshots/org/scala-lang/modules/scala-parser-combinators_2.12/1.1.2/scala-parser-combinators_2.12-1.1.2.pom.sha1
2025.11.14 15:25:34 INFO  BSP server: Downloading https://s01.oss.sonatype.org/content/repositories/snapshots/org/scala-sbt/launcher-interface/1.4.4/launcher-interface-1.4.4.pom
2025.11.14 15:25:35 INFO  BSP server: Downloaded https://s01.oss.sonatype.org/content/repositories/snapshots/org/scala-sbt/util-cache_2.12/1.11.0/util-cache_2.12-1.11.0.pom.sha1
2025.11.14 15:25:35 INFO  BSP server: Downloading https://s01.oss.sonatype.org/content/repositories/snapshots/org/scala-sbt/io_2.12/1.10.5/io_2.12-1.10.5.pom.sha1
2025.11.14 15:25:35 INFO  BSP server: Downloaded https://s01.oss.sonatype.org/content/repositories/snapshots/org/scala-sbt/util-control_2.12/1.10.7/util-control_2.12-1.10.7.pom.sha1
2025.11.14 15:25:35 INFO  BSP server: Downloading https://s01.oss.sonatype.org/content/repositories/snapshots/org/scala-sbt/util-relation_2.12/1.10.7/util-relation_2.12-1.10.7.pom.sha1
2025.11.14 15:25:35 INFO  BSP server: Downloaded https://s01.oss.sonatype.org/content/repositories/snapshots/org/typelevel/macro-compat_2.12/1.1.1/macro-compat_2.12-1.1.1.pom.sha1
2025.11.14 15:25:35 INFO  BSP server: Downloading https://central.sonatype.com/repository/maven-snapshots/com/outr/moduload_2.12/1.1.5/moduload_2.12-1.1.5.pom
2025.11.14 15:25:35 INFO  BSP server: Downloaded https://s01.oss.sonatype.org/content/repositories/snapshots/com/eed3si9n/gigahorse-apache-http_2.12/0.9.3/gigahorse-apache-http_2.12-0.9.3.pom.sha1
2025.11.14 15:25:35 INFO  BSP server: Downloading https://central.sonatype.com/repository/maven-snapshots/org/scala-sbt/zinc-classpath_2.12/1.10.8/zinc-classpath_2.12-1.10.8.pom
2025.11.14 15:25:35 INFO  BSP server: Downloaded https://s01.oss.sonatype.org/content/repositories/snapshots/org/scala-sbt/compiler-interface/1.10.8/compiler-interface-1.10.8.pom.sha1
2025.11.14 15:25:35 INFO  BSP server: Downloading https://central.sonatype.com/repository/maven-snapshots/com/github/mwiede/jsch/0.2.23/jsch-0.2.23.pom
2025.11.14 15:25:35 INFO  BSP server: Downloaded https://s01.oss.sonatype.org/content/repositories/snapshots/org/scala-sbt/launcher-interface/1.4.4/launcher-interface-1.4.4.pom
2025.11.14 15:25:35 INFO  BSP server: Downloading https://central.sonatype.com/repository/maven-snapshots/com/google/errorprone/error_prone_annotations/2.38.0/error_prone_annotations-2.38.0.pom
2025.11.14 15:25:35 INFO  BSP server: Downloaded https://s01.oss.sonatype.org/content/repositories/snapshots/org/scala-sbt/io_2.12/1.10.5/io_2.12-1.10.5.pom.sha1
2025.11.14 15:25:35 INFO  BSP server: Downloading https://central.sonatype.com/repository/maven-snapshots/org/scala-lang/scala-compiler/2.12.20/scala-compiler-2.12.20.pom
2025.11.14 15:25:35 INFO  BSP server: Downloaded https://s01.oss.sonatype.org/content/repositories/snapshots/org/scala-sbt/util-relation_2.12/1.10.7/util-relation_2.12-1.10.7.pom.sha1
2025.11.14 15:25:35 INFO  BSP server: Downloading https://central.sonatype.com/repository/maven-snapshots/org/typelevel/cats-core_2.12/2.1.1/cats-core_2.12-2.1.1.pom
2025.11.14 15:25:35 INFO  BSP server: Downloaded https://central.sonatype.com/repository/maven-snapshots/org/scala-sbt/zinc-classpath_2.12/1.10.8/zinc-classpath_2.12-1.10.8.pom
2025.11.14 15:25:35 INFO  BSP server: Downloading https://central.sonatype.com/repository/maven-snapshots/org/scalameta/io_2.12/4.13.8/io_2.12-4.13.8.pom
2025.11.14 15:25:35 INFO  BSP server: Downloaded https://central.sonatype.com/repository/maven-snapshots/com/outr/moduload_2.12/1.1.5/moduload_2.12-1.1.5.pom
2025.11.14 15:25:35 INFO  BSP server: Downloading https://central.sonatype.com/repository/maven-snapshots/org/scala-sbt/zinc-apiinfo_2.12/1.10.8/zinc-apiinfo_2.12-1.10.8.pom
2025.11.14 15:25:35 INFO  BSP server: Downloaded https://central.sonatype.com/repository/maven-snapshots/com/github/mwiede/jsch/0.2.23/jsch-0.2.23.pom
2025.11.14 15:25:35 INFO  BSP server: Downloading https://central.sonatype.com/repository/maven-snapshots/org/scala-sbt/zinc-persist-core-assembly/1.10.8/zinc-persist-core-assembly-1.10.8.pom
2025.11.14 15:25:35 INFO  BSP server: Downloaded https://central.sonatype.com/repository/maven-snapshots/com/google/errorprone/error_prone_annotations/2.38.0/error_prone_annotations-2.38.0.pom
2025.11.14 15:25:35 INFO  BSP server: Downloading https://central.sonatype.com/repository/maven-snapshots/org/scala-sbt/util-position_2.12/1.11.0/util-position_2.12-1.11.0.pom
2025.11.14 15:25:35 INFO  BSP server: Downloaded https://central.sonatype.com/repository/maven-snapshots/org/scala-lang/scala-compiler/2.12.20/scala-compiler-2.12.20.pom
2025.11.14 15:25:35 INFO  BSP server: Downloading https://central.sonatype.com/repository/maven-snapshots/com/outr/perfolation_2.12/1.2.8/perfolation_2.12-1.2.8.pom
2025.11.14 15:25:36 INFO  BSP server: Downloaded https://central.sonatype.com/repository/maven-snapshots/org/scala-sbt/zinc-apiinfo_2.12/1.10.8/zinc-apiinfo_2.12-1.10.8.pom
2025.11.14 15:25:36 INFO  BSP server: Downloading https://central.sonatype.com/repository/maven-snapshots/net/openhft/zero-allocation-hashing/0.16/zero-allocation-hashing-0.16.pom
2025.11.14 15:25:36 INFO  BSP server: Downloaded https://central.sonatype.com/repository/maven-snapshots/org/scala-sbt/zinc-persist-core-assembly/1.10.8/zinc-persist-core-assembly-1.10.8.pom
2025.11.14 15:25:36 INFO  BSP server: Downloading https://s01.oss.sonatype.org/content/repositories/snapshots/org/scala-sbt/launcher-interface/1.4.4/launcher-interface-1.4.4.pom.sha1
2025.11.14 15:25:36 INFO  BSP server: Downloaded https://central.sonatype.com/repository/maven-snapshots/org/scalameta/io_2.12/4.13.8/io_2.12-4.13.8.pom
2025.11.14 15:25:36 INFO  BSP server: Downloading https://central.sonatype.com/repository/maven-snapshots/org/scala-sbt/zinc-classpath_2.12/1.10.8/zinc-classpath_2.12-1.10.8.pom.sha1
2025.11.14 15:25:36 INFO  BSP server: Downloaded https://central.sonatype.com/repository/maven-snapshots/org/scala-sbt/util-position_2.12/1.11.0/util-position_2.12-1.11.0.pom
2025.11.14 15:25:36 INFO  BSP server: Downloading https://central.sonatype.com/repository/maven-snapshots/org/scalameta/common_2.12/4.13.8/common_2.12-4.13.8.pom
2025.11.14 15:25:36 INFO  BSP server: Downloaded https://central.sonatype.com/repository/maven-snapshots/com/outr/perfolation_2.12/1.2.8/perfolation_2.12-1.2.8.pom
2025.11.14 15:25:36 INFO  BSP server: Downloading https://central.sonatype.com/repository/maven-snapshots/com/outr/moduload_2.12/1.1.5/moduload_2.12-1.1.5.pom.sha1
2025.11.14 15:25:36 INFO  BSP server: Downloaded https://s01.oss.sonatype.org/content/repositories/snapshots/org/scala-sbt/launcher-interface/1.4.4/launcher-interface-1.4.4.pom.sha1
2025.11.14 15:25:36 INFO  BSP server: Downloading https://central.sonatype.com/repository/maven-snapshots/com/github/mwiede/jsch/0.2.23/jsch-0.2.23.pom.sha1
2025.11.14 15:25:36 INFO  BSP server: Downloaded https://central.sonatype.com/repository/maven-snapshots/org/typelevel/cats-core_2.12/2.1.1/cats-core_2.12-2.1.1.pom
2025.11.14 15:25:36 INFO  BSP server: Downloading https://central.sonatype.com/repository/maven-snapshots/com/google/errorprone/error_prone_annotations/2.38.0/error_prone_annotations-2.38.0.pom.sha1
2025.11.14 15:25:36 INFO  BSP server: Downloaded https://central.sonatype.com/repository/maven-snapshots/net/openhft/zero-allocation-hashing/0.16/zero-allocation-hashing-0.16.pom
2025.11.14 15:25:36 INFO  BSP server: Downloading https://central.sonatype.com/repository/maven-snapshots/org/scala-sbt/sbinary_2.12/0.5.1/sbinary_2.12-0.5.1.pom
2025.11.14 15:25:36 INFO  BSP server: Downloaded https://central.sonatype.com/repository/maven-snapshots/org/scala-sbt/zinc-classpath_2.12/1.10.8/zinc-classpath_2.12-1.10.8.pom.sha1
2025.11.14 15:25:36 INFO  BSP server: Downloading https://central.sonatype.com/repository/maven-snapshots/org/scala-lang/scala-compiler/2.12.20/scala-compiler-2.12.20.pom.sha1
2025.11.14 15:25:36 INFO  BSP server: Downloaded https://central.sonatype.com/repository/maven-snapshots/org/scalameta/common_2.12/4.13.8/common_2.12-4.13.8.pom
2025.11.14 15:25:36 INFO  BSP server: Downloading https://central.sonatype.com/repository/maven-snapshots/org/scala-lang/modules/scala-xml_2.12/2.3.0/scala-xml_2.12-2.3.0.pom
2025.11.14 15:25:36 INFO  BSP server: Downloaded https://central.sonatype.com/repository/maven-snapshots/com/outr/moduload_2.12/1.1.5/moduload_2.12-1.1.5.pom.sha1
2025.11.14 15:25:36 INFO  BSP server: Downloading https://central.sonatype.com/repository/maven-snapshots/org/scala-sbt/util-logging_2.12/1.11.0/util-logging_2.12-1.11.0.pom
2025.11.14 15:25:36 INFO  BSP server: Downloaded https://central.sonatype.com/repository/maven-snapshots/com/github/mwiede/jsch/0.2.23/jsch-0.2.23.pom.sha1
2025.11.14 15:25:36 INFO  BSP server: Downloading https://central.sonatype.com/repository/maven-snapshots/org/scala-sbt/zinc-apiinfo_2.12/1.10.8/zinc-apiinfo_2.12-1.10.8.pom.sha1
2025.11.14 15:25:36 INFO  BSP server: Downloaded https://central.sonatype.com/repository/maven-snapshots/com/google/errorprone/error_prone_annotations/2.38.0/error_prone_annotations-2.38.0.pom.sha1
2025.11.14 15:25:36 INFO  BSP server: Downloading https://central.sonatype.com/repository/maven-snapshots/org/scala-lang/modules/scala-parser-combinators_2.12/1.1.2/scala-parser-combinators_2.12-1.1.2.pom
2025.11.14 15:25:36 INFO  BSP server: Downloaded https://central.sonatype.com/repository/maven-snapshots/org/scala-sbt/sbinary_2.12/0.5.1/sbinary_2.12-0.5.1.pom
2025.11.14 15:25:36 INFO  BSP server: Downloading https://central.sonatype.com/repository/maven-snapshots/org/scala-sbt/util-cache_2.12/1.11.0/util-cache_2.12-1.11.0.pom
2025.11.14 15:25:36 INFO  BSP server: Downloaded https://central.sonatype.com/repository/maven-snapshots/org/scala-lang/scala-compiler/2.12.20/scala-compiler-2.12.20.pom.sha1
2025.11.14 15:25:36 INFO  BSP server: Downloading https://central.sonatype.com/repository/maven-snapshots/org/scala-sbt/util-control_2.12/1.10.7/util-control_2.12-1.10.7.pom
2025.11.14 15:25:37 INFO  BSP server: Downloaded https://central.sonatype.com/repository/maven-snapshots/org/scala-lang/modules/scala-xml_2.12/2.3.0/scala-xml_2.12-2.3.0.pom
2025.11.14 15:25:37 INFO  BSP server: Downloading https://central.sonatype.com/repository/maven-snapshots/org/typelevel/macro-compat_2.12/1.1.1/macro-compat_2.12-1.1.1.pom
2025.11.14 15:25:37 INFO  BSP server: Downloaded https://central.sonatype.com/repository/maven-snapshots/org/scala-sbt/util-logging_2.12/1.11.0/util-logging_2.12-1.11.0.pom
2025.11.14 15:25:37 INFO  BSP server: Downloading https://central.sonatype.com/repository/maven-snapshots/com/eed3si9n/gigahorse-apache-http_2.12/0.9.3/gigahorse-apache-http_2.12-0.9.3.pom
2025.11.14 15:25:37 INFO  BSP server: Downloaded https://central.sonatype.com/repository/maven-snapshots/org/scala-sbt/zinc-apiinfo_2.12/1.10.8/zinc-apiinfo_2.12-1.10.8.pom.sha1
2025.11.14 15:25:37 INFO  BSP server: Downloading https://central.sonatype.com/repository/maven-snapshots/org/scala-sbt/zinc-persist-core-assembly/1.10.8/zinc-persist-core-assembly-1.10.8.pom.sha1
2025.11.14 15:25:37 INFO  BSP server: Downloaded https://central.sonatype.com/repository/maven-snapshots/org/scala-lang/modules/scala-parser-combinators_2.12/1.1.2/scala-parser-combinators_2.12-1.1.2.pom
2025.11.14 15:25:37 INFO  BSP server: Downloading https://central.sonatype.com/repository/maven-snapshots/org/scalameta/io_2.12/4.13.8/io_2.12-4.13.8.pom.sha1
2025.11.14 15:25:37 INFO  BSP server: Downloaded https://central.sonatype.com/repository/maven-snapshots/org/scala-sbt/util-control_2.12/1.10.7/util-control_2.12-1.10.7.pom
2025.11.14 15:25:37 INFO  BSP server: Downloading https://central.sonatype.com/repository/maven-snapshots/org/scala-sbt/compiler-interface/1.10.8/compiler-interface-1.10.8.pom
2025.11.14 15:25:37 INFO  BSP server: Downloaded https://central.sonatype.com/repository/maven-snapshots/org/typelevel/macro-compat_2.12/1.1.1/macro-compat_2.12-1.1.1.pom
2025.11.14 15:25:37 INFO  BSP server: Downloading https://central.sonatype.com/repository/maven-snapshots/org/scala-sbt/util-position_2.12/1.11.0/util-position_2.12-1.11.0.pom.sha1
2025.11.14 15:25:37 INFO  BSP server: Downloaded https://central.sonatype.com/repository/maven-snapshots/com/eed3si9n/gigahorse-apache-http_2.12/0.9.3/gigahorse-apache-http_2.12-0.9.3.pom
2025.11.14 15:25:37 INFO  BSP server: Downloading https://central.sonatype.com/repository/maven-snapshots/com/outr/perfolation_2.12/1.2.8/perfolation_2.12-1.2.8.pom.sha1
2025.11.14 15:25:37 INFO  BSP server: Downloaded https://central.sonatype.com/repository/maven-snapshots/org/scala-sbt/zinc-persist-core-assembly/1.10.8/zinc-persist-core-assembly-1.10.8.pom.sha1
2025.11.14 15:25:37 INFO  BSP server: Downloading https://central.sonatype.com/repository/maven-snapshots/org/scala-sbt/io_2.12/1.10.5/io_2.12-1.10.5.pom
2025.11.14 15:25:37 INFO  BSP server: Downloaded https://central.sonatype.com/repository/maven-snapshots/org/scalameta/io_2.12/4.13.8/io_2.12-4.13.8.pom.sha1
2025.11.14 15:25:37 INFO  BSP server: Downloading https://central.sonatype.com/repository/maven-snapshots/org/scala-sbt/util-relation_2.12/1.10.7/util-relation_2.12-1.10.7.pom
2025.11.14 15:25:37 INFO  BSP server: Downloaded https://central.sonatype.com/repository/maven-snapshots/org/scala-sbt/compiler-interface/1.10.8/compiler-interface-1.10.8.pom
2025.11.14 15:25:37 INFO  BSP server: Downloading https://central.sonatype.com/repository/maven-snapshots/org/typelevel/cats-core_2.12/2.1.1/cats-core_2.12-2.1.1.pom.sha1
2025.11.14 15:25:37 INFO  BSP server: Downloaded https://central.sonatype.com/repository/maven-snapshots/org/scala-sbt/util-position_2.12/1.11.0/util-position_2.12-1.11.0.pom.sha1
2025.11.14 15:25:37 INFO  BSP server: Downloading https://central.sonatype.com/repository/maven-snapshots/net/openhft/zero-allocation-hashing/0.16/zero-allocation-hashing-0.16.pom.sha1
2025.11.14 15:25:38 INFO  BSP server: Downloaded https://central.sonatype.com/repository/maven-snapshots/com/outr/perfolation_2.12/1.2.8/perfolation_2.12-1.2.8.pom.sha1
2025.11.14 15:25:38 INFO  BSP server: Downloading https://central.sonatype.com/repository/maven-snapshots/org/scalameta/common_2.12/4.13.8/common_2.12-4.13.8.pom.sha1
2025.11.14 15:25:38 INFO  BSP server: Downloaded https://central.sonatype.com/repository/maven-snapshots/org/scala-sbt/io_2.12/1.10.5/io_2.12-1.10.5.pom
2025.11.14 15:25:38 INFO  BSP server: Downloading https://central.sonatype.com/repository/maven-snapshots/org/scala-sbt/sbinary_2.12/0.5.1/sbinary_2.12-0.5.1.pom.sha1
2025.11.14 15:25:38 INFO  BSP server: Downloaded https://central.sonatype.com/repository/maven-snapshots/org/scala-sbt/util-relation_2.12/1.10.7/util-relation_2.12-1.10.7.pom
2025.11.14 15:25:38 INFO  BSP server: Downloading https://central.sonatype.com/repository/maven-snapshots/org/scala-lang/modules/scala-xml_2.12/2.3.0/scala-xml_2.12-2.3.0.pom.sha1
2025.11.14 15:25:38 INFO  BSP server: Downloaded https://central.sonatype.com/repository/maven-snapshots/org/typelevel/cats-core_2.12/2.1.1/cats-core_2.12-2.1.1.pom.sha1
2025.11.14 15:25:38 INFO  BSP server: Downloading https://central.sonatype.com/repository/maven-snapshots/org/scala-sbt/util-logging_2.12/1.11.0/util-logging_2.12-1.11.0.pom.sha1
2025.11.14 15:25:38 INFO  BSP server: Downloaded https://central.sonatype.com/repository/maven-snapshots/org/scala-sbt/util-cache_2.12/1.11.0/util-cache_2.12-1.11.0.pom
2025.11.14 15:25:38 INFO  BSP server: Downloading https://central.sonatype.com/repository/maven-snapshots/org/scala-lang/modules/scala-parser-combinators_2.12/1.1.2/scala-parser-combinators_2.12-1.1.2.pom.sha1
2025.11.14 15:25:38 INFO  BSP server: Downloaded https://central.sonatype.com/repository/maven-snapshots/net/openhft/zero-allocation-hashing/0.16/zero-allocation-hashing-0.16.pom.sha1
2025.11.14 15:25:38 INFO  BSP server: Downloading https://central.sonatype.com/repository/maven-snapshots/org/scala-sbt/util-control_2.12/1.10.7/util-control_2.12-1.10.7.pom.sha1
2025.11.14 15:25:38 INFO  BSP server: Downloaded https://central.sonatype.com/repository/maven-snapshots/org/scalameta/common_2.12/4.13.8/common_2.12-4.13.8.pom.sha1
2025.11.14 15:25:38 INFO  BSP server: Downloading https://central.sonatype.com/repository/maven-snapshots/org/typelevel/macro-compat_2.12/1.1.1/macro-compat_2.12-1.1.1.pom.sha1
2025.11.14 15:25:38 INFO  BSP server: Downloaded https://central.sonatype.com/repository/maven-snapshots/org/scala-sbt/sbinary_2.12/0.5.1/sbinary_2.12-0.5.1.pom.sha1
2025.11.14 15:25:38 INFO  BSP server: Downloading https://central.sonatype.com/repository/maven-snapshots/com/eed3si9n/gigahorse-apache-http_2.12/0.9.3/gigahorse-apache-http_2.12-0.9.3.pom.sha1
2025.11.14 15:25:38 INFO  BSP server: Downloaded https://central.sonatype.com/repository/maven-snapshots/org/scala-lang/modules/scala-xml_2.12/2.3.0/scala-xml_2.12-2.3.0.pom.sha1
2025.11.14 15:25:38 INFO  BSP server: Downloading https://central.sonatype.com/repository/maven-snapshots/org/scala-sbt/compiler-interface/1.10.8/compiler-interface-1.10.8.pom.sha1
2025.11.14 15:25:38 INFO  BSP server: Downloaded https://central.sonatype.com/repository/maven-snapshots/org/scala-sbt/util-logging_2.12/1.11.0/util-logging_2.12-1.11.0.pom.sha1
2025.11.14 15:25:38 INFO  BSP server: Downloading https://central.sonatype.com/repository/maven-snapshots/org/scala-sbt/io_2.12/1.10.5/io_2.12-1.10.5.pom.sha1
2025.11.14 15:25:38 INFO  BSP server: Downloaded https://central.sonatype.com/repository/maven-snapshots/org/scala-lang/modules/scala-parser-combinators_2.12/1.1.2/scala-parser-combinators_2.12-1.1.2.pom.sha1
2025.11.14 15:25:38 INFO  BSP server: Downloading https://central.sonatype.com/repository/maven-snapshots/org/scala-sbt/launcher-interface/1.4.4/launcher-interface-1.4.4.pom
2025.11.14 15:25:38 INFO  BSP server: Downloaded https://central.sonatype.com/repository/maven-snapshots/org/scala-sbt/util-control_2.12/1.10.7/util-control_2.12-1.10.7.pom.sha1
2025.11.14 15:25:38 INFO  BSP server: Downloading https://central.sonatype.com/repository/maven-snapshots/org/scala-sbt/util-relation_2.12/1.10.7/util-relation_2.12-1.10.7.pom.sha1
2025.11.14 15:25:38 INFO  BSP server: Downloaded https://central.sonatype.com/repository/maven-snapshots/org/typelevel/macro-compat_2.12/1.1.1/macro-compat_2.12-1.1.1.pom.sha1
2025.11.14 15:25:38 INFO  BSP server: Downloading https://repo.scala-lang.org/artifactory/maven-nightlies/org/scala-sbt/zinc-classpath_2.12/1.10.8/zinc-classpath_2.12-1.10.8.pom
2025.11.14 15:25:40 INFO  BSP server: Downloaded https://central.sonatype.com/repository/maven-snapshots/com/eed3si9n/gigahorse-apache-http_2.12/0.9.3/gigahorse-apache-http_2.12-0.9.3.pom.sha1
2025.11.14 15:25:40 INFO  BSP server: Downloading https://repo.scala-lang.org/artifactory/maven-nightlies/com/outr/moduload_2.12/1.1.5/moduload_2.12-1.1.5.pom
2025.11.14 15:25:40 INFO  BSP server: Downloaded https://central.sonatype.com/repository/maven-snapshots/org/scala-sbt/compiler-interface/1.10.8/compiler-interface-1.10.8.pom.sha1
2025.11.14 15:25:40 INFO  BSP server: Downloading https://repo.scala-lang.org/artifactory/maven-nightlies/com/github/mwiede/jsch/0.2.23/jsch-0.2.23.pom
2025.11.14 15:25:40 INFO  BSP server: Downloaded https://central.sonatype.com/repository/maven-snapshots/org/scala-sbt/io_2.12/1.10.5/io_2.12-1.10.5.pom.sha1
2025.11.14 15:25:40 INFO  BSP server: Downloading https://central.sonatype.com/repository/maven-snapshots/org/scala-sbt/util-cache_2.12/1.11.0/util-cache_2.12-1.11.0.pom.sha1
2025.11.14 15:25:40 INFO  BSP server: Downloaded https://central.sonatype.com/repository/maven-snapshots/org/scala-sbt/launcher-interface/1.4.4/launcher-interface-1.4.4.pom
2025.11.14 15:25:40 INFO  BSP server: Downloading https://repo.scala-lang.org/artifactory/maven-nightlies/com/google/errorprone/error_prone_annotations/2.38.0/error_prone_annotations-2.38.0.pom
2025.11.14 15:25:40 INFO  BSP server: Downloaded https://central.sonatype.com/repository/maven-snapshots/org/scala-sbt/util-relation_2.12/1.10.7/util-relation_2.12-1.10.7.pom.sha1
2025.11.14 15:25:40 INFO  BSP server: Downloading https://repo.scala-lang.org/artifactory/maven-nightlies/org/scala-lang/scala-compiler/2.12.20/scala-compiler-2.12.20.pom
2025.11.14 15:25:40 INFO  BSP server: Downloaded https://repo.scala-lang.org/artifactory/maven-nightlies/org/scala-sbt/zinc-classpath_2.12/1.10.8/zinc-classpath_2.12-1.10.8.pom
2025.11.14 15:25:40 INFO  BSP server: Downloading https://repo.scala-lang.org/artifactory/maven-nightlies/org/scala-sbt/zinc-apiinfo_2.12/1.10.8/zinc-apiinfo_2.12-1.10.8.pom
2025.11.14 15:25:40 INFO  BSP server: Downloaded https://central.sonatype.com/repository/maven-snapshots/org/scala-sbt/util-cache_2.12/1.11.0/util-cache_2.12-1.11.0.pom.sha1
2025.11.14 15:25:40 INFO  BSP server: Downloading https://repo.scala-lang.org/artifactory/maven-nightlies/org/scala-sbt/zinc-persist-core-assembly/1.10.8/zinc-persist-core-assembly-1.10.8.pom
2025.11.14 15:25:41 INFO  no build target found for C:\Users\UTPL\Desktop\Examen\main.scala. Using presentation compiler with project's scala-library version: 3.3.6
2025.11.14 15:25:41 INFO  BSP server: Downloaded https://repo.scala-lang.org/artifactory/maven-nightlies/com/github/mwiede/jsch/0.2.23/jsch-0.2.23.pom
2025.11.14 15:25:41 INFO  BSP server: Downloading https://repo.scala-lang.org/artifactory/maven-nightlies/org/scalameta/io_2.12/4.13.8/io_2.12-4.13.8.pom
2025.11.14 15:25:41 INFO  BSP server: Downloaded https://repo.scala-lang.org/artifactory/maven-nightlies/org/scala-lang/scala-compiler/2.12.20/scala-compiler-2.12.20.pom
2025.11.14 15:25:41 INFO  BSP server: Downloading https://repo.scala-lang.org/artifactory/maven-nightlies/org/scala-sbt/util-position_2.12/1.11.0/util-position_2.12-1.11.0.pom
2025.11.14 15:25:41 INFO  BSP server: Downloaded https://repo.scala-lang.org/artifactory/maven-nightlies/com/google/errorprone/error_prone_annotations/2.38.0/error_prone_annotations-2.38.0.pom
2025.11.14 15:25:41 INFO  BSP server: Downloading https://repo.scala-lang.org/artifactory/maven-nightlies/com/outr/perfolation_2.12/1.2.8/perfolation_2.12-1.2.8.pom
2025.11.14 15:25:41 INFO  BSP server: Downloaded https://repo.scala-lang.org/artifactory/maven-nightlies/org/scala-sbt/zinc-apiinfo_2.12/1.10.8/zinc-apiinfo_2.12-1.10.8.pom
2025.11.14 15:25:41 INFO  BSP server: Downloading https://central.sonatype.com/repository/maven-snapshots/org/scala-sbt/launcher-interface/1.4.4/launcher-interface-1.4.4.pom.sha1
2025.11.14 15:25:41 INFO  BSP server: Downloaded https://repo.scala-lang.org/artifactory/maven-nightlies/com/outr/moduload_2.12/1.1.5/moduload_2.12-1.1.5.pom
2025.11.14 15:25:41 INFO  BSP server: Downloading https://repo.scala-lang.org/artifactory/maven-nightlies/org/typelevel/cats-core_2.12/2.1.1/cats-core_2.12-2.1.1.pom
2025.11.14 15:25:41 INFO  BSP server: Downloaded https://repo.scala-lang.org/artifactory/maven-nightlies/org/scala-sbt/util-position_2.12/1.11.0/util-position_2.12-1.11.0.pom
2025.11.14 15:25:41 INFO  BSP server: Downloading https://repo.scala-lang.org/artifactory/maven-nightlies/org/scala-sbt/zinc-classpath_2.12/1.10.8/zinc-classpath_2.12-1.10.8.pom.sha1
2025.11.14 15:25:41 INFO  BSP server: Downloaded https://repo.scala-lang.org/artifactory/maven-nightlies/com/outr/perfolation_2.12/1.2.8/perfolation_2.12-1.2.8.pom
2025.11.14 15:25:41 INFO  BSP server: Downloading https://repo.scala-lang.org/artifactory/maven-nightlies/net/openhft/zero-allocation-hashing/0.16/zero-allocation-hashing-0.16.pom
2025.11.14 15:25:41 INFO  BSP server: Downloaded https://repo.scala-lang.org/artifactory/maven-nightlies/org/scala-sbt/zinc-persist-core-assembly/1.10.8/zinc-persist-core-assembly-1.10.8.pom
2025.11.14 15:25:41 INFO  BSP server: Downloading https://repo.scala-lang.org/artifactory/maven-nightlies/org/scalameta/common_2.12/4.13.8/common_2.12-4.13.8.pom
2025.11.14 15:25:41 INFO  BSP server: Downloaded https://repo.scala-lang.org/artifactory/maven-nightlies/org/scalameta/io_2.12/4.13.8/io_2.12-4.13.8.pom
2025.11.14 15:25:41 INFO  BSP server: Downloading https://repo.scala-lang.org/artifactory/maven-nightlies/org/scala-sbt/sbinary_2.12/0.5.1/sbinary_2.12-0.5.1.pom
2025.11.14 15:25:41 INFO  BSP server: Downloaded https://central.sonatype.com/repository/maven-snapshots/org/scala-sbt/launcher-interface/1.4.4/launcher-interface-1.4.4.pom.sha1
2025.11.14 15:25:41 INFO  BSP server: Downloading https://repo.scala-lang.org/artifactory/maven-nightlies/org/scala-lang/modules/scala-xml_2.12/2.3.0/scala-xml_2.12-2.3.0.pom
2025.11.14 15:25:41 INFO  BSP server: Downloaded https://repo.scala-lang.org/artifactory/maven-nightlies/org/typelevel/cats-core_2.12/2.1.1/cats-core_2.12-2.1.1.pom
2025.11.14 15:25:41 INFO  BSP server: Downloading https://repo.scala-lang.org/artifactory/maven-nightlies/org/scala-sbt/util-logging_2.12/1.11.0/util-logging_2.12-1.11.0.pom
2025.11.14 15:25:41 INFO  BSP server: Downloaded https://repo.scala-lang.org/artifactory/maven-nightlies/org/scala-sbt/zinc-classpath_2.12/1.10.8/zinc-classpath_2.12-1.10.8.pom.sha1
2025.11.14 15:25:41 INFO  BSP server: Downloading https://repo.scala-lang.org/artifactory/maven-nightlies/com/github/mwiede/jsch/0.2.23/jsch-0.2.23.pom.sha1
2025.11.14 15:25:41 INFO  BSP server: Downloaded https://repo.scala-lang.org/artifactory/maven-nightlies/org/scala-sbt/sbinary_2.12/0.5.1/sbinary_2.12-0.5.1.pom
2025.11.14 15:25:41 INFO  BSP server: Downloading https://repo.scala-lang.org/artifactory/maven-nightlies/org/scala-lang/modules/scala-parser-combinators_2.12/1.1.2/scala-parser-combinators_2.12-1.1.2.pom
2025.11.14 15:25:41 INFO  BSP server: Downloaded https://repo.scala-lang.org/artifactory/maven-nightlies/org/scalameta/common_2.12/4.13.8/common_2.12-4.13.8.pom
2025.11.14 15:25:41 INFO  BSP server: Downloading https://repo.scala-lang.org/artifactory/maven-nightlies/org/scala-lang/scala-compiler/2.12.20/scala-compiler-2.12.20.pom.sha1
2025.11.14 15:25:41 INFO  BSP server: Downloaded https://repo.scala-lang.org/artifactory/maven-nightlies/net/openhft/zero-allocation-hashing/0.16/zero-allocation-hashing-0.16.pom
2025.11.14 15:25:41 INFO  BSP server: Downloading https://repo.scala-lang.org/artifactory/maven-nightlies/org/scala-sbt/util-control_2.12/1.10.7/util-control_2.12-1.10.7.pom
2025.11.14 15:25:41 INFO  BSP server: Downloaded https://repo.scala-lang.org/artifactory/maven-nightlies/org/scala-sbt/util-logging_2.12/1.11.0/util-logging_2.12-1.11.0.pom
2025.11.14 15:25:41 INFO  BSP server: Downloading https://repo.scala-lang.org/artifactory/maven-nightlies/org/typelevel/macro-compat_2.12/1.1.1/macro-compat_2.12-1.1.1.pom
2025.11.14 15:25:42 INFO  BSP server: Downloaded https://repo.scala-lang.org/artifactory/maven-nightlies/com/github/mwiede/jsch/0.2.23/jsch-0.2.23.pom.sha1
2025.11.14 15:25:42 INFO  BSP server: Downloading https://repo.scala-lang.org/artifactory/maven-nightlies/com/google/errorprone/error_prone_annotations/2.38.0/error_prone_annotations-2.38.0.pom.sha1
2025.11.14 15:25:42 INFO  BSP server: Downloaded https://repo.scala-lang.org/artifactory/maven-nightlies/org/scala-lang/modules/scala-parser-combinators_2.12/1.1.2/scala-parser-combinators_2.12-1.1.2.pom
2025.11.14 15:25:42 INFO  BSP server: Downloading https://repo.scala-lang.org/artifactory/maven-nightlies/com/eed3si9n/gigahorse-apache-http_2.12/0.9.3/gigahorse-apache-http_2.12-0.9.3.pom
2025.11.14 15:25:42 INFO  BSP server: Downloaded https://repo.scala-lang.org/artifactory/maven-nightlies/org/scala-lang/scala-compiler/2.12.20/scala-compiler-2.12.20.pom.sha1
2025.11.14 15:25:42 INFO  BSP server: Downloading https://repo.scala-lang.org/artifactory/maven-nightlies/org/scala-sbt/zinc-apiinfo_2.12/1.10.8/zinc-apiinfo_2.12-1.10.8.pom.sha1
2025.11.14 15:25:42 INFO  BSP server: Downloaded https://repo.scala-lang.org/artifactory/maven-nightlies/org/scala-sbt/util-control_2.12/1.10.7/util-control_2.12-1.10.7.pom
2025.11.14 15:25:42 INFO  BSP server: Downloading https://repo.scala-lang.org/artifactory/maven-nightlies/org/scala-sbt/compiler-interface/1.10.8/compiler-interface-1.10.8.pom
2025.11.14 15:25:42 INFO  BSP server: Downloaded https://repo.scala-lang.org/artifactory/maven-nightlies/org/typelevel/macro-compat_2.12/1.1.1/macro-compat_2.12-1.1.1.pom
2025.11.14 15:25:42 INFO  BSP server: Downloading https://repo.scala-lang.org/artifactory/maven-nightlies/org/scala-sbt/io_2.12/1.10.5/io_2.12-1.10.5.pom
2025.11.14 15:25:42 INFO  BSP server: Downloaded https://repo.scala-lang.org/artifactory/maven-nightlies/org/scala-lang/modules/scala-xml_2.12/2.3.0/scala-xml_2.12-2.3.0.pom
2025.11.14 15:25:42 INFO  BSP server: Downloading https://repo.scala-lang.org/artifactory/maven-nightlies/org/scala-sbt/util-relation_2.12/1.10.7/util-relation_2.12-1.10.7.pom
2025.11.14 15:25:42 INFO  BSP server: Downloaded https://repo.scala-lang.org/artifactory/maven-nightlies/com/google/errorprone/error_prone_annotations/2.38.0/error_prone_annotations-2.38.0.pom.sha1
2025.11.14 15:25:42 INFO  BSP server: Downloading https://repo.scala-lang.org/artifactory/maven-nightlies/com/outr/moduload_2.12/1.1.5/moduload_2.12-1.1.5.pom.sha1
nov 14, 2025 3:25:42 P.M. org.eclipse.lsp4j.jsonrpc.services.GenericEndpoint notify
INFO: Unsupported notification method: $/setTrace
2025.11.14 15:25:42 INFO  BSP server: Downloaded https://repo.scala-lang.org/artifactory/maven-nightlies/com/eed3si9n/gigahorse-apache-http_2.12/0.9.3/gigahorse-apache-http_2.12-0.9.3.pom
2025.11.14 15:25:42 INFO  BSP server: Downloading https://repo.scala-lang.org/artifactory/maven-nightlies/org/scala-sbt/util-position_2.12/1.11.0/util-position_2.12-1.11.0.pom.sha1
2025.11.14 15:25:42 INFO  BSP server: Downloaded https://repo.scala-lang.org/artifactory/maven-nightlies/org/scala-sbt/zinc-apiinfo_2.12/1.10.8/zinc-apiinfo_2.12-1.10.8.pom.sha1
2025.11.14 15:25:42 INFO  BSP server: Downloading https://repo.scala-lang.org/artifactory/maven-nightlies/org/scala-sbt/util-cache_2.12/1.11.0/util-cache_2.12-1.11.0.pom
2025.11.14 15:25:42 INFO  BSP server: Downloaded https://repo.scala-lang.org/artifactory/maven-nightlies/org/scala-sbt/compiler-interface/1.10.8/compiler-interface-1.10.8.pom
2025.11.14 15:25:42 INFO  BSP server: Downloading https://repo.scala-lang.org/artifactory/maven-nightlies/com/outr/perfolation_2.12/1.2.8/perfolation_2.12-1.2.8.pom.sha1
2025.11.14 15:25:42 INFO  BSP server: Downloaded https://repo.scala-lang.org/artifactory/maven-nightlies/org/scala-sbt/io_2.12/1.10.5/io_2.12-1.10.5.pom
2025.11.14 15:25:42 INFO  BSP server: Downloading https://repo.scala-lang.org/artifactory/maven-nightlies/org/scala-sbt/zinc-persist-core-assembly/1.10.8/zinc-persist-core-assembly-1.10.8.pom.sha1
2025.11.14 15:25:42 INFO  BSP server: Downloaded https://repo.scala-lang.org/artifactory/maven-nightlies/com/outr/moduload_2.12/1.1.5/moduload_2.12-1.1.5.pom.sha1
2025.11.14 15:25:42 INFO  BSP server: Downloading https://repo.scala-lang.org/artifactory/maven-nightlies/org/scalameta/io_2.12/4.13.8/io_2.12-4.13.8.pom.sha1
2025.11.14 15:25:42 INFO  BSP server: Downloaded https://repo.scala-lang.org/artifactory/maven-nightlies/org/scala-sbt/util-relation_2.12/1.10.7/util-relation_2.12-1.10.7.pom
2025.11.14 15:25:42 INFO  BSP server: Downloading https://repo.scala-lang.org/artifactory/maven-nightlies/org/typelevel/cats-core_2.12/2.1.1/cats-core_2.12-2.1.1.pom.sha1
2025.11.14 15:25:42 INFO  BSP server: Downloaded https://repo.scala-lang.org/artifactory/maven-nightlies/org/scala-sbt/util-position_2.12/1.11.0/util-position_2.12-1.11.0.pom.sha1
2025.11.14 15:25:42 INFO  BSP server: Downloading https://repo.scala-lang.org/artifactory/maven-nightlies/org/scalameta/common_2.12/4.13.8/common_2.12-4.13.8.pom.sha1
2025.11.14 15:25:43 INFO  BSP server: Downloaded https://repo.scala-lang.org/artifactory/maven-nightlies/org/scala-sbt/util-cache_2.12/1.11.0/util-cache_2.12-1.11.0.pom
2025.11.14 15:25:43 INFO  BSP server: Downloading https://repo.scala-lang.org/artifactory/maven-nightlies/net/openhft/zero-allocation-hashing/0.16/zero-allocation-hashing-0.16.pom.sha1
2025.11.14 15:25:43 INFO  BSP server: Downloaded https://repo.scala-lang.org/artifactory/maven-nightlies/com/outr/perfolation_2.12/1.2.8/perfolation_2.12-1.2.8.pom.sha1
2025.11.14 15:25:43 INFO  BSP server: Downloading https://repo.scala-lang.org/artifactory/maven-nightlies/org/scala-sbt/util-logging_2.12/1.11.0/util-logging_2.12-1.11.0.pom.sha1
2025.11.14 15:25:43 INFO  BSP server: Downloaded https://repo.scala-lang.org/artifactory/maven-nightlies/org/scala-sbt/zinc-persist-core-assembly/1.10.8/zinc-persist-core-assembly-1.10.8.pom.sha1
2025.11.14 15:25:43 INFO  BSP server: Downloaded https://repo.scala-lang.org/artifactory/maven-nightlies/org/typelevel/cats-core_2.12/2.1.1/cats-core_2.12-2.1.1.pom.sha1
2025.11.14 15:25:43 INFO  BSP server: Downloading https://repo.scala-lang.org/artifactory/maven-nightlies/org/scala-lang/modules/scala-parser-combinators_2.12/1.1.2/scala-parser-combinators_2.12-1.1.2.pom.sha1
2025.11.14 15:25:43 INFO  BSP server: Downloading https://repo.scala-lang.org/artifactory/maven-nightlies/org/scala-sbt/util-control_2.12/1.10.7/util-control_2.12-1.10.7.pom.sha1
2025.11.14 15:25:43 INFO  BSP server: Downloaded https://repo.scala-lang.org/artifactory/maven-nightlies/org/scalameta/io_2.12/4.13.8/io_2.12-4.13.8.pom.sha1
2025.11.14 15:25:43 INFO  BSP server: Downloading https://repo.scala-lang.org/artifactory/maven-nightlies/org/typelevel/macro-compat_2.12/1.1.1/macro-compat_2.12-1.1.1.pom.sha1
2025.11.14 15:25:43 INFO  BSP server: Downloaded https://repo.scala-lang.org/artifactory/maven-nightlies/org/scalameta/common_2.12/4.13.8/common_2.12-4.13.8.pom.sha1
2025.11.14 15:25:43 INFO  BSP server: Downloading https://repo.scala-lang.org/artifactory/maven-nightlies/org/scala-lang/modules/scala-xml_2.12/2.3.0/scala-xml_2.12-2.3.0.pom.sha1
2025.11.14 15:25:43 INFO  BSP server: Downloaded https://repo.scala-lang.org/artifactory/maven-nightlies/org/scala-lang/modules/scala-parser-combinators_2.12/1.1.2/scala-parser-combinators_2.12-1.1.2.pom.sha1
2025.11.14 15:25:43 INFO  BSP server: Downloaded https://repo.scala-lang.org/artifactory/maven-nightlies/org/scala-sbt/util-logging_2.12/1.11.0/util-logging_2.12-1.11.0.pom.sha1
2025.11.14 15:25:43 INFO  BSP server: Downloading https://repo.scala-lang.org/artifactory/maven-nightlies/com/eed3si9n/gigahorse-apache-http_2.12/0.9.3/gigahorse-apache-http_2.12-0.9.3.pom.sha1
2025.11.14 15:25:43 INFO  BSP server: Downloaded https://repo.scala-lang.org/artifactory/maven-nightlies/org/scala-sbt/util-control_2.12/1.10.7/util-control_2.12-1.10.7.pom.sha1
2025.11.14 15:25:43 INFO  BSP server: Downloading https://repo.scala-lang.org/artifactory/maven-nightlies/org/scala-sbt/launcher-interface/1.4.4/launcher-interface-1.4.4.pom
2025.11.14 15:25:43 INFO  BSP server: Downloading https://repo.scala-lang.org/artifactory/maven-nightlies/org/scala-sbt/compiler-interface/1.10.8/compiler-interface-1.10.8.pom.sha1
2025.11.14 15:25:43 INFO  BSP server: Downloaded https://repo.scala-lang.org/artifactory/maven-nightlies/net/openhft/zero-allocation-hashing/0.16/zero-allocation-hashing-0.16.pom.sha1
2025.11.14 15:25:43 INFO  BSP server: Downloading https://repo.scala-lang.org/artifactory/maven-nightlies/org/scala-sbt/io_2.12/1.10.5/io_2.12-1.10.5.pom.sha1
2025.11.14 15:25:43 INFO  BSP server: Downloaded https://repo.scala-lang.org/artifactory/maven-nightlies/org/typelevel/macro-compat_2.12/1.1.1/macro-compat_2.12-1.1.1.pom.sha1
2025.11.14 15:25:43 INFO  BSP server: Downloading https://repo.scala-lang.org/artifactory/maven-nightlies/org/scala-sbt/util-relation_2.12/1.10.7/util-relation_2.12-1.10.7.pom.sha1
2025.11.14 15:25:43 INFO  BSP server: Downloaded https://repo.scala-lang.org/artifactory/maven-nightlies/org/scala-lang/modules/scala-xml_2.12/2.3.0/scala-xml_2.12-2.3.0.pom.sha1
2025.11.14 15:25:43 INFO  BSP server: Downloaded https://repo.scala-lang.org/artifactory/maven-nightlies/com/eed3si9n/gigahorse-apache-http_2.12/0.9.3/gigahorse-apache-http_2.12-0.9.3.pom.sha1
2025.11.14 15:25:43 INFO  BSP server: Downloading https://repo.scala-lang.org/artifactory/maven-nightlies/org/scala-sbt/util-cache_2.12/1.11.0/util-cache_2.12-1.11.0.pom.sha1
2025.11.14 15:25:43 INFO  BSP server: Downloaded https://repo.scala-lang.org/artifactory/maven-nightlies/org/scala-sbt/compiler-interface/1.10.8/compiler-interface-1.10.8.pom.sha1
2025.11.14 15:25:43 INFO  BSP server: Downloaded https://repo.scala-lang.org/artifactory/maven-nightlies/org/scala-sbt/util-relation_2.12/1.10.7/util-relation_2.12-1.10.7.pom.sha1
2025.11.14 15:25:43 INFO  BSP server: Downloaded https://repo.scala-lang.org/artifactory/maven-nightlies/org/scala-sbt/io_2.12/1.10.5/io_2.12-1.10.5.pom.sha1
2025.11.14 15:25:43 INFO  BSP server: Downloaded https://repo.scala-lang.org/artifactory/maven-nightlies/org/scala-sbt/launcher-interface/1.4.4/launcher-interface-1.4.4.pom
2025.11.14 15:25:43 INFO  BSP server: Downloading https://repo.scala-lang.org/artifactory/maven-nightlies/org/scala-sbt/launcher-interface/1.4.4/launcher-interface-1.4.4.pom.sha1
2025.11.14 15:25:44 INFO  BSP server: Downloaded https://repo.scala-lang.org/artifactory/maven-nightlies/org/scala-sbt/util-cache_2.12/1.11.0/util-cache_2.12-1.11.0.pom.sha1
2025.11.14 15:25:44 INFO  BSP server: Downloaded https://repo.scala-lang.org/artifactory/maven-nightlies/org/scala-sbt/launcher-interface/1.4.4/launcher-interface-1.4.4.pom.sha1
2025.11.14 15:25:44 INFO  BSP server: Downloading https://oss.sonatype.org/content/repositories/snapshots/com/google/errorprone/error_prone_parent/2.38.0/error_prone_parent-2.38.0.pom
2025.11.14 15:25:44 INFO  BSP server: Downloading https://oss.sonatype.org/content/repositories/snapshots/net/openhft/java-parent-pom/1.1.28/java-parent-pom-1.1.28.pom
2025.11.14 15:25:44 INFO  BSP server: Downloaded https://oss.sonatype.org/content/repositories/snapshots/net/openhft/java-parent-pom/1.1.28/java-parent-pom-1.1.28.pom
2025.11.14 15:25:44 INFO  BSP server: Downloading https://oss.sonatype.org/content/repositories/snapshots/net/openhft/java-parent-pom/1.1.28/java-parent-pom-1.1.28.pom.sha1
2025.11.14 15:25:44 INFO  BSP server: Downloaded https://oss.sonatype.org/content/repositories/snapshots/com/google/errorprone/error_prone_parent/2.38.0/error_prone_parent-2.38.0.pom
2025.11.14 15:25:44 INFO  BSP server: Downloading https://oss.sonatype.org/content/repositories/snapshots/com/google/errorprone/error_prone_parent/2.38.0/error_prone_parent-2.38.0.pom.sha1
2025.11.14 15:25:44 INFO  BSP server: Downloaded https://oss.sonatype.org/content/repositories/snapshots/net/openhft/java-parent-pom/1.1.28/java-parent-pom-1.1.28.pom.sha1
2025.11.14 15:25:44 INFO  BSP server: Downloading https://s01.oss.sonatype.org/content/repositories/snapshots/net/openhft/java-parent-pom/1.1.28/java-parent-pom-1.1.28.pom
2025.11.14 15:25:44 INFO  BSP server: Downloaded https://oss.sonatype.org/content/repositories/snapshots/com/google/errorprone/error_prone_parent/2.38.0/error_prone_parent-2.38.0.pom.sha1
2025.11.14 15:25:44 INFO  BSP server: Downloading https://s01.oss.sonatype.org/content/repositories/snapshots/com/google/errorprone/error_prone_parent/2.38.0/error_prone_parent-2.38.0.pom
2025.11.14 15:25:44 INFO  BSP server: Downloaded https://s01.oss.sonatype.org/content/repositories/snapshots/net/openhft/java-parent-pom/1.1.28/java-parent-pom-1.1.28.pom
2025.11.14 15:25:44 INFO  BSP server: Downloading https://s01.oss.sonatype.org/content/repositories/snapshots/net/openhft/java-parent-pom/1.1.28/java-parent-pom-1.1.28.pom.sha1
2025.11.14 15:25:44 INFO  BSP server: Downloaded https://s01.oss.sonatype.org/content/repositories/snapshots/com/google/errorprone/error_prone_parent/2.38.0/error_prone_parent-2.38.0.pom
2025.11.14 15:25:44 INFO  BSP server: Downloading https://s01.oss.sonatype.org/content/repositories/snapshots/com/google/errorprone/error_prone_parent/2.38.0/error_prone_parent-2.38.0.pom.sha1
2025.11.14 15:25:45 INFO  BSP server: Downloaded https://s01.oss.sonatype.org/content/repositories/snapshots/com/google/errorprone/error_prone_parent/2.38.0/error_prone_parent-2.38.0.pom.sha1
2025.11.14 15:25:45 INFO  BSP server: Downloading https://central.sonatype.com/repository/maven-snapshots/com/google/errorprone/error_prone_parent/2.38.0/error_prone_parent-2.38.0.pom
2025.11.14 15:25:45 INFO  BSP server: Downloaded https://s01.oss.sonatype.org/content/repositories/snapshots/net/openhft/java-parent-pom/1.1.28/java-parent-pom-1.1.28.pom.sha1
2025.11.14 15:25:45 INFO  BSP server: Downloading https://central.sonatype.com/repository/maven-snapshots/net/openhft/java-parent-pom/1.1.28/java-parent-pom-1.1.28.pom
2025.11.14 15:25:45 INFO  BSP server: Downloaded https://central.sonatype.com/repository/maven-snapshots/net/openhft/java-parent-pom/1.1.28/java-parent-pom-1.1.28.pom
2025.11.14 15:25:45 INFO  BSP server: Downloading https://central.sonatype.com/repository/maven-snapshots/net/openhft/java-parent-pom/1.1.28/java-parent-pom-1.1.28.pom.sha1
2025.11.14 15:25:45 INFO  BSP server: Downloaded https://central.sonatype.com/repository/maven-snapshots/com/google/errorprone/error_prone_parent/2.38.0/error_prone_parent-2.38.0.pom
2025.11.14 15:25:45 INFO  BSP server: Downloading https://central.sonatype.com/repository/maven-snapshots/com/google/errorprone/error_prone_parent/2.38.0/error_prone_parent-2.38.0.pom.sha1
2025.11.14 15:25:46 INFO  BSP server: Downloaded https://central.sonatype.com/repository/maven-snapshots/net/openhft/java-parent-pom/1.1.28/java-parent-pom-1.1.28.pom.sha1
2025.11.14 15:25:46 INFO  BSP server: Downloading https://repo.scala-lang.org/artifactory/maven-nightlies/net/openhft/java-parent-pom/1.1.28/java-parent-pom-1.1.28.pom
2025.11.14 15:25:46 INFO  BSP server: Downloaded https://central.sonatype.com/repository/maven-snapshots/com/google/errorprone/error_prone_parent/2.38.0/error_prone_parent-2.38.0.pom.sha1
2025.11.14 15:25:46 INFO  BSP server: Downloading https://repo.scala-lang.org/artifactory/maven-nightlies/com/google/errorprone/error_prone_parent/2.38.0/error_prone_parent-2.38.0.pom
2025.11.14 15:25:46 INFO  BSP server: Downloaded https://repo.scala-lang.org/artifactory/maven-nightlies/net/openhft/java-parent-pom/1.1.28/java-parent-pom-1.1.28.pom
2025.11.14 15:25:46 INFO  BSP server: Downloading https://repo.scala-lang.org/artifactory/maven-nightlies/net/openhft/java-parent-pom/1.1.28/java-parent-pom-1.1.28.pom.sha1
2025.11.14 15:25:46 INFO  BSP server: Downloaded https://repo.scala-lang.org/artifactory/maven-nightlies/net/openhft/java-parent-pom/1.1.28/java-parent-pom-1.1.28.pom.sha1
2025.11.14 15:25:47 INFO  BSP server: Downloaded https://repo.scala-lang.org/artifactory/maven-nightlies/com/google/errorprone/error_prone_parent/2.38.0/error_prone_parent-2.38.0.pom
2025.11.14 15:25:47 INFO  BSP server: Downloading https://repo.scala-lang.org/artifactory/maven-nightlies/com/google/errorprone/error_prone_parent/2.38.0/error_prone_parent-2.38.0.pom.sha1
2025.11.14 15:25:47 INFO  BSP server: Downloaded https://repo.scala-lang.org/artifactory/maven-nightlies/com/google/errorprone/error_prone_parent/2.38.0/error_prone_parent-2.38.0.pom.sha1
2025.11.14 15:25:47 INFO  BSP server: Downloading https://oss.sonatype.org/content/repositories/snapshots/net/openhft/root-parent-pom/1.2.12/root-parent-pom-1.2.12.pom
2025.11.14 15:25:47 INFO  BSP server: Downloaded https://oss.sonatype.org/content/repositories/snapshots/net/openhft/root-parent-pom/1.2.12/root-parent-pom-1.2.12.pom
2025.11.14 15:25:47 INFO  BSP server: Downloading https://oss.sonatype.org/content/repositories/snapshots/net/openhft/root-parent-pom/1.2.12/root-parent-pom-1.2.12.pom.sha1
2025.11.14 15:25:47 INFO  BSP server: Downloaded https://oss.sonatype.org/content/repositories/snapshots/net/openhft/root-parent-pom/1.2.12/root-parent-pom-1.2.12.pom.sha1
2025.11.14 15:25:47 INFO  BSP server: Downloading https://s01.oss.sonatype.org/content/repositories/snapshots/net/openhft/root-parent-pom/1.2.12/root-parent-pom-1.2.12.pom
2025.11.14 15:25:47 INFO  BSP server: Downloaded https://s01.oss.sonatype.org/content/repositories/snapshots/net/openhft/root-parent-pom/1.2.12/root-parent-pom-1.2.12.pom
2025.11.14 15:25:47 INFO  BSP server: Downloading https://s01.oss.sonatype.org/content/repositories/snapshots/net/openhft/root-parent-pom/1.2.12/root-parent-pom-1.2.12.pom.sha1
2025.11.14 15:25:48 INFO  BSP server: Downloaded https://s01.oss.sonatype.org/content/repositories/snapshots/net/openhft/root-parent-pom/1.2.12/root-parent-pom-1.2.12.pom.sha1
2025.11.14 15:25:48 INFO  BSP server: Downloading https://central.sonatype.com/repository/maven-snapshots/net/openhft/root-parent-pom/1.2.12/root-parent-pom-1.2.12.pom
2025.11.14 15:25:48 INFO  BSP server: Downloaded https://central.sonatype.com/repository/maven-snapshots/net/openhft/root-parent-pom/1.2.12/root-parent-pom-1.2.12.pom
2025.11.14 15:25:48 INFO  BSP server: Downloading https://central.sonatype.com/repository/maven-snapshots/net/openhft/root-parent-pom/1.2.12/root-parent-pom-1.2.12.pom.sha1
2025.11.14 15:25:48 INFO  BSP server: Downloaded https://central.sonatype.com/repository/maven-snapshots/net/openhft/root-parent-pom/1.2.12/root-parent-pom-1.2.12.pom.sha1
2025.11.14 15:25:49 INFO  BSP server: Downloading https://repo.scala-lang.org/artifactory/maven-nightlies/net/openhft/root-parent-pom/1.2.12/root-parent-pom-1.2.12.pom
2025.11.14 15:25:50 INFO  no build target found for C:\Users\UTPL\Desktop\Examen\main.scala. Using presentation compiler with project's scala-library version: 3.3.6
2025.11.14 15:25:49 INFO  BSP server: Downloaded https://repo.scala-lang.org/artifactory/maven-nightlies/net/openhft/root-parent-pom/1.2.12/root-parent-pom-1.2.12.pom
2025.11.14 15:25:49 INFO  BSP server: Downloading https://oss.sonatype.org/content/repositories/snapshots/com/lmax/disruptor/3.4.2/disruptor-3.4.2.pom
2025.11.14 15:25:49 INFO  BSP server: Downloading https://oss.sonatype.org/content/repositories/snapshots/org/typelevel/cats-macros_2.12/2.1.1/cats-macros_2.12-2.1.1.pom
2025.11.14 15:25:49 INFO  BSP server: Downloading https://oss.sonatype.org/content/repositories/snapshots/org/typelevel/cats-kernel_2.12/2.1.1/cats-kernel_2.12-2.1.1.pom
2025.11.14 15:25:49 INFO  BSP server: Downloading https://oss.sonatype.org/content/repositories/snapshots/org/scala-sbt/collections_2.12/1.11.0/collections_2.12-1.11.0.pom
2025.11.14 15:25:49 INFO  BSP server: Downloading https://oss.sonatype.org/content/repositories/snapshots/com/eed3si9n/sjson-new-murmurhash_2.12/0.10.1/sjson-new-murmurhash_2.12-0.10.1.pom
2025.11.14 15:25:49 INFO  BSP server: Downloading https://oss.sonatype.org/content/repositories/snapshots/org/scala-sbt/util-interface/1.11.0/util-interface-1.11.0.pom
2025.11.14 15:25:49 INFO  BSP server: Downloaded https://oss.sonatype.org/content/repositories/snapshots/com/lmax/disruptor/3.4.2/disruptor-3.4.2.pom
2025.11.14 15:25:49 INFO  BSP server: Downloading https://oss.sonatype.org/content/repositories/snapshots/com/eed3si9n/sjson-new-scalajson_2.12/0.10.1/sjson-new-scalajson_2.12-0.10.1.pom
2025.11.14 15:25:50 INFO  no build target found for C:\Users\UTPL\Desktop\Examen\main.scala. Using presentation compiler with project's scala-library version: 3.3.6
2025.11.14 15:25:49 INFO  BSP server: Downloaded https://oss.sonatype.org/content/repositories/snapshots/com/eed3si9n/sjson-new-scalajson_2.12/0.10.1/sjson-new-scalajson_2.12-0.10.1.pom
2025.11.14 15:25:49 INFO  BSP server: Downloading https://oss.sonatype.org/content/repositories/snapshots/com/eed3si9n/gigahorse-core_2.12/0.9.3/gigahorse-core_2.12-0.9.3.pom
2025.11.14 15:25:49 INFO  BSP server: Downloaded https://oss.sonatype.org/content/repositories/snapshots/org/typelevel/cats-macros_2.12/2.1.1/cats-macros_2.12-2.1.1.pom
2025.11.14 15:25:49 INFO  BSP server: Downloading https://oss.sonatype.org/content/repositories/snapshots/com/eed3si9n/shaded-apache-httpclient5/0.9.3/shaded-apache-httpclient5-0.9.3.pom
2025.11.14 15:25:49 INFO  BSP server: Downloaded https://oss.sonatype.org/content/repositories/snapshots/com/eed3si9n/gigahorse-core_2.12/0.9.3/gigahorse-core_2.12-0.9.3.pom
2025.11.14 15:25:49 INFO  BSP server: Downloading https://oss.sonatype.org/content/repositories/snapshots/org/scala-sbt/compiler-bridge_2.12/1.10.8/compiler-bridge_2.12-1.10.8.pom
2025.11.14 15:25:49 INFO  BSP server: Downloaded https://oss.sonatype.org/content/repositories/snapshots/org/typelevel/cats-kernel_2.12/2.1.1/cats-kernel_2.12-2.1.1.pom
2025.11.14 15:25:49 INFO  BSP server: Downloading https://oss.sonatype.org/content/repositories/snapshots/org/scala-sbt/core-macros_2.12/1.11.0/core-macros_2.12-1.11.0.pom
2025.11.14 15:25:49 INFO  BSP server: Downloaded https://oss.sonatype.org/content/repositories/snapshots/com/eed3si9n/sjson-new-murmurhash_2.12/0.10.1/sjson-new-murmurhash_2.12-0.10.1.pom
2025.11.14 15:25:49 INFO  BSP server: Downloading https://oss.sonatype.org/content/repositories/snapshots/com/lmax/disruptor/3.4.2/disruptor-3.4.2.pom.sha1
2025.11.14 15:25:49 INFO  BSP server: Downloaded https://oss.sonatype.org/content/repositories/snapshots/org/scala-sbt/collections_2.12/1.11.0/collections_2.12-1.11.0.pom
2025.11.14 15:25:49 INFO  BSP server: Downloading https://oss.sonatype.org/content/repositories/snapshots/com/eed3si9n/sjson-new-scalajson_2.12/0.10.1/sjson-new-scalajson_2.12-0.10.1.pom.sha1
2025.11.14 15:25:49 INFO  BSP server: Downloaded https://oss.sonatype.org/content/repositories/snapshots/org/scala-sbt/util-interface/1.11.0/util-interface-1.11.0.pom
2025.11.14 15:25:49 INFO  BSP server: Downloading https://oss.sonatype.org/content/repositories/snapshots/org/typelevel/cats-macros_2.12/2.1.1/cats-macros_2.12-2.1.1.pom.sha1
2025.11.14 15:25:49 INFO  BSP server: Downloaded https://oss.sonatype.org/content/repositories/snapshots/com/eed3si9n/shaded-apache-httpclient5/0.9.3/shaded-apache-httpclient5-0.9.3.pom
2025.11.14 15:25:49 INFO  BSP server: Downloading https://oss.sonatype.org/content/repositories/snapshots/com/eed3si9n/gigahorse-core_2.12/0.9.3/gigahorse-core_2.12-0.9.3.pom.sha1
2025.11.14 15:25:49 INFO  BSP server: Downloaded https://oss.sonatype.org/content/repositories/snapshots/org/scala-sbt/compiler-bridge_2.12/1.10.8/compiler-bridge_2.12-1.10.8.pom
2025.11.14 15:25:49 INFO  BSP server: Downloading https://oss.sonatype.org/content/repositories/snapshots/org/typelevel/cats-kernel_2.12/2.1.1/cats-kernel_2.12-2.1.1.pom.sha1
2025.11.14 15:25:49 INFO  BSP server: Downloaded https://oss.sonatype.org/content/repositories/snapshots/org/scala-sbt/core-macros_2.12/1.11.0/core-macros_2.12-1.11.0.pom
2025.11.14 15:25:49 INFO  BSP server: Downloading https://oss.sonatype.org/content/repositories/snapshots/org/scala-sbt/jline/jline/2.14.7-sbt-9a88bc413e2b34a4580c001c654d1a7f4f65bf18/jline-2.14.7-sbt-9a88bc413e2b34a4580c001c654d1a7f4f65bf18.pom
2025.11.14 15:25:49 INFO  BSP server: Downloaded https://oss.sonatype.org/content/repositories/snapshots/com/lmax/disruptor/3.4.2/disruptor-3.4.2.pom.sha1
2025.11.14 15:25:49 INFO  BSP server: Downloading https://oss.sonatype.org/content/repositories/snapshots/com/eed3si9n/sjson-new-murmurhash_2.12/0.10.1/sjson-new-murmurhash_2.12-0.10.1.pom.sha1
2025.11.14 15:25:49 INFO  BSP server: Downloaded https://oss.sonatype.org/content/repositories/snapshots/com/eed3si9n/sjson-new-scalajson_2.12/0.10.1/sjson-new-scalajson_2.12-0.10.1.pom.sha1
2025.11.14 15:25:49 INFO  BSP server: Downloading https://oss.sonatype.org/content/repositories/snapshots/org/scala-sbt/collections_2.12/1.11.0/collections_2.12-1.11.0.pom.sha1
2025.11.14 15:25:49 INFO  BSP server: Downloaded https://oss.sonatype.org/content/repositories/snapshots/org/typelevel/cats-macros_2.12/2.1.1/cats-macros_2.12-2.1.1.pom.sha1
2025.11.14 15:25:49 INFO  BSP server: Downloading https://oss.sonatype.org/content/repositories/snapshots/org/scala-sbt/util-interface/1.11.0/util-interface-1.11.0.pom.sha1
2025.11.14 15:25:49 INFO  BSP server: Downloaded https://oss.sonatype.org/content/repositories/snapshots/com/eed3si9n/gigahorse-core_2.12/0.9.3/gigahorse-core_2.12-0.9.3.pom.sha1
2025.11.14 15:25:49 INFO  BSP server: Downloading https://oss.sonatype.org/content/repositories/snapshots/com/eed3si9n/shaded-apache-httpclient5/0.9.3/shaded-apache-httpclient5-0.9.3.pom.sha1
2025.11.14 15:25:49 INFO  BSP server: Downloaded https://oss.sonatype.org/content/repositories/snapshots/org/typelevel/cats-kernel_2.12/2.1.1/cats-kernel_2.12-2.1.1.pom.sha1
2025.11.14 15:25:49 INFO  BSP server: Downloading https://oss.sonatype.org/content/repositories/snapshots/org/scala-sbt/compiler-bridge_2.12/1.10.8/compiler-bridge_2.12-1.10.8.pom.sha1
2025.11.14 15:25:49 INFO  BSP server: Downloaded https://oss.sonatype.org/content/repositories/snapshots/org/scala-sbt/jline/jline/2.14.7-sbt-9a88bc413e2b34a4580c001c654d1a7f4f65bf18/jline-2.14.7-sbt-9a88bc413e2b34a4580c001c654d1a7f4f65bf18.pom
2025.11.14 15:25:49 INFO  BSP server: Downloading https://oss.sonatype.org/content/repositories/snapshots/org/scala-sbt/core-macros_2.12/1.11.0/core-macros_2.12-1.11.0.pom.sha1
2025.11.14 15:25:49 INFO  BSP server: Downloaded https://oss.sonatype.org/content/repositories/snapshots/com/eed3si9n/sjson-new-murmurhash_2.12/0.10.1/sjson-new-murmurhash_2.12-0.10.1.pom.sha1
2025.11.14 15:25:49 INFO  BSP server: Downloading https://oss.sonatype.org/content/repositories/snapshots/org/scala-sbt/jline/jline/2.14.7-sbt-9a88bc413e2b34a4580c001c654d1a7f4f65bf18/jline-2.14.7-sbt-9a88bc413e2b34a4580c001c654d1a7f4f65bf18.pom.sha1
2025.11.14 15:25:49 INFO  BSP server: Downloaded https://oss.sonatype.org/content/repositories/snapshots/org/scala-sbt/util-interface/1.11.0/util-interface-1.11.0.pom.sha1
2025.11.14 15:25:49 INFO  BSP server: Downloading https://s01.oss.sonatype.org/content/repositories/snapshots/com/lmax/disruptor/3.4.2/disruptor-3.4.2.pom
2025.11.14 15:25:49 INFO  BSP server: Downloaded https://oss.sonatype.org/content/repositories/snapshots/org/scala-sbt/collections_2.12/1.11.0/collections_2.12-1.11.0.pom.sha1
2025.11.14 15:25:49 INFO  BSP server: Downloading https://s01.oss.sonatype.org/content/repositories/snapshots/com/eed3si9n/sjson-new-scalajson_2.12/0.10.1/sjson-new-scalajson_2.12-0.10.1.pom
2025.11.14 15:25:49 INFO  BSP server: Downloaded https://oss.sonatype.org/content/repositories/snapshots/com/eed3si9n/shaded-apache-httpclient5/0.9.3/shaded-apache-httpclient5-0.9.3.pom.sha1
2025.11.14 15:25:49 INFO  BSP server: Downloading https://s01.oss.sonatype.org/content/repositories/snapshots/org/typelevel/cats-macros_2.12/2.1.1/cats-macros_2.12-2.1.1.pom
2025.11.14 15:25:49 INFO  BSP server: Downloaded https://oss.sonatype.org/content/repositories/snapshots/org/scala-sbt/core-macros_2.12/1.11.0/core-macros_2.12-1.11.0.pom.sha1
2025.11.14 15:25:49 INFO  BSP server: Downloading https://s01.oss.sonatype.org/content/repositories/snapshots/com/eed3si9n/gigahorse-core_2.12/0.9.3/gigahorse-core_2.12-0.9.3.pom
2025.11.14 15:25:49 INFO  BSP server: Downloaded https://oss.sonatype.org/content/repositories/snapshots/org/scala-sbt/jline/jline/2.14.7-sbt-9a88bc413e2b34a4580c001c654d1a7f4f65bf18/jline-2.14.7-sbt-9a88bc413e2b34a4580c001c654d1a7f4f65bf18.pom.sha1
2025.11.14 15:25:49 INFO  BSP server: Downloading https://s01.oss.sonatype.org/content/repositories/snapshots/org/typelevel/cats-kernel_2.12/2.1.1/cats-kernel_2.12-2.1.1.pom
2025.11.14 15:25:51 INFO  BSP server: Downloaded https://s01.oss.sonatype.org/content/repositories/snapshots/com/lmax/disruptor/3.4.2/disruptor-3.4.2.pom
2025.11.14 15:25:51 INFO  BSP server: Downloading https://s01.oss.sonatype.org/content/repositories/snapshots/com/eed3si9n/sjson-new-murmurhash_2.12/0.10.1/sjson-new-murmurhash_2.12-0.10.1.pom
2025.11.14 15:25:51 INFO  BSP server: Downloaded https://s01.oss.sonatype.org/content/repositories/snapshots/com/eed3si9n/sjson-new-scalajson_2.12/0.10.1/sjson-new-scalajson_2.12-0.10.1.pom
2025.11.14 15:25:51 INFO  BSP server: Downloading https://s01.oss.sonatype.org/content/repositories/snapshots/com/lmax/disruptor/3.4.2/disruptor-3.4.2.pom.sha1
2025.11.14 15:25:51 INFO  BSP server: Downloaded https://s01.oss.sonatype.org/content/repositories/snapshots/org/typelevel/cats-macros_2.12/2.1.1/cats-macros_2.12-2.1.1.pom
2025.11.14 15:25:51 INFO  BSP server: Downloading https://s01.oss.sonatype.org/content/repositories/snapshots/org/scala-sbt/util-interface/1.11.0/util-interface-1.11.0.pom
2025.11.14 15:25:51 INFO  BSP server: Downloaded https://s01.oss.sonatype.org/content/repositories/snapshots/com/eed3si9n/gigahorse-core_2.12/0.9.3/gigahorse-core_2.12-0.9.3.pom
2025.11.14 15:25:51 INFO  BSP server: Downloading https://s01.oss.sonatype.org/content/repositories/snapshots/com/eed3si9n/sjson-new-scalajson_2.12/0.10.1/sjson-new-scalajson_2.12-0.10.1.pom.sha1
2025.11.14 15:25:51 INFO  BSP server: Downloaded https://s01.oss.sonatype.org/content/repositories/snapshots/org/typelevel/cats-kernel_2.12/2.1.1/cats-kernel_2.12-2.1.1.pom
2025.11.14 15:25:51 INFO  BSP server: Downloading https://s01.oss.sonatype.org/content/repositories/snapshots/org/scala-sbt/collections_2.12/1.11.0/collections_2.12-1.11.0.pom
2025.11.14 15:25:51 INFO  BSP server: Downloaded https://oss.sonatype.org/content/repositories/snapshots/org/scala-sbt/compiler-bridge_2.12/1.10.8/compiler-bridge_2.12-1.10.8.pom.sha1
2025.11.14 15:25:51 INFO  BSP server: Downloading https://s01.oss.sonatype.org/content/repositories/snapshots/com/eed3si9n/shaded-apache-httpclient5/0.9.3/shaded-apache-httpclient5-0.9.3.pom
2025.11.14 15:25:51 INFO  BSP server: Downloaded https://s01.oss.sonatype.org/content/repositories/snapshots/com/lmax/disruptor/3.4.2/disruptor-3.4.2.pom.sha1
2025.11.14 15:25:51 INFO  BSP server: Downloading https://s01.oss.sonatype.org/content/repositories/snapshots/org/scala-sbt/core-macros_2.12/1.11.0/core-macros_2.12-1.11.0.pom
2025.11.14 15:25:51 INFO  BSP server: Downloaded https://s01.oss.sonatype.org/content/repositories/snapshots/com/eed3si9n/sjson-new-murmurhash_2.12/0.10.1/sjson-new-murmurhash_2.12-0.10.1.pom
2025.11.14 15:25:51 INFO  BSP server: Downloading https://s01.oss.sonatype.org/content/repositories/snapshots/org/typelevel/cats-macros_2.12/2.1.1/cats-macros_2.12-2.1.1.pom.sha1
2025.11.14 15:25:51 INFO  BSP server: Downloaded https://s01.oss.sonatype.org/content/repositories/snapshots/org/scala-sbt/collections_2.12/1.11.0/collections_2.12-1.11.0.pom
2025.11.14 15:25:51 INFO  BSP server: Downloading https://s01.oss.sonatype.org/content/repositories/snapshots/com/eed3si9n/gigahorse-core_2.12/0.9.3/gigahorse-core_2.12-0.9.3.pom.sha1
2025.11.14 15:25:51 INFO  BSP server: Downloaded https://s01.oss.sonatype.org/content/repositories/snapshots/com/eed3si9n/sjson-new-scalajson_2.12/0.10.1/sjson-new-scalajson_2.12-0.10.1.pom.sha1
2025.11.14 15:25:51 INFO  BSP server: Downloading https://s01.oss.sonatype.org/content/repositories/snapshots/org/scala-sbt/jline/jline/2.14.7-sbt-9a88bc413e2b34a4580c001c654d1a7f4f65bf18/jline-2.14.7-sbt-9a88bc413e2b34a4580c001c654d1a7f4f65bf18.pom
2025.11.14 15:25:51 INFO  BSP server: Downloaded https://s01.oss.sonatype.org/content/repositories/snapshots/org/typelevel/cats-macros_2.12/2.1.1/cats-macros_2.12-2.1.1.pom.sha1
2025.11.14 15:25:51 INFO  BSP server: Downloading https://s01.oss.sonatype.org/content/repositories/snapshots/org/typelevel/cats-kernel_2.12/2.1.1/cats-kernel_2.12-2.1.1.pom.sha1
2025.11.14 15:25:51 INFO  BSP server: Downloaded https://s01.oss.sonatype.org/content/repositories/snapshots/org/scala-sbt/core-macros_2.12/1.11.0/core-macros_2.12-1.11.0.pom
2025.11.14 15:25:51 INFO  BSP server: Downloading https://s01.oss.sonatype.org/content/repositories/snapshots/com/eed3si9n/sjson-new-murmurhash_2.12/0.10.1/sjson-new-murmurhash_2.12-0.10.1.pom.sha1
2025.11.14 15:25:51 INFO  BSP server: Downloaded https://s01.oss.sonatype.org/content/repositories/snapshots/com/eed3si9n/gigahorse-core_2.12/0.9.3/gigahorse-core_2.12-0.9.3.pom.sha1
2025.11.14 15:25:51 INFO  BSP server: Downloading https://s01.oss.sonatype.org/content/repositories/snapshots/org/scala-sbt/collections_2.12/1.11.0/collections_2.12-1.11.0.pom.sha1
2025.11.14 15:25:51 INFO  BSP server: Downloaded https://s01.oss.sonatype.org/content/repositories/snapshots/org/scala-sbt/jline/jline/2.14.7-sbt-9a88bc413e2b34a4580c001c654d1a7f4f65bf18/jline-2.14.7-sbt-9a88bc413e2b34a4580c001c654d1a7f4f65bf18.pom
2025.11.14 15:25:51 INFO  BSP server: Downloading https://s01.oss.sonatype.org/content/repositories/snapshots/org/scala-sbt/core-macros_2.12/1.11.0/core-macros_2.12-1.11.0.pom.sha1
2025.11.14 15:25:51 INFO  BSP server: Downloaded https://s01.oss.sonatype.org/content/repositories/snapshots/com/eed3si9n/shaded-apache-httpclient5/0.9.3/shaded-apache-httpclient5-0.9.3.pom
2025.11.14 15:25:51 INFO  BSP server: Downloading https://s01.oss.sonatype.org/content/repositories/snapshots/org/scala-sbt/compiler-bridge_2.12/1.10.8/compiler-bridge_2.12-1.10.8.pom
2025.11.14 15:25:51 INFO  BSP server: Downloaded https://s01.oss.sonatype.org/content/repositories/snapshots/org/typelevel/cats-kernel_2.12/2.1.1/cats-kernel_2.12-2.1.1.pom.sha1
2025.11.14 15:25:51 INFO  BSP server: Downloading https://central.sonatype.com/repository/maven-snapshots/com/lmax/disruptor/3.4.2/disruptor-3.4.2.pom
2025.11.14 15:25:51 INFO  BSP server: Downloaded https://s01.oss.sonatype.org/content/repositories/snapshots/com/eed3si9n/sjson-new-murmurhash_2.12/0.10.1/sjson-new-murmurhash_2.12-0.10.1.pom.sha1
2025.11.14 15:25:51 INFO  BSP server: Downloading https://s01.oss.sonatype.org/content/repositories/snapshots/org/scala-sbt/jline/jline/2.14.7-sbt-9a88bc413e2b34a4580c001c654d1a7f4f65bf18/jline-2.14.7-sbt-9a88bc413e2b34a4580c001c654d1a7f4f65bf18.pom.sha1
2025.11.14 15:25:51 INFO  BSP server: Downloaded https://s01.oss.sonatype.org/content/repositories/snapshots/org/scala-sbt/util-interface/1.11.0/util-interface-1.11.0.pom
2025.11.14 15:25:51 INFO  BSP server: Downloading https://central.sonatype.com/repository/maven-snapshots/com/eed3si9n/sjson-new-scalajson_2.12/0.10.1/sjson-new-scalajson_2.12-0.10.1.pom
2025.11.14 15:25:51 INFO  no build target found for C:\Users\UTPL\Desktop\Examen\main.scala. Using presentation compiler with project's scala-library version: 3.3.6
2025.11.14 15:25:51 INFO  BSP server: Downloaded https://s01.oss.sonatype.org/content/repositories/snapshots/org/scala-sbt/collections_2.12/1.11.0/collections_2.12-1.11.0.pom.sha1
2025.11.14 15:25:51 INFO  BSP server: Downloading https://s01.oss.sonatype.org/content/repositories/snapshots/com/eed3si9n/shaded-apache-httpclient5/0.9.3/shaded-apache-httpclient5-0.9.3.pom.sha1
2025.11.14 15:25:51 INFO  no build target found for C:\Users\UTPL\Desktop\Examen\main.scala. Using presentation compiler with project's scala-library version: 3.3.6
2025.11.14 15:25:51 INFO  BSP server: Downloaded https://s01.oss.sonatype.org/content/repositories/snapshots/org/scala-sbt/core-macros_2.12/1.11.0/core-macros_2.12-1.11.0.pom.sha1
2025.11.14 15:25:51 INFO  BSP server: Downloading https://central.sonatype.com/repository/maven-snapshots/org/typelevel/cats-macros_2.12/2.1.1/cats-macros_2.12-2.1.1.pom
2025.11.14 15:25:51 INFO  BSP server: Downloaded https://s01.oss.sonatype.org/content/repositories/snapshots/org/scala-sbt/compiler-bridge_2.12/1.10.8/compiler-bridge_2.12-1.10.8.pom
2025.11.14 15:25:51 INFO  BSP server: Downloading https://s01.oss.sonatype.org/content/repositories/snapshots/org/scala-sbt/util-interface/1.11.0/util-interface-1.11.0.pom.sha1
2025.11.14 15:25:51 INFO  no build target found for C:\Users\UTPL\Desktop\Examen\main.scala. Using presentation compiler with project's scala-library version: 3.3.6
2025.11.14 15:25:52 INFO  BSP server: Downloaded https://s01.oss.sonatype.org/content/repositories/snapshots/org/scala-sbt/jline/jline/2.14.7-sbt-9a88bc413e2b34a4580c001c654d1a7f4f65bf18/jline-2.14.7-sbt-9a88bc413e2b34a4580c001c654d1a7f4f65bf18.pom.sha1
2025.11.14 15:25:52 INFO  BSP server: Downloading https://central.sonatype.com/repository/maven-snapshots/com/eed3si9n/gigahorse-core_2.12/0.9.3/gigahorse-core_2.12-0.9.3.pom
2025.11.14 15:25:52 INFO  BSP server: Downloaded https://s01.oss.sonatype.org/content/repositories/snapshots/com/eed3si9n/shaded-apache-httpclient5/0.9.3/shaded-apache-httpclient5-0.9.3.pom.sha1
2025.11.14 15:25:52 INFO  BSP server: Downloading https://s01.oss.sonatype.org/content/repositories/snapshots/org/scala-sbt/compiler-bridge_2.12/1.10.8/compiler-bridge_2.12-1.10.8.pom.sha1
2025.11.14 15:25:52 INFO  BSP server: Downloaded https://s01.oss.sonatype.org/content/repositories/snapshots/org/scala-sbt/util-interface/1.11.0/util-interface-1.11.0.pom.sha1
2025.11.14 15:25:52 INFO  BSP server: Downloading https://central.sonatype.com/repository/maven-snapshots/org/typelevel/cats-kernel_2.12/2.1.1/cats-kernel_2.12-2.1.1.pom
2025.11.14 15:25:52 INFO  BSP server: Downloaded https://central.sonatype.com/repository/maven-snapshots/com/lmax/disruptor/3.4.2/disruptor-3.4.2.pom
2025.11.14 15:25:52 INFO  BSP server: Downloading https://central.sonatype.com/repository/maven-snapshots/com/eed3si9n/sjson-new-murmurhash_2.12/0.10.1/sjson-new-murmurhash_2.12-0.10.1.pom
2025.11.14 15:25:52 INFO  BSP server: Downloaded https://central.sonatype.com/repository/maven-snapshots/com/eed3si9n/sjson-new-scalajson_2.12/0.10.1/sjson-new-scalajson_2.12-0.10.1.pom
2025.11.14 15:25:52 INFO  BSP server: Downloading https://central.sonatype.com/repository/maven-snapshots/org/scala-sbt/collections_2.12/1.11.0/collections_2.12-1.11.0.pom
2025.11.14 15:25:52 INFO  BSP server: Downloaded https://central.sonatype.com/repository/maven-snapshots/org/typelevel/cats-macros_2.12/2.1.1/cats-macros_2.12-2.1.1.pom
2025.11.14 15:25:52 INFO  BSP server: Downloading https://central.sonatype.com/repository/maven-snapshots/org/scala-sbt/core-macros_2.12/1.11.0/core-macros_2.12-1.11.0.pom
2025.11.14 15:25:52 INFO  BSP server: Downloaded https://s01.oss.sonatype.org/content/repositories/snapshots/org/scala-sbt/compiler-bridge_2.12/1.10.8/compiler-bridge_2.12-1.10.8.pom.sha1
2025.11.14 15:25:52 INFO  BSP server: Downloading https://central.sonatype.com/repository/maven-snapshots/com/lmax/disruptor/3.4.2/disruptor-3.4.2.pom.sha1
2025.11.14 15:25:52 INFO  BSP server: Downloaded https://central.sonatype.com/repository/maven-snapshots/com/eed3si9n/gigahorse-core_2.12/0.9.3/gigahorse-core_2.12-0.9.3.pom
2025.11.14 15:25:52 INFO  BSP server: Downloading https://central.sonatype.com/repository/maven-snapshots/com/eed3si9n/sjson-new-scalajson_2.12/0.10.1/sjson-new-scalajson_2.12-0.10.1.pom.sha1
2025.11.14 15:25:52 INFO  BSP server: Downloaded https://central.sonatype.com/repository/maven-snapshots/org/typelevel/cats-kernel_2.12/2.1.1/cats-kernel_2.12-2.1.1.pom
2025.11.14 15:25:52 INFO  BSP server: Downloading https://central.sonatype.com/repository/maven-snapshots/org/scala-sbt/jline/jline/2.14.7-sbt-9a88bc413e2b34a4580c001c654d1a7f4f65bf18/jline-2.14.7-sbt-9a88bc413e2b34a4580c001c654d1a7f4f65bf18.pom
2025.11.14 15:25:52 INFO  BSP server: Downloaded https://central.sonatype.com/repository/maven-snapshots/com/eed3si9n/sjson-new-murmurhash_2.12/0.10.1/sjson-new-murmurhash_2.12-0.10.1.pom
2025.11.14 15:25:52 INFO  BSP server: Downloading https://central.sonatype.com/repository/maven-snapshots/com/eed3si9n/shaded-apache-httpclient5/0.9.3/shaded-apache-httpclient5-0.9.3.pom
2025.11.14 15:25:52 INFO  BSP server: Downloaded https://central.sonatype.com/repository/maven-snapshots/org/scala-sbt/collections_2.12/1.11.0/collections_2.12-1.11.0.pom
2025.11.14 15:25:52 INFO  BSP server: Downloading https://central.sonatype.com/repository/maven-snapshots/org/typelevel/cats-macros_2.12/2.1.1/cats-macros_2.12-2.1.1.pom.sha1
2025.11.14 15:25:52 INFO  BSP server: Downloaded https://central.sonatype.com/repository/maven-snapshots/org/scala-sbt/core-macros_2.12/1.11.0/core-macros_2.12-1.11.0.pom
2025.11.14 15:25:52 INFO  BSP server: Downloading https://central.sonatype.com/repository/maven-snapshots/org/scala-sbt/util-interface/1.11.0/util-interface-1.11.0.pom
2025.11.14 15:25:52 INFO  BSP server: Downloaded https://central.sonatype.com/repository/maven-snapshots/com/lmax/disruptor/3.4.2/disruptor-3.4.2.pom.sha1
2025.11.14 15:25:52 INFO  BSP server: Downloading https://central.sonatype.com/repository/maven-snapshots/com/eed3si9n/gigahorse-core_2.12/0.9.3/gigahorse-core_2.12-0.9.3.pom.sha1
2025.11.14 15:25:52 INFO  BSP server: Downloaded https://central.sonatype.com/repository/maven-snapshots/com/eed3si9n/sjson-new-scalajson_2.12/0.10.1/sjson-new-scalajson_2.12-0.10.1.pom.sha1
2025.11.14 15:25:52 INFO  BSP server: Downloading https://central.sonatype.com/repository/maven-snapshots/org/typelevel/cats-kernel_2.12/2.1.1/cats-kernel_2.12-2.1.1.pom.sha1
2025.11.14 15:25:53 INFO  BSP server: Downloaded https://central.sonatype.com/repository/maven-snapshots/org/scala-sbt/jline/jline/2.14.7-sbt-9a88bc413e2b34a4580c001c654d1a7f4f65bf18/jline-2.14.7-sbt-9a88bc413e2b34a4580c001c654d1a7f4f65bf18.pom
2025.11.14 15:25:53 INFO  BSP server: Downloading https://central.sonatype.com/repository/maven-snapshots/com/eed3si9n/sjson-new-murmurhash_2.12/0.10.1/sjson-new-murmurhash_2.12-0.10.1.pom.sha1
2025.11.14 15:25:53 INFO  BSP server: Downloaded https://central.sonatype.com/repository/maven-snapshots/com/eed3si9n/shaded-apache-httpclient5/0.9.3/shaded-apache-httpclient5-0.9.3.pom
2025.11.14 15:25:53 INFO  BSP server: Downloading https://central.sonatype.com/repository/maven-snapshots/org/scala-sbt/collections_2.12/1.11.0/collections_2.12-1.11.0.pom.sha1
2025.11.14 15:25:53 INFO  BSP server: Downloaded https://central.sonatype.com/repository/maven-snapshots/org/typelevel/cats-macros_2.12/2.1.1/cats-macros_2.12-2.1.1.pom.sha1
2025.11.14 15:25:53 INFO  BSP server: Downloading https://central.sonatype.com/repository/maven-snapshots/org/scala-sbt/core-macros_2.12/1.11.0/core-macros_2.12-1.11.0.pom.sha1
2025.11.14 15:25:53 INFO  no build target found for C:\Users\UTPL\Desktop\Examen\main.scala. Using presentation compiler with project's scala-library version: 3.3.6
2025.11.14 15:25:53 INFO  no build target found for C:\Users\UTPL\Desktop\Examen\main.scala. Using presentation compiler with project's scala-library version: 3.3.6
2025.11.14 15:25:53 INFO  BSP server: Downloaded https://central.sonatype.com/repository/maven-snapshots/com/eed3si9n/gigahorse-core_2.12/0.9.3/gigahorse-core_2.12-0.9.3.pom.sha1
2025.11.14 15:25:53 INFO  BSP server: Downloading https://central.sonatype.com/repository/maven-snapshots/org/scala-sbt/compiler-bridge_2.12/1.10.8/compiler-bridge_2.12-1.10.8.pom
2025.11.14 15:25:53 INFO  BSP server: Downloaded https://central.sonatype.com/repository/maven-snapshots/org/scala-sbt/util-interface/1.11.0/util-interface-1.11.0.pom
2025.11.14 15:25:53 INFO  BSP server: Downloading https://central.sonatype.com/repository/maven-snapshots/org/scala-sbt/jline/jline/2.14.7-sbt-9a88bc413e2b34a4580c001c654d1a7f4f65bf18/jline-2.14.7-sbt-9a88bc413e2b34a4580c001c654d1a7f4f65bf18.pom.sha1
2025.11.14 15:25:53 INFO  BSP server: Downloaded https://central.sonatype.com/repository/maven-snapshots/org/typelevel/cats-kernel_2.12/2.1.1/cats-kernel_2.12-2.1.1.pom.sha1
2025.11.14 15:25:53 INFO  BSP server: Downloading https://central.sonatype.com/repository/maven-snapshots/com/eed3si9n/shaded-apache-httpclient5/0.9.3/shaded-apache-httpclient5-0.9.3.pom.sha1
2025.11.14 15:25:53 INFO  no build target found for C:\Users\UTPL\Desktop\Examen\main.scala. Using presentation compiler with project's scala-library version: 3.3.6
2025.11.14 15:25:53 INFO  no build target found for C:\Users\UTPL\Desktop\Examen\main.scala. Using presentation compiler with project's scala-library version: 3.3.6
2025.11.14 15:25:53 INFO  BSP server: Downloaded https://central.sonatype.com/repository/maven-snapshots/com/eed3si9n/sjson-new-murmurhash_2.12/0.10.1/sjson-new-murmurhash_2.12-0.10.1.pom.sha1
2025.11.14 15:25:53 INFO  BSP server: Downloading https://central.sonatype.com/repository/maven-snapshots/org/scala-sbt/util-interface/1.11.0/util-interface-1.11.0.pom.sha1
2025.11.14 15:25:53 INFO  BSP server: Downloaded https://central.sonatype.com/repository/maven-snapshots/org/scala-sbt/collections_2.12/1.11.0/collections_2.12-1.11.0.pom.sha1
2025.11.14 15:25:53 INFO  BSP server: Downloading https://repo.scala-lang.org/artifactory/maven-nightlies/com/lmax/disruptor/3.4.2/disruptor-3.4.2.pom
2025.11.14 15:25:53 INFO  BSP server: Downloaded https://central.sonatype.com/repository/maven-snapshots/org/scala-sbt/core-macros_2.12/1.11.0/core-macros_2.12-1.11.0.pom.sha1
2025.11.14 15:25:53 INFO  BSP server: Downloading https://repo.scala-lang.org/artifactory/maven-nightlies/com/eed3si9n/sjson-new-scalajson_2.12/0.10.1/sjson-new-scalajson_2.12-0.10.1.pom
2025.11.14 15:25:53 INFO  BSP server: Downloaded https://central.sonatype.com/repository/maven-snapshots/org/scala-sbt/compiler-bridge_2.12/1.10.8/compiler-bridge_2.12-1.10.8.pom
2025.11.14 15:25:53 INFO  BSP server: Downloading https://repo.scala-lang.org/artifactory/maven-nightlies/org/typelevel/cats-macros_2.12/2.1.1/cats-macros_2.12-2.1.1.pom
2025.11.14 15:25:53 INFO  BSP server: Downloaded https://central.sonatype.com/repository/maven-snapshots/org/scala-sbt/jline/jline/2.14.7-sbt-9a88bc413e2b34a4580c001c654d1a7f4f65bf18/jline-2.14.7-sbt-9a88bc413e2b34a4580c001c654d1a7f4f65bf18.pom.sha1
2025.11.14 15:25:53 INFO  BSP server: Downloading https://repo.scala-lang.org/artifactory/maven-nightlies/com/eed3si9n/gigahorse-core_2.12/0.9.3/gigahorse-core_2.12-0.9.3.pom
2025.11.14 15:25:53 INFO  BSP server: Downloaded https://repo.scala-lang.org/artifactory/maven-nightlies/com/lmax/disruptor/3.4.2/disruptor-3.4.2.pom
2025.11.14 15:25:53 INFO  BSP server: Downloading https://central.sonatype.com/repository/maven-snapshots/org/scala-sbt/compiler-bridge_2.12/1.10.8/compiler-bridge_2.12-1.10.8.pom.sha1
2025.11.14 15:25:53 INFO  BSP server: Downloaded https://central.sonatype.com/repository/maven-snapshots/org/scala-sbt/util-interface/1.11.0/util-interface-1.11.0.pom.sha1
2025.11.14 15:25:53 INFO  BSP server: Downloading https://repo.scala-lang.org/artifactory/maven-nightlies/org/typelevel/cats-kernel_2.12/2.1.1/cats-kernel_2.12-2.1.1.pom
2025.11.14 15:25:53 INFO  no build target found for C:\Users\UTPL\Desktop\Examen\main.scala. Using presentation compiler with project's scala-library version: 3.3.6
2025.11.14 15:25:54 INFO  no build target found for C:\Users\UTPL\Desktop\Examen\main.scala. Using presentation compiler with project's scala-library version: 3.3.6
2025.11.14 15:25:54 INFO  BSP server: Downloaded https://central.sonatype.com/repository/maven-snapshots/com/eed3si9n/shaded-apache-httpclient5/0.9.3/shaded-apache-httpclient5-0.9.3.pom.sha1
2025.11.14 15:25:54 INFO  BSP server: Downloading https://repo.scala-lang.org/artifactory/maven-nightlies/com/eed3si9n/sjson-new-murmurhash_2.12/0.10.1/sjson-new-murmurhash_2.12-0.10.1.pom
2025.11.14 15:25:54 INFO  BSP server: Downloaded https://repo.scala-lang.org/artifactory/maven-nightlies/org/typelevel/cats-kernel_2.12/2.1.1/cats-kernel_2.12-2.1.1.pom
2025.11.14 15:25:54 INFO  BSP server: Downloading https://repo.scala-lang.org/artifactory/maven-nightlies/org/scala-sbt/collections_2.12/1.11.0/collections_2.12-1.11.0.pom
2025.11.14 15:25:54 INFO  BSP server: Downloaded https://central.sonatype.com/repository/maven-snapshots/org/scala-sbt/compiler-bridge_2.12/1.10.8/compiler-bridge_2.12-1.10.8.pom.sha1
2025.11.14 15:25:54 INFO  BSP server: Downloading https://repo.scala-lang.org/artifactory/maven-nightlies/org/scala-sbt/core-macros_2.12/1.11.0/core-macros_2.12-1.11.0.pom
2025.11.14 15:25:54 INFO  no build target found for C:\Users\UTPL\Desktop\Examen\main.scala. Using presentation compiler with project's scala-library version: 3.3.6
2025.11.14 15:25:54 INFO  BSP server: Downloaded https://repo.scala-lang.org/artifactory/maven-nightlies/com/eed3si9n/sjson-new-scalajson_2.12/0.10.1/sjson-new-scalajson_2.12-0.10.1.pom
2025.11.14 15:25:54 INFO  BSP server: Downloading https://repo.scala-lang.org/artifactory/maven-nightlies/com/lmax/disruptor/3.4.2/disruptor-3.4.2.pom.sha1
2025.11.14 15:25:54 INFO  BSP server: Downloaded https://repo.scala-lang.org/artifactory/maven-nightlies/org/typelevel/cats-macros_2.12/2.1.1/cats-macros_2.12-2.1.1.pom
2025.11.14 15:25:54 INFO  BSP server: Downloading https://repo.scala-lang.org/artifactory/maven-nightlies/org/typelevel/cats-kernel_2.12/2.1.1/cats-kernel_2.12-2.1.1.pom.sha1
2025.11.14 15:25:54 INFO  BSP server: Downloaded https://repo.scala-lang.org/artifactory/maven-nightlies/com/eed3si9n/gigahorse-core_2.12/0.9.3/gigahorse-core_2.12-0.9.3.pom
2025.11.14 15:25:54 INFO  BSP server: Downloading https://repo.scala-lang.org/artifactory/maven-nightlies/org/scala-sbt/jline/jline/2.14.7-sbt-9a88bc413e2b34a4580c001c654d1a7f4f65bf18/jline-2.14.7-sbt-9a88bc413e2b34a4580c001c654d1a7f4f65bf18.pom
2025.11.14 15:25:54 INFO  no build target found for C:\Users\UTPL\Desktop\Examen\main.scala. Using presentation compiler with project's scala-library version: 3.3.6
2025.11.14 15:25:54 INFO  BSP server: Downloaded https://repo.scala-lang.org/artifactory/maven-nightlies/org/scala-sbt/collections_2.12/1.11.0/collections_2.12-1.11.0.pom
2025.11.14 15:25:54 INFO  BSP server: Downloading https://repo.scala-lang.org/artifactory/maven-nightlies/com/eed3si9n/sjson-new-scalajson_2.12/0.10.1/sjson-new-scalajson_2.12-0.10.1.pom.sha1
2025.11.14 15:25:54 INFO  BSP server: Downloaded https://repo.scala-lang.org/artifactory/maven-nightlies/com/lmax/disruptor/3.4.2/disruptor-3.4.2.pom.sha1
2025.11.14 15:25:54 INFO  BSP server: Downloading https://repo.scala-lang.org/artifactory/maven-nightlies/org/typelevel/cats-macros_2.12/2.1.1/cats-macros_2.12-2.1.1.pom.sha1
2025.11.14 15:25:54 INFO  BSP server: Downloaded https://repo.scala-lang.org/artifactory/maven-nightlies/org/typelevel/cats-kernel_2.12/2.1.1/cats-kernel_2.12-2.1.1.pom.sha1
2025.11.14 15:25:54 INFO  BSP server: Downloading https://repo.scala-lang.org/artifactory/maven-nightlies/org/scala-sbt/util-interface/1.11.0/util-interface-1.11.0.pom
2025.11.14 15:25:54 INFO  BSP server: Downloaded https://repo.scala-lang.org/artifactory/maven-nightlies/com/eed3si9n/sjson-new-murmurhash_2.12/0.10.1/sjson-new-murmurhash_2.12-0.10.1.pom
2025.11.14 15:25:54 INFO  BSP server: Downloading https://repo.scala-lang.org/artifactory/maven-nightlies/com/eed3si9n/shaded-apache-httpclient5/0.9.3/shaded-apache-httpclient5-0.9.3.pom
2025.11.14 15:25:54 INFO  BSP server: Downloaded https://repo.scala-lang.org/artifactory/maven-nightlies/org/scala-sbt/jline/jline/2.14.7-sbt-9a88bc413e2b34a4580c001c654d1a7f4f65bf18/jline-2.14.7-sbt-9a88bc413e2b34a4580c001c654d1a7f4f65bf18.pom
2025.11.14 15:25:54 INFO  BSP server: Downloading https://repo.scala-lang.org/artifactory/maven-nightlies/com/eed3si9n/gigahorse-core_2.12/0.9.3/gigahorse-core_2.12-0.9.3.pom.sha1
2025.11.14 15:25:54 INFO  BSP server: Downloaded https://repo.scala-lang.org/artifactory/maven-nightlies/org/scala-sbt/core-macros_2.12/1.11.0/core-macros_2.12-1.11.0.pom
2025.11.14 15:25:54 INFO  BSP server: Downloading https://repo.scala-lang.org/artifactory/maven-nightlies/org/scala-sbt/collections_2.12/1.11.0/collections_2.12-1.11.0.pom.sha1
2025.11.14 15:25:54 INFO  BSP server: Downloaded https://repo.scala-lang.org/artifactory/maven-nightlies/com/eed3si9n/sjson-new-scalajson_2.12/0.10.1/sjson-new-scalajson_2.12-0.10.1.pom.sha1
2025.11.14 15:25:54 INFO  BSP server: Downloading https://repo.scala-lang.org/artifactory/maven-nightlies/org/scala-sbt/compiler-bridge_2.12/1.10.8/compiler-bridge_2.12-1.10.8.pom
2025.11.14 15:25:54 INFO  BSP server: Downloaded https://repo.scala-lang.org/artifactory/maven-nightlies/org/scala-sbt/util-interface/1.11.0/util-interface-1.11.0.pom
2025.11.14 15:25:54 INFO  BSP server: Downloading https://repo.scala-lang.org/artifactory/maven-nightlies/com/eed3si9n/sjson-new-murmurhash_2.12/0.10.1/sjson-new-murmurhash_2.12-0.10.1.pom.sha1
2025.11.14 15:25:54 INFO  BSP server: Downloaded https://repo.scala-lang.org/artifactory/maven-nightlies/org/typelevel/cats-macros_2.12/2.1.1/cats-macros_2.12-2.1.1.pom.sha1
2025.11.14 15:25:54 INFO  BSP server: Downloading https://repo.scala-lang.org/artifactory/maven-nightlies/org/scala-sbt/jline/jline/2.14.7-sbt-9a88bc413e2b34a4580c001c654d1a7f4f65bf18/jline-2.14.7-sbt-9a88bc413e2b34a4580c001c654d1a7f4f65bf18.pom.sha1
2025.11.14 15:25:55 INFO  BSP server: Downloaded https://repo.scala-lang.org/artifactory/maven-nightlies/com/eed3si9n/shaded-apache-httpclient5/0.9.3/shaded-apache-httpclient5-0.9.3.pom
2025.11.14 15:25:55 INFO  BSP server: Downloading https://repo.scala-lang.org/artifactory/maven-nightlies/org/scala-sbt/core-macros_2.12/1.11.0/core-macros_2.12-1.11.0.pom.sha1
2025.11.14 15:25:55 INFO  BSP server: Downloaded https://repo.scala-lang.org/artifactory/maven-nightlies/org/scala-sbt/compiler-bridge_2.12/1.10.8/compiler-bridge_2.12-1.10.8.pom
2025.11.14 15:25:55 INFO  BSP server: Downloading https://repo.scala-lang.org/artifactory/maven-nightlies/org/scala-sbt/util-interface/1.11.0/util-interface-1.11.0.pom.sha1
2025.11.14 15:25:55 INFO  BSP server: Downloaded https://repo.scala-lang.org/artifactory/maven-nightlies/com/eed3si9n/gigahorse-core_2.12/0.9.3/gigahorse-core_2.12-0.9.3.pom.sha1
2025.11.14 15:25:55 INFO  BSP server: Downloading https://repo.scala-lang.org/artifactory/maven-nightlies/com/eed3si9n/shaded-apache-httpclient5/0.9.3/shaded-apache-httpclient5-0.9.3.pom.sha1
2025.11.14 15:25:55 INFO  BSP server: Downloaded https://repo.scala-lang.org/artifactory/maven-nightlies/org/scala-sbt/collections_2.12/1.11.0/collections_2.12-1.11.0.pom.sha1
2025.11.14 15:25:55 INFO  BSP server: Downloading https://repo.scala-lang.org/artifactory/maven-nightlies/org/scala-sbt/compiler-bridge_2.12/1.10.8/compiler-bridge_2.12-1.10.8.pom.sha1
2025.11.14 15:25:55 INFO  BSP server: Downloaded https://repo.scala-lang.org/artifactory/maven-nightlies/com/eed3si9n/sjson-new-murmurhash_2.12/0.10.1/sjson-new-murmurhash_2.12-0.10.1.pom.sha1
2025.11.14 15:25:55 INFO  BSP server: Downloaded https://repo.scala-lang.org/artifactory/maven-nightlies/org/scala-sbt/core-macros_2.12/1.11.0/core-macros_2.12-1.11.0.pom.sha1
2025.11.14 15:25:55 INFO  BSP server: Downloaded https://repo.scala-lang.org/artifactory/maven-nightlies/org/scala-sbt/jline/jline/2.14.7-sbt-9a88bc413e2b34a4580c001c654d1a7f4f65bf18/jline-2.14.7-sbt-9a88bc413e2b34a4580c001c654d1a7f4f65bf18.pom.sha1
2025.11.14 15:25:55 INFO  BSP server: Downloaded https://repo.scala-lang.org/artifactory/maven-nightlies/org/scala-sbt/util-interface/1.11.0/util-interface-1.11.0.pom.sha1
2025.11.14 15:25:55 INFO  BSP server: Downloaded https://repo.scala-lang.org/artifactory/maven-nightlies/com/eed3si9n/shaded-apache-httpclient5/0.9.3/shaded-apache-httpclient5-0.9.3.pom.sha1
2025.11.14 15:25:55 INFO  BSP server: Downloaded https://repo.scala-lang.org/artifactory/maven-nightlies/org/scala-sbt/compiler-bridge_2.12/1.10.8/compiler-bridge_2.12-1.10.8.pom.sha1
2025.11.14 15:25:55 INFO  BSP server: Downloading https://oss.sonatype.org/content/repositories/snapshots/com/eed3si9n/shaded-jawn-parser_2.12/1.3.2/shaded-jawn-parser_2.12-1.3.2.pom
2025.11.14 15:25:55 INFO  BSP server: Downloading https://oss.sonatype.org/content/repositories/snapshots/com/typesafe/ssl-config-core_2.12/0.6.1/ssl-config-core_2.12-0.6.1.pom
2025.11.14 15:25:55 INFO  BSP server: Downloading https://oss.sonatype.org/content/repositories/snapshots/com/eed3si9n/shaded-scalajson_2.12/1.0.0-M4/shaded-scalajson_2.12-1.0.0-M4.pom
2025.11.14 15:25:56 INFO  BSP server: Downloaded https://oss.sonatype.org/content/repositories/snapshots/com/typesafe/ssl-config-core_2.12/0.6.1/ssl-config-core_2.12-0.6.1.pom
2025.11.14 15:25:56 INFO  BSP server: Downloading https://oss.sonatype.org/content/repositories/snapshots/com/typesafe/ssl-config-core_2.12/0.6.1/ssl-config-core_2.12-0.6.1.pom.sha1
2025.11.14 15:25:56 INFO  BSP server: Downloaded https://oss.sonatype.org/content/repositories/snapshots/com/eed3si9n/shaded-jawn-parser_2.12/1.3.2/shaded-jawn-parser_2.12-1.3.2.pom
2025.11.14 15:25:56 INFO  BSP server: Downloading https://oss.sonatype.org/content/repositories/snapshots/com/eed3si9n/shaded-jawn-parser_2.12/1.3.2/shaded-jawn-parser_2.12-1.3.2.pom.sha1
2025.11.14 15:25:56 INFO  BSP server: Downloaded https://oss.sonatype.org/content/repositories/snapshots/com/eed3si9n/shaded-jawn-parser_2.12/1.3.2/shaded-jawn-parser_2.12-1.3.2.pom.sha1
2025.11.14 15:25:56 INFO  BSP server: Downloaded https://oss.sonatype.org/content/repositories/snapshots/com/typesafe/ssl-config-core_2.12/0.6.1/ssl-config-core_2.12-0.6.1.pom.sha1
2025.11.14 15:25:56 INFO  BSP server: Downloading https://s01.oss.sonatype.org/content/repositories/snapshots/com/eed3si9n/shaded-jawn-parser_2.12/1.3.2/shaded-jawn-parser_2.12-1.3.2.pom
2025.11.14 15:25:56 INFO  BSP server: Downloading https://s01.oss.sonatype.org/content/repositories/snapshots/com/typesafe/ssl-config-core_2.12/0.6.1/ssl-config-core_2.12-0.6.1.pom
2025.11.14 15:25:56 INFO  BSP server: Downloaded https://oss.sonatype.org/content/repositories/snapshots/com/eed3si9n/shaded-scalajson_2.12/1.0.0-M4/shaded-scalajson_2.12-1.0.0-M4.pom
2025.11.14 15:25:56 INFO  BSP server: Downloading https://oss.sonatype.org/content/repositories/snapshots/com/eed3si9n/shaded-scalajson_2.12/1.0.0-M4/shaded-scalajson_2.12-1.0.0-M4.pom.sha1
2025.11.14 15:25:56 INFO  BSP server: Downloaded https://s01.oss.sonatype.org/content/repositories/snapshots/com/typesafe/ssl-config-core_2.12/0.6.1/ssl-config-core_2.12-0.6.1.pom
2025.11.14 15:25:56 INFO  BSP server: Downloading https://s01.oss.sonatype.org/content/repositories/snapshots/com/typesafe/ssl-config-core_2.12/0.6.1/ssl-config-core_2.12-0.6.1.pom.sha1
2025.11.14 15:25:56 INFO  BSP server: Downloaded https://oss.sonatype.org/content/repositories/snapshots/com/eed3si9n/shaded-scalajson_2.12/1.0.0-M4/shaded-scalajson_2.12-1.0.0-M4.pom.sha1
2025.11.14 15:25:56 INFO  BSP server: Downloading https://s01.oss.sonatype.org/content/repositories/snapshots/com/eed3si9n/shaded-scalajson_2.12/1.0.0-M4/shaded-scalajson_2.12-1.0.0-M4.pom
2025.11.14 15:25:56 INFO  BSP server: Downloaded https://s01.oss.sonatype.org/content/repositories/snapshots/com/eed3si9n/shaded-jawn-parser_2.12/1.3.2/shaded-jawn-parser_2.12-1.3.2.pom
2025.11.14 15:25:56 INFO  BSP server: Downloading https://s01.oss.sonatype.org/content/repositories/snapshots/com/eed3si9n/shaded-jawn-parser_2.12/1.3.2/shaded-jawn-parser_2.12-1.3.2.pom.sha1
2025.11.14 15:25:56 INFO  BSP server: Downloaded https://s01.oss.sonatype.org/content/repositories/snapshots/com/typesafe/ssl-config-core_2.12/0.6.1/ssl-config-core_2.12-0.6.1.pom.sha1
2025.11.14 15:25:56 INFO  BSP server: Downloading https://central.sonatype.com/repository/maven-snapshots/com/typesafe/ssl-config-core_2.12/0.6.1/ssl-config-core_2.12-0.6.1.pom
2025.11.14 15:25:56 INFO  BSP server: Downloaded https://s01.oss.sonatype.org/content/repositories/snapshots/com/eed3si9n/shaded-scalajson_2.12/1.0.0-M4/shaded-scalajson_2.12-1.0.0-M4.pom
2025.11.14 15:25:56 INFO  BSP server: Downloading https://s01.oss.sonatype.org/content/repositories/snapshots/com/eed3si9n/shaded-scalajson_2.12/1.0.0-M4/shaded-scalajson_2.12-1.0.0-M4.pom.sha1
2025.11.14 15:25:56 INFO  BSP server: Downloaded https://s01.oss.sonatype.org/content/repositories/snapshots/com/eed3si9n/shaded-jawn-parser_2.12/1.3.2/shaded-jawn-parser_2.12-1.3.2.pom.sha1
2025.11.14 15:25:56 INFO  BSP server: Downloading https://central.sonatype.com/repository/maven-snapshots/com/eed3si9n/shaded-jawn-parser_2.12/1.3.2/shaded-jawn-parser_2.12-1.3.2.pom
2025.11.14 15:25:57 INFO  BSP server: Downloaded https://central.sonatype.com/repository/maven-snapshots/com/typesafe/ssl-config-core_2.12/0.6.1/ssl-config-core_2.12-0.6.1.pom
2025.11.14 15:25:57 INFO  BSP server: Downloading https://central.sonatype.com/repository/maven-snapshots/com/typesafe/ssl-config-core_2.12/0.6.1/ssl-config-core_2.12-0.6.1.pom.sha1
2025.11.14 15:25:57 INFO  BSP server: Downloaded https://central.sonatype.com/repository/maven-snapshots/com/eed3si9n/shaded-jawn-parser_2.12/1.3.2/shaded-jawn-parser_2.12-1.3.2.pom
2025.11.14 15:25:57 INFO  BSP server: Downloading https://central.sonatype.com/repository/maven-snapshots/com/eed3si9n/shaded-jawn-parser_2.12/1.3.2/shaded-jawn-parser_2.12-1.3.2.pom.sha1
2025.11.14 15:25:57 INFO  BSP server: Downloaded https://s01.oss.sonatype.org/content/repositories/snapshots/com/eed3si9n/shaded-scalajson_2.12/1.0.0-M4/shaded-scalajson_2.12-1.0.0-M4.pom.sha1
2025.11.14 15:25:57 INFO  BSP server: Downloading https://central.sonatype.com/repository/maven-snapshots/com/eed3si9n/shaded-scalajson_2.12/1.0.0-M4/shaded-scalajson_2.12-1.0.0-M4.pom
2025.11.14 15:25:57 INFO  BSP server: Downloaded https://central.sonatype.com/repository/maven-snapshots/com/typesafe/ssl-config-core_2.12/0.6.1/ssl-config-core_2.12-0.6.1.pom.sha1
2025.11.14 15:25:57 INFO  BSP server: Downloading https://repo.scala-lang.org/artifactory/maven-nightlies/com/typesafe/ssl-config-core_2.12/0.6.1/ssl-config-core_2.12-0.6.1.pom
2025.11.14 15:25:57 INFO  BSP server: Downloaded https://repo.scala-lang.org/artifactory/maven-nightlies/com/typesafe/ssl-config-core_2.12/0.6.1/ssl-config-core_2.12-0.6.1.pom
2025.11.14 15:25:57 INFO  BSP server: Downloading https://repo.scala-lang.org/artifactory/maven-nightlies/com/typesafe/ssl-config-core_2.12/0.6.1/ssl-config-core_2.12-0.6.1.pom.sha1
2025.11.14 15:25:57 INFO  BSP server: Downloaded https://central.sonatype.com/repository/maven-snapshots/com/eed3si9n/shaded-scalajson_2.12/1.0.0-M4/shaded-scalajson_2.12-1.0.0-M4.pom
2025.11.14 15:25:57 INFO  BSP server: Downloading https://central.sonatype.com/repository/maven-snapshots/com/eed3si9n/shaded-scalajson_2.12/1.0.0-M4/shaded-scalajson_2.12-1.0.0-M4.pom.sha1
2025.11.14 15:25:59 INFO  BSP server: Downloaded https://repo.scala-lang.org/artifactory/maven-nightlies/com/typesafe/ssl-config-core_2.12/0.6.1/ssl-config-core_2.12-0.6.1.pom.sha1
2025.11.14 15:25:59 WARN  no build target for: C:\Users\UTPL\Desktop\Examen\main.scala
2025.11.14 15:25:59 INFO  no build target found for C:\Users\UTPL\Desktop\Examen\main.scala. Using presentation compiler with project's scala-library version: 3.3.6
2025.11.14 15:25:59 INFO  no build target found for C:\Users\UTPL\Desktop\Examen\main.scala. Using presentation compiler with project's scala-library version: 3.3.6
2025.11.14 15:25:59 INFO  BSP server: Downloaded https://central.sonatype.com/repository/maven-snapshots/com/eed3si9n/shaded-scalajson_2.12/1.0.0-M4/shaded-scalajson_2.12-1.0.0-M4.pom.sha1
2025.11.14 15:25:59 INFO  BSP server: Downloading https://repo.scala-lang.org/artifactory/maven-nightlies/com/eed3si9n/shaded-scalajson_2.12/1.0.0-M4/shaded-scalajson_2.12-1.0.0-M4.pom
2025.11.14 15:25:59 INFO  BSP server: Downloaded https://central.sonatype.com/repository/maven-snapshots/com/eed3si9n/shaded-jawn-parser_2.12/1.3.2/shaded-jawn-parser_2.12-1.3.2.pom.sha1
2025.11.14 15:25:59 INFO  BSP server: Downloading https://repo.scala-lang.org/artifactory/maven-nightlies/com/eed3si9n/shaded-jawn-parser_2.12/1.3.2/shaded-jawn-parser_2.12-1.3.2.pom
2025.11.14 15:25:59 INFO  BSP server: Downloaded https://repo.scala-lang.org/artifactory/maven-nightlies/com/eed3si9n/shaded-scalajson_2.12/1.0.0-M4/shaded-scalajson_2.12-1.0.0-M4.pom
2025.11.14 15:25:59 INFO  BSP server: Downloading https://repo.scala-lang.org/artifactory/maven-nightlies/com/eed3si9n/shaded-scalajson_2.12/1.0.0-M4/shaded-scalajson_2.12-1.0.0-M4.pom.sha1
2025.11.14 15:25:59 INFO  BSP server: Downloaded https://repo.scala-lang.org/artifactory/maven-nightlies/com/eed3si9n/shaded-scalajson_2.12/1.0.0-M4/shaded-scalajson_2.12-1.0.0-M4.pom.sha1
2025.11.14 15:26:00 INFO  BSP server: Downloaded https://repo.scala-lang.org/artifactory/maven-nightlies/com/eed3si9n/shaded-jawn-parser_2.12/1.3.2/shaded-jawn-parser_2.12-1.3.2.pom
2025.11.14 15:26:00 INFO  BSP server: Downloading https://repo.scala-lang.org/artifactory/maven-nightlies/com/eed3si9n/shaded-jawn-parser_2.12/1.3.2/shaded-jawn-parser_2.12-1.3.2.pom.sha1
2025.11.14 15:26:00 INFO  BSP server: Downloaded https://repo.scala-lang.org/artifactory/maven-nightlies/com/eed3si9n/shaded-jawn-parser_2.12/1.3.2/shaded-jawn-parser_2.12-1.3.2.pom.sha1
2025.11.14 15:26:00 INFO  BSP server: Downloading https://repo.scala-lang.org/artifactory/maven-nightlies/org/scala-sbt/io_2.12/1.10.5/io_2.12-1.10.5.jar
2025.11.14 15:26:00 INFO  BSP server: Downloading https://repo.scala-lang.org/artifactory/maven-nightlies/org/scala-sbt/core-macros_2.12/1.11.0/core-macros_2.12-1.11.0.jar
2025.11.14 15:26:00 INFO  BSP server: Downloading https://repo.scala-lang.org/artifactory/maven-nightlies/com/eed3si9n/gigahorse-core_2.12/0.9.3/gigahorse-core_2.12-0.9.3.jar
2025.11.14 15:26:00 INFO  BSP server: Downloading https://repo.scala-lang.org/artifactory/maven-nightlies/io/monix/monix-tail_2.12/3.2.0/monix-tail_2.12-3.2.0.jar
2025.11.14 15:26:00 INFO  BSP server: Downloading https://repo.scala-lang.org/artifactory/maven-nightlies/io/zipkin/zipkin2/zipkin/2.27.0/zipkin-2.27.0.jar
2025.11.14 15:26:00 INFO  BSP server: Downloading https://repo.scala-lang.org/artifactory/maven-nightlies/ch/epfl/scala/bloop-backend_2.12/2.0.13/bloop-backend_2.12-2.0.13.jar
2025.11.14 15:26:01 INFO  no build target found for C:\Users\UTPL\Desktop\Examen\main.scala. Using presentation compiler with project's scala-library version: 3.3.6
2025.11.14 15:26:02 WARN  no build target for: C:\Users\UTPL\Desktop\Examen\main.scala
2025.11.14 15:26:02 INFO  no build target found for C:\Users\UTPL\Desktop\Examen\main.scala. Using presentation compiler with project's scala-library version: 3.3.6
2025.11.14 15:26:01 INFO  no build target found for C:\Users\UTPL\Desktop\Examen\main.scala. Using presentation compiler with project's scala-library version: 3.3.6
2025.11.14 15:26:03 INFO  BSP server: Downloaded https://repo.scala-lang.org/artifactory/maven-nightlies/org/scala-sbt/core-macros_2.12/1.11.0/core-macros_2.12-1.11.0.jar
2025.11.14 15:26:03 INFO  BSP server: Downloading https://repo.scala-lang.org/artifactory/maven-nightlies/org/scala-sbt/util-control_2.12/1.10.7/util-control_2.12-1.10.7.jar
2025.11.14 15:26:03 INFO  BSP server: Downloaded https://repo.scala-lang.org/artifactory/maven-nightlies/org/scala-sbt/util-control_2.12/1.10.7/util-control_2.12-1.10.7.jar
2025.11.14 15:26:03 INFO  BSP server: Downloading https://repo.scala-lang.org/artifactory/maven-nightlies/org/scala-sbt/util-interface/1.11.0/util-interface-1.11.0.jar
nov 14, 2025 3:26:03 P.M. org.eclipse.lsp4j.jsonrpc.services.GenericEndpoint notify
INFO: Unsupported notification method: $/setTrace
2025.11.14 15:26:03 INFO  BSP server: Downloaded https://repo.scala-lang.org/artifactory/maven-nightlies/org/scala-sbt/util-interface/1.11.0/util-interface-1.11.0.jar
2025.11.14 15:26:03 INFO  BSP server: Downloading https://repo.scala-lang.org/artifactory/maven-nightlies/com/google/errorprone/error_prone_annotations/2.38.0/error_prone_annotations-2.38.0.jar
2025.11.14 15:26:04 INFO  BSP server: Downloaded https://repo.scala-lang.org/artifactory/maven-nightlies/com/google/errorprone/error_prone_annotations/2.38.0/error_prone_annotations-2.38.0.jar
2025.11.14 15:26:04 INFO  BSP server: Downloading https://repo.scala-lang.org/artifactory/maven-nightlies/io/monix/monix-java_2.12/3.2.0/monix-java_2.12-3.2.0.jar
2025.11.14 15:26:04 INFO  BSP server: Downloaded https://repo.scala-lang.org/artifactory/maven-nightlies/io/monix/monix-java_2.12/3.2.0/monix-java_2.12-3.2.0.jar
2025.11.14 15:26:04 INFO  BSP server: Downloading https://repo.scala-lang.org/artifactory/maven-nightlies/org/scala-sbt/zinc-classpath_2.12/1.10.8/zinc-classpath_2.12-1.10.8.jar
2025.11.14 15:26:05 INFO  BSP server: Downloaded https://repo.scala-lang.org/artifactory/maven-nightlies/com/eed3si9n/gigahorse-core_2.12/0.9.3/gigahorse-core_2.12-0.9.3.jar
2025.11.14 15:26:05 INFO  BSP server: Downloading https://repo.scala-lang.org/artifactory/maven-nightlies/com/outr/perfolation_2.12/1.2.8/perfolation_2.12-1.2.8.jar
2025.11.14 15:26:06 INFO  BSP server: Downloaded https://repo.scala-lang.org/artifactory/maven-nightlies/com/outr/perfolation_2.12/1.2.8/perfolation_2.12-1.2.8.jar
2025.11.14 15:26:06 INFO  BSP server: Downloading https://repo.scala-lang.org/artifactory/maven-nightlies/net/java/dev/jna/jna-platform/4.4.0/jna-platform-4.4.0.jar
2025.11.14 15:26:09 INFO  BSP server: Downloaded https://repo.scala-lang.org/artifactory/maven-nightlies/io/zipkin/zipkin2/zipkin/2.27.0/zipkin-2.27.0.jar
2025.11.14 15:26:09 INFO  BSP server: Downloading https://repo.scala-lang.org/artifactory/maven-nightlies/com/eed3si9n/sjson-new-core_2.12/0.10.1/sjson-new-core_2.12-0.10.1.jar
2025.11.14 15:26:09 INFO  BSP server: Downloaded https://repo.scala-lang.org/artifactory/maven-nightlies/org/scala-sbt/zinc-classpath_2.12/1.10.8/zinc-classpath_2.12-1.10.8.jar
2025.11.14 15:26:09 INFO  BSP server: Downloading https://repo.scala-lang.org/artifactory/maven-nightlies/com/lihaoyi/sourcecode_2.12/0.4.2/sourcecode_2.12-0.4.2.jar
2025.11.14 15:26:10 INFO  no build target found for C:\Users\UTPL\Desktop\Examen\main.scala. Using presentation compiler with project's scala-library version: 3.3.6
2025.11.14 15:26:12 INFO  no build target found for C:\Users\UTPL\Desktop\Examen\main.scala. Using presentation compiler with project's scala-library version: 3.3.6
2025.11.14 15:26:12 INFO  BSP server: Downloaded https://repo.scala-lang.org/artifactory/maven-nightlies/com/lihaoyi/sourcecode_2.12/0.4.2/sourcecode_2.12-0.4.2.jar
2025.11.14 15:26:12 INFO  BSP server: Downloading https://repo.scala-lang.org/artifactory/maven-nightlies/io/zipkin/reporter2/zipkin-reporter/2.17.2/zipkin-reporter-2.17.2.jar
2025.11.14 15:26:12 INFO  no build target found for C:\Users\UTPL\Desktop\Examen\main.scala. Using presentation compiler with project's scala-library version: 3.3.6
2025.11.14 15:26:12 INFO  BSP server: Downloaded https://repo.scala-lang.org/artifactory/maven-nightlies/org/scala-sbt/io_2.12/1.10.5/io_2.12-1.10.5.jar
2025.11.14 15:26:12 INFO  BSP server: Downloading https://repo.scala-lang.org/artifactory/maven-nightlies/net/jpountz/lz4/lz4/1.3.0/lz4-1.3.0.jar
2025.11.14 15:26:12 INFO  BSP server: Downloaded https://repo.scala-lang.org/artifactory/maven-nightlies/io/zipkin/reporter2/zipkin-reporter/2.17.2/zipkin-reporter-2.17.2.jar
2025.11.14 15:26:12 INFO  BSP server: Downloading https://repo.scala-lang.org/artifactory/maven-nightlies/org/scala-lang/scala-library/2.12.20/scala-library-2.12.20.jar
2025.11.14 15:26:13 INFO  BSP server: Downloaded https://repo.scala-lang.org/artifactory/maven-nightlies/io/monix/monix-tail_2.12/3.2.0/monix-tail_2.12-3.2.0.jar
2025.11.14 15:26:13 INFO  BSP server: Downloading https://repo.scala-lang.org/artifactory/maven-nightlies/io/monix/monix-execution_2.12/3.2.0/monix-execution_2.12-3.2.0.jar
2025.11.14 15:26:15 INFO  BSP server: Downloaded https://repo.scala-lang.org/artifactory/maven-nightlies/ch/epfl/scala/bloop-backend_2.12/2.0.13/bloop-backend_2.12-2.0.13.jar
2025.11.14 15:26:15 INFO  BSP server: Downloading https://repo.scala-lang.org/artifactory/maven-nightlies/com/github/alexarchambault/case-app-annotations_2.12/2.0.6/case-app-annotations_2.12-2.0.6.jar
2025.11.14 15:26:15 INFO  BSP server: Downloaded https://repo.scala-lang.org/artifactory/maven-nightlies/com/github/alexarchambault/case-app-annotations_2.12/2.0.6/case-app-annotations_2.12-2.0.6.jar
2025.11.14 15:26:15 INFO  BSP server: Downloading https://repo.scala-lang.org/artifactory/maven-nightlies/io/github/alexarchambault/bleep/nailgun-server/1.0.7/nailgun-server-1.0.7.jar
2025.11.14 15:26:16 INFO  BSP server: Downloaded https://repo.scala-lang.org/artifactory/maven-nightlies/net/jpountz/lz4/lz4/1.3.0/lz4-1.3.0.jar
2025.11.14 15:26:16 INFO  BSP server: Downloading https://repo.scala-lang.org/artifactory/maven-nightlies/com/outr/scribe_2.12/3.5.5/scribe_2.12-3.5.5.jar
2025.11.14 15:26:16 INFO  BSP server: Downloaded https://repo.scala-lang.org/artifactory/maven-nightlies/io/github/alexarchambault/bleep/nailgun-server/1.0.7/nailgun-server-1.0.7.jar
2025.11.14 15:26:16 INFO  BSP server: Downloading https://repo.scala-lang.org/artifactory/maven-nightlies/ch/epfl/scala/directory-watcher/0.8.0+6-f651bd93/directory-watcher-0.8.0+6-f651bd93.jar
2025.11.14 15:26:17 INFO  BSP server: Downloaded https://repo.scala-lang.org/artifactory/maven-nightlies/ch/epfl/scala/directory-watcher/0.8.0+6-f651bd93/directory-watcher-0.8.0+6-f651bd93.jar
2025.11.14 15:26:17 INFO  BSP server: Downloading https://repo.scala-lang.org/artifactory/maven-nightlies/com/github/alexarchambault/case-app-util_2.12/2.0.6/case-app-util_2.12-2.0.6.jar
2025.11.14 15:26:17 INFO  BSP server: Downloaded https://repo.scala-lang.org/artifactory/maven-nightlies/com/github/alexarchambault/case-app-util_2.12/2.0.6/case-app-util_2.12-2.0.6.jar
2025.11.14 15:26:17 INFO  BSP server: Downloading https://repo.scala-lang.org/artifactory/maven-nightlies/org/scalaz/scalaz-core_2.12/7.3.8/scalaz-core_2.12-7.3.8.jar
2025.11.14 15:26:19 INFO  no build target found for C:\Users\UTPL\Desktop\Examen\main.scala. Using presentation compiler with project's scala-library version: 3.3.6
2025.11.14 15:26:19 INFO  BSP server: Downloaded https://repo.scala-lang.org/artifactory/maven-nightlies/com/eed3si9n/sjson-new-core_2.12/0.10.1/sjson-new-core_2.12-0.10.1.jar
2025.11.14 15:26:19 INFO  BSP server: Downloading https://repo.scala-lang.org/artifactory/maven-nightlies/io/monix/monix_2.12/3.2.0/monix_2.12-3.2.0.jar
2025.11.14 15:26:19 INFO  BSP server: Downloaded https://repo.scala-lang.org/artifactory/maven-nightlies/io/monix/monix_2.12/3.2.0/monix_2.12-3.2.0.jar
2025.11.14 15:26:19 INFO  BSP server: Downloading https://repo.scala-lang.org/artifactory/maven-nightlies/org/zeroturnaround/zt-zip/1.17/zt-zip-1.17.jar
2025.11.14 15:26:19 INFO  BSP server: Downloaded https://repo.scala-lang.org/artifactory/maven-nightlies/com/outr/scribe_2.12/3.5.5/scribe_2.12-3.5.5.jar
2025.11.14 15:26:19 INFO  BSP server: Downloading https://repo.scala-lang.org/artifactory/maven-nightlies/org/apache/logging/log4j/log4j-core/2.23.0/log4j-core-2.23.0.jar
2025.11.14 15:26:21 INFO  BSP server: Downloaded https://repo.scala-lang.org/artifactory/maven-nightlies/org/zeroturnaround/zt-zip/1.17/zt-zip-1.17.jar
2025.11.14 15:26:21 INFO  BSP server: Downloading https://repo.scala-lang.org/artifactory/maven-nightlies/org/scala-sbt/launcher-interface/1.4.4/launcher-interface-1.4.4.jar
2025.11.14 15:26:21 INFO  BSP server: Downloaded https://repo.scala-lang.org/artifactory/maven-nightlies/org/scala-sbt/launcher-interface/1.4.4/launcher-interface-1.4.4.jar
2025.11.14 15:26:21 INFO  BSP server: Downloading https://repo.scala-lang.org/artifactory/maven-nightlies/io/zipkin/reporter2/zipkin-sender-urlconnection/2.17.2/zipkin-sender-urlconnection-2.17.2.jar
2025.11.14 15:26:21 INFO  BSP server: Downloaded https://repo.scala-lang.org/artifactory/maven-nightlies/io/zipkin/reporter2/zipkin-sender-urlconnection/2.17.2/zipkin-sender-urlconnection-2.17.2.jar
2025.11.14 15:26:21 INFO  BSP server: Downloading https://repo.scala-lang.org/artifactory/maven-nightlies/org/scala-sbt/util-position_2.12/1.11.0/util-position_2.12-1.11.0.jar
2025.11.14 15:26:22 INFO  BSP server: Downloaded https://repo.scala-lang.org/artifactory/maven-nightlies/org/scala-sbt/util-position_2.12/1.11.0/util-position_2.12-1.11.0.jar
2025.11.14 15:26:22 INFO  BSP server: Downloading https://repo.scala-lang.org/artifactory/maven-nightlies/com/lmax/disruptor/3.4.2/disruptor-3.4.2.jar
2025.11.14 15:26:22 INFO  BSP server: Downloaded https://repo.scala-lang.org/artifactory/maven-nightlies/com/lmax/disruptor/3.4.2/disruptor-3.4.2.jar
2025.11.14 15:26:22 INFO  BSP server: Downloading https://repo.scala-lang.org/artifactory/maven-nightlies/ch/epfl/scala/bloop-shared_2.12/2.0.13/bloop-shared_2.12-2.0.13.jar
2025.11.14 15:26:23 INFO  BSP server: Downloaded https://repo.scala-lang.org/artifactory/maven-nightlies/ch/epfl/scala/bloop-shared_2.12/2.0.13/bloop-shared_2.12-2.0.13.jar
2025.11.14 15:26:23 INFO  BSP server: Downloading https://repo.scala-lang.org/artifactory/maven-nightlies/com/lihaoyi/unroll-annotation_2.12/0.1.12/unroll-annotation_2.12-0.1.12.jar
2025.11.14 15:26:23 INFO  BSP server: Downloaded https://repo.scala-lang.org/artifactory/maven-nightlies/com/lihaoyi/unroll-annotation_2.12/0.1.12/unroll-annotation_2.12-0.1.12.jar
2025.11.14 15:26:23 INFO  BSP server: Downloading https://repo.scala-lang.org/artifactory/maven-nightlies/org/scala-sbt/zinc-apiinfo_2.12/1.10.8/zinc-apiinfo_2.12-1.10.8.jar
2025.11.14 15:26:25 INFO  BSP server: Downloaded https://repo.scala-lang.org/artifactory/maven-nightlies/org/scala-sbt/zinc-apiinfo_2.12/1.10.8/zinc-apiinfo_2.12-1.10.8.jar
2025.11.14 15:26:25 INFO  BSP server: Downloading https://repo.scala-lang.org/artifactory/maven-nightlies/org/scala-sbt/zinc-persist_2.12/1.10.8/zinc-persist_2.12-1.10.8.jar
2025.11.14 15:26:25 INFO  BSP server: Downloaded https://repo.scala-lang.org/artifactory/maven-nightlies/io/monix/monix-execution_2.12/3.2.0/monix-execution_2.12-3.2.0.jar
2025.11.14 15:26:25 INFO  BSP server: Downloading https://repo.scala-lang.org/artifactory/maven-nightlies/com/eed3si9n/shaded-jawn-parser_2.12/1.3.2/shaded-jawn-parser_2.12-1.3.2.jar
2025.11.14 15:26:27 ERROR Timeout waiting for 'build/initialize' response
2025.11.14 15:26:27 WARN  Retrying connection to the build server scala-cli
2025.11.14 15:26:27 INFO  Running BSP server List(C:\Users\UTPL\AppData\Local\Coursier\data\bin\.scala-cli.aux.exe, bsp, --json-options, C:\Users\UTPL\Desktop\Examen\.scala-build\ide-options-v2.json, --json-launcher-options, C:\Users\UTPL\Desktop\Examen\.scala-build\ide-launcher-options.json, --envs-file, C:\Users\UTPL\Desktop\Examen\.scala-build\ide-envs.json, C:\Users\UTPL\Desktop\Examen)
2025.11.14 15:26:27 INFO  tracing is disabled for protocol BSP, to enable tracing of incoming and outgoing JSON messages create an empty file at C:\Users\UTPL\Desktop\Examen\.metals\bsp.trace.json or C:\Users\UTPL\AppData\Local\scalameta\metals\cache\bsp.trace.json
2025.11.14 15:26:28 INFO  BSP server: Downloading https://repo.scala-lang.org/artifactory/maven-nightlies/org/scalaz/scalaz-core_2.12/7.3.8/scalaz-core_2.12-7.3.8.jar
2025.11.14 15:26:28 INFO  BSP server: Downloading https://repo.scala-lang.org/artifactory/maven-nightlies/org/typelevel/cats-effect_2.12/2.1.3/cats-effect_2.12-2.1.3.jar
2025.11.14 15:26:28 INFO  BSP server: Downloading https://repo.scala-lang.org/artifactory/maven-nightlies/org/scala-lang/scala-library/2.12.20/scala-library-2.12.20.jar
2025.11.14 15:26:28 INFO  BSP server: Downloading https://repo.scala-lang.org/artifactory/maven-nightlies/org/scala-sbt/zinc-core_2.12/1.10.8/zinc-core_2.12-1.10.8.jar
2025.11.14 15:26:28 INFO  BSP server: Downloading https://repo.scala-lang.org/artifactory/maven-nightlies/org/apache/logging/log4j/log4j-core/2.23.0/log4j-core-2.23.0.jar
2025.11.14 15:26:28 INFO  BSP server: Downloading https://repo.scala-lang.org/artifactory/maven-nightlies/com/eed3si9n/shaded-apache-httpclient5/0.9.3/shaded-apache-httpclient5-0.9.3.jar
2025.11.14 15:26:29 INFO  BSP server: Downloaded https://repo.scala-lang.org/artifactory/maven-nightlies/org/scala-sbt/zinc-core_2.12/1.10.8/zinc-core_2.12-1.10.8.jar
2025.11.14 15:26:29 INFO  BSP server: Downloading https://repo.scala-lang.org/artifactory/maven-nightlies/ch/epfl/scala/bsp4s_2.12/2.1.1/bsp4s_2.12-2.1.1.jar
2025.11.14 15:26:30 INFO  BSP server: Downloaded https://repo.scala-lang.org/artifactory/maven-nightlies/org/typelevel/cats-effect_2.12/2.1.3/cats-effect_2.12-2.1.3.jar
2025.11.14 15:26:30 INFO  BSP server: Downloading https://repo.scala-lang.org/artifactory/maven-nightlies/org/scala-sbt/sbinary_2.12/0.5.1/sbinary_2.12-0.5.1.jar
2025.11.14 15:26:32 INFO  BSP server: Downloaded https://repo.scala-lang.org/artifactory/maven-nightlies/org/scala-sbt/sbinary_2.12/0.5.1/sbinary_2.12-0.5.1.jar
2025.11.14 15:26:32 INFO  BSP server: Downloading https://repo.scala-lang.org/artifactory/maven-nightlies/org/typelevel/cats-core_2.12/2.1.1/cats-core_2.12-2.1.1.jar
nov 14, 2025 3:26:36 P.M. org.eclipse.lsp4j.jsonrpc.services.GenericEndpoint notify
INFO: Unsupported notification method: $/setTrace
nov 14, 2025 3:26:37 P.M. org.eclipse.lsp4j.jsonrpc.services.GenericEndpoint notify
INFO: Unsupported notification method: $/setTrace
2025.11.14 15:26:38 INFO  BSP server: Still downloading:
2025.11.14 15:26:38 INFO  BSP server: https://repo.scala-lang.org/artifactory/maven-nightlies/org/scala-lang/scala-library/2.12.20/scala-library-2.12.20.jar (83.75 %, 4553404 / 5436770)
2025.11.14 15:26:38 INFO  BSP server: https://repo.scala-lang.org/artifactory/maven-nightlies/com/eed3si9n/shaded-apache-httpclient5/0.9.3/shaded-apache-httpclient5-0.9.3.jar (71.80 %, 1572165 / 2189586)
2025.11.14 15:26:38 INFO  BSP server: https://repo.scala-lang.org/artifactory/maven-nightlies/ch/epfl/scala/bsp4s_2.12/2.1.1/bsp4s_2.12-2.1.1.jar (60.38 %, 572816 / 948709)
2025.11.14 15:26:38 INFO  BSP server: https://repo.scala-lang.org/artifactory/maven-nightlies/org/apache/logging/log4j/log4j-core/2.23.0/log4j-core-2.23.0.jar (50.76 %, 965329 / 1901639)
2025.11.14 15:26:38 INFO  BSP server: https://repo.scala-lang.org/artifactory/maven-nightlies/org/typelevel/cats-core_2.12/2.1.1/cats-core_2.12-2.1.1.jar (45.55 %, 2194811 / 4818064)
2025.11.14 15:26:38 INFO  BSP server: https://repo.scala-lang.org/artifactory/maven-nightlies/org/scalaz/scalaz-core_2.12/7.3.8/scalaz-core_2.12-7.3.8.jar (43.82 %, 4307643 / 9831106)
2025.11.14 15:26:38 INFO  BSP server: 
2025.11.14 15:26:39 WARN  no build target for: C:\Users\UTPL\Desktop\Examen\main.scala
2025.11.14 15:26:39 INFO  no build target found for C:\Users\UTPL\Desktop\Examen\main.scala. Using presentation compiler with project's scala-library version: 3.3.6
2025.11.14 15:26:40 INFO  no build target found for C:\Users\UTPL\Desktop\Examen\main.scala. Using presentation compiler with project's scala-library version: 3.3.6
2025.11.14 15:26:40 INFO  no build target found for C:\Users\UTPL\Desktop\Examen\main.scala. Using presentation compiler with project's scala-library version: 3.3.6
2025.11.14 15:26:40 INFO  no build target found for C:\Users\UTPL\Desktop\Examen\main.scala. Using presentation compiler with project's scala-library version: 3.3.6
2025.11.14 15:26:40 INFO  no build target found for C:\Users\UTPL\Desktop\Examen\main.scala. Using presentation compiler with project's scala-library version: 3.3.6
2025.11.14 15:26:40 INFO  no build target found for C:\Users\UTPL\Desktop\Examen\main.scala. Using presentation compiler with project's scala-library version: 3.3.6
2025.11.14 15:26:40 INFO  no build target found for C:\Users\UTPL\Desktop\Examen\main.scala. Using presentation compiler with project's scala-library version: 3.3.6
2025.11.14 15:26:40 INFO  no build target found for C:\Users\UTPL\Desktop\Examen\main.scala. Using presentation compiler with project's scala-library version: 3.3.6
2025.11.14 15:26:40 INFO  no build target found for C:\Users\UTPL\Desktop\Examen\main.scala. Using presentation compiler with project's scala-library version: 3.3.6
2025.11.14 15:26:41 INFO  BSP server: Downloaded https://repo.scala-lang.org/artifactory/maven-nightlies/org/scala-lang/scala-library/2.12.20/scala-library-2.12.20.jar
2025.11.14 15:26:41 INFO  BSP server: Downloading https://repo.scala-lang.org/artifactory/maven-nightlies/net/openhft/zero-allocation-hashing/0.16/zero-allocation-hashing-0.16.jar
2025.11.14 15:26:41 INFO  no build target found for C:\Users\UTPL\Desktop\Examen\main.scala. Using presentation compiler with project's scala-library version: 3.3.6
2025.11.14 15:26:42 INFO  no build target found for C:\Users\UTPL\Desktop\Examen\main.scala. Using presentation compiler with project's scala-library version: 3.3.6
2025.11.14 15:26:42 INFO  BSP server: Downloaded https://repo.scala-lang.org/artifactory/maven-nightlies/com/eed3si9n/shaded-apache-httpclient5/0.9.3/shaded-apache-httpclient5-0.9.3.jar
2025.11.14 15:26:42 INFO  BSP server: Downloading https://repo.scala-lang.org/artifactory/maven-nightlies/com/github/plokhotnyuk/jsoniter-scala/jsoniter-scala-macros_2.12/2.13.3.2/jsoniter-scala-macros_2.12-2.13.3.2.jar
2025.11.14 15:26:42 INFO  BSP server: Downloaded https://repo.scala-lang.org/artifactory/maven-nightlies/ch/epfl/scala/bsp4s_2.12/2.1.1/bsp4s_2.12-2.1.1.jar
2025.11.14 15:26:42 INFO  BSP server: Downloading https://repo.scala-lang.org/artifactory/maven-nightlies/org/scala-sbt/util-cache_2.12/1.11.0/util-cache_2.12-1.11.0.jar
2025.11.14 15:26:43 INFO  no build target found for C:\Users\UTPL\Desktop\Examen\main.scala. Using presentation compiler with project's scala-library version: 3.3.6
2025.11.14 15:26:44 INFO  BSP server: Downloaded https://repo.scala-lang.org/artifactory/maven-nightlies/net/openhft/zero-allocation-hashing/0.16/zero-allocation-hashing-0.16.jar
2025.11.14 15:26:44 INFO  BSP server: Downloading https://repo.scala-lang.org/artifactory/maven-nightlies/org/scala-sbt/zinc-compile-core_2.12/1.10.8/zinc-compile-core_2.12-1.10.8.jar
2025.11.14 15:26:43 INFO  no build target found for C:\Users\UTPL\Desktop\Examen\main.scala. Using presentation compiler with project's scala-library version: 3.3.6
2025.11.14 15:26:44 INFO  no build target found for C:\Users\UTPL\Desktop\Examen\main.scala. Using presentation compiler with project's scala-library version: 3.3.6
nov 14, 2025 3:26:44 P.M. org.eclipse.lsp4j.jsonrpc.RemoteEndpoint handleCancellation
WARNING: Unmatched cancel notification for request id 105
nov 14, 2025 3:26:44 P.M. org.eclipse.lsp4j.jsonrpc.RemoteEndpoint handleCancellation
WARNING: Unmatched cancel notification for request id 103
2025.11.14 15:26:44 INFO  no build target found for C:\Users\UTPL\Desktop\Examen\main.scala. Using presentation compiler with project's scala-library version: 3.3.6
nov 14, 2025 3:26:44 P.M. org.eclipse.lsp4j.jsonrpc.RemoteEndpoint handleCancellation
WARNING: Unmatched cancel notification for request id 107
nov 14, 2025 3:26:44 P.M. org.eclipse.lsp4j.jsonrpc.RemoteEndpoint handleCancellation
WARNING: Unmatched cancel notification for request id 109
2025.11.14 15:26:44 INFO  no build target found for C:\Users\UTPL\Desktop\Examen\main.scala. Using presentation compiler with project's scala-library version: 3.3.6
2025.11.14 15:26:44 INFO  no build target found for C:\Users\UTPL\Desktop\Examen\main.scala. Using presentation compiler with project's scala-library version: 3.3.6
2025.11.14 15:26:44 INFO  no build target found for C:\Users\UTPL\Desktop\Examen\main.scala. Using presentation compiler with project's scala-library version: 3.3.6
2025.11.14 15:26:44 INFO  no build target found for C:\Users\UTPL\Desktop\Examen\main.scala. Using presentation compiler with project's scala-library version: 3.3.6
2025.11.14 15:26:45 INFO  BSP server: Downloaded https://repo.scala-lang.org/artifactory/maven-nightlies/org/scala-sbt/util-cache_2.12/1.11.0/util-cache_2.12-1.11.0.jar
2025.11.14 15:26:45 INFO  BSP server: Downloading https://repo.scala-lang.org/artifactory/maven-nightlies/org/apache/logging/log4j/log4j-api/2.23.0/log4j-api-2.23.0.jar
2025.11.14 15:26:45 INFO  no build target found for C:\Users\UTPL\Desktop\Examen\main.scala. Using presentation compiler with project's scala-library version: 3.3.6
2025.11.14 15:26:45 INFO  BSP server: Downloaded https://repo.scala-lang.org/artifactory/maven-nightlies/com/github/plokhotnyuk/jsoniter-scala/jsoniter-scala-macros_2.12/2.13.3.2/jsoniter-scala-macros_2.12-2.13.3.2.jar
2025.11.14 15:26:45 INFO  BSP server: Downloading https://repo.scala-lang.org/artifactory/maven-nightlies/org/scalameta/trees_2.12/4.13.8/trees_2.12-4.13.8.jar
2025.11.14 15:26:45 INFO  BSP server: Downloaded https://repo.scala-lang.org/artifactory/maven-nightlies/org/apache/logging/log4j/log4j-core/2.23.0/log4j-core-2.23.0.jar
2025.11.14 15:26:45 INFO  BSP server: Downloading https://repo.scala-lang.org/artifactory/maven-nightlies/org/scala-sbt/librarymanagement-ivy_2.12/1.11.2/librarymanagement-ivy_2.12-1.11.2.jar
2025.11.14 15:26:45 INFO  no build target found for C:\Users\UTPL\Desktop\Examen\main.scala. Using presentation compiler with project's scala-library version: 3.3.6
2025.11.14 15:26:45 INFO  no build target found for C:\Users\UTPL\Desktop\Examen\main.scala. Using presentation compiler with project's scala-library version: 3.3.6
2025.11.14 15:26:45 INFO  no build target found for C:\Users\UTPL\Desktop\Examen\main.scala. Using presentation compiler with project's scala-library version: 3.3.6
2025.11.14 15:26:45 INFO  BSP server: Downloaded https://repo.scala-lang.org/artifactory/maven-nightlies/org/scala-sbt/zinc-compile-core_2.12/1.10.8/zinc-compile-core_2.12-1.10.8.jar
2025.11.14 15:26:45 INFO  BSP server: Downloading https://repo.scala-lang.org/artifactory/maven-nightlies/org/scala-sbt/util-logging_2.12/1.11.0/util-logging_2.12-1.11.0.jar
2025.11.14 15:26:45 INFO  BSP server: Downloaded https://repo.scala-lang.org/artifactory/maven-nightlies/org/apache/logging/log4j/log4j-api/2.23.0/log4j-api-2.23.0.jar
2025.11.14 15:26:45 INFO  BSP server: Downloading https://repo.scala-lang.org/artifactory/maven-nightlies/org/scala-lang/scala-reflect/2.12.20/scala-reflect-2.12.20.jar
2025.11.14 15:26:45 INFO  no build target found for C:\Users\UTPL\Desktop\Examen\main.scala. Using presentation compiler with project's scala-library version: 3.3.6
2025.11.14 15:26:45 INFO  no build target found for C:\Users\UTPL\Desktop\Examen\main.scala. Using presentation compiler with project's scala-library version: 3.3.6
2025.11.14 15:26:46 INFO  no build target found for C:\Users\UTPL\Desktop\Examen\main.scala. Using presentation compiler with project's scala-library version: 3.3.6
2025.11.14 15:26:46 INFO  no build target found for C:\Users\UTPL\Desktop\Examen\main.scala. Using presentation compiler with project's scala-library version: 3.3.6
2025.11.14 15:26:46 INFO  no build target found for C:\Users\UTPL\Desktop\Examen\main.scala. Using presentation compiler with project's scala-library version: 3.3.6
2025.11.14 15:26:46 INFO  no build target found for C:\Users\UTPL\Desktop\Examen\main.scala. Using presentation compiler with project's scala-library version: 3.3.6
2025.11.14 15:26:47 INFO  no build target found for C:\Users\UTPL\Desktop\Examen\main.scala. Using presentation compiler with project's scala-library version: 3.3.6
2025.11.14 15:26:47 INFO  BSP server: Downloaded https://repo.scala-lang.org/artifactory/maven-nightlies/org/scala-sbt/librarymanagement-ivy_2.12/1.11.2/librarymanagement-ivy_2.12-1.11.2.jar
2025.11.14 15:26:47 INFO  BSP server: Downloading https://repo.scala-lang.org/artifactory/maven-nightlies/org/scalameta/parsers_2.12/4.13.8/parsers_2.12-4.13.8.jar
2025.11.14 15:26:47 INFO  no build target found for C:\Users\UTPL\Desktop\Examen\main.scala. Using presentation compiler with project's scala-library version: 3.3.6
2025.11.14 15:26:47 INFO  BSP server: Downloaded https://repo.scala-lang.org/artifactory/maven-nightlies/org/scala-sbt/util-logging_2.12/1.11.0/util-logging_2.12-1.11.0.jar
2025.11.14 15:26:47 INFO  BSP server: Downloading https://repo.scala-lang.org/artifactory/maven-nightlies/com/github/mwiede/jsch/0.2.23/jsch-0.2.23.jar
2025.11.14 15:26:47 INFO  no build target found for C:\Users\UTPL\Desktop\Examen\main.scala. Using presentation compiler with project's scala-library version: 3.3.6
2025.11.14 15:26:47 INFO  no build target found for C:\Users\UTPL\Desktop\Examen\main.scala. Using presentation compiler with project's scala-library version: 3.3.6
2025.11.14 15:26:47 INFO  BSP server: Downloaded https://repo.scala-lang.org/artifactory/maven-nightlies/org/scalameta/parsers_2.12/4.13.8/parsers_2.12-4.13.8.jar
2025.11.14 15:26:47 INFO  BSP server: Downloading https://repo.scala-lang.org/artifactory/maven-nightlies/org/jctools/jctools-core/2.1.2/jctools-core-2.1.2.jar
2025.11.14 15:26:48 INFO  BSP server: Downloaded https://repo.scala-lang.org/artifactory/maven-nightlies/org/scalaz/scalaz-core_2.12/7.3.8/scalaz-core_2.12-7.3.8.jar
2025.11.14 15:26:48 INFO  BSP server: Downloading https://repo.scala-lang.org/artifactory/maven-nightlies/ch/epfl/scala/bloop-config_2.12/2.3.2/bloop-config_2.12-2.3.2.jar
2025.11.14 15:26:48 INFO  BSP server: Downloaded https://repo.scala-lang.org/artifactory/maven-nightlies/org/jctools/jctools-core/2.1.2/jctools-core-2.1.2.jar
2025.11.14 15:26:48 INFO  BSP server: Downloading https://repo.scala-lang.org/artifactory/maven-nightlies/org/scalameta/common_2.12/4.13.8/common_2.12-4.13.8.jar
2025.11.14 15:26:49 INFO  no build target found for C:\Users\UTPL\Desktop\Examen\main.scala. Using presentation compiler with project's scala-library version: 3.3.6
2025.11.14 15:26:49 INFO  no build target found for C:\Users\UTPL\Desktop\Examen\main.scala. Using presentation compiler with project's scala-library version: 3.3.6
2025.11.14 15:26:49 INFO  BSP server: Downloaded https://repo.scala-lang.org/artifactory/maven-nightlies/com/github/mwiede/jsch/0.2.23/jsch-0.2.23.jar
2025.11.14 15:26:49 INFO  BSP server: Downloading https://repo.scala-lang.org/artifactory/maven-nightlies/com/typesafe/ssl-config-core_2.12/0.6.1/ssl-config-core_2.12-0.6.1.jar
2025.11.14 15:26:49 INFO  BSP server: Downloaded https://repo.scala-lang.org/artifactory/maven-nightlies/ch/epfl/scala/bloop-config_2.12/2.3.2/bloop-config_2.12-2.3.2.jar
2025.11.14 15:26:49 INFO  BSP server: Downloading https://repo.scala-lang.org/artifactory/maven-nightlies/com/github/plokhotnyuk/jsoniter-scala/jsoniter-scala-core_2.12/2.13.5.2/jsoniter-scala-core_2.12-2.13.5.2.jar
2025.11.14 15:26:49 INFO  BSP server: Downloaded https://repo.scala-lang.org/artifactory/maven-nightlies/org/typelevel/cats-core_2.12/2.1.1/cats-core_2.12-2.1.1.jar
2025.11.14 15:26:49 INFO  BSP server: Downloading https://repo.scala-lang.org/artifactory/maven-nightlies/org/scala-sbt/compiler-bridge_2.12/1.10.8/compiler-bridge_2.12-1.10.8.jar
2025.11.14 15:26:49 INFO  BSP server: Downloaded https://repo.scala-lang.org/artifactory/maven-nightlies/com/github/plokhotnyuk/jsoniter-scala/jsoniter-scala-core_2.12/2.13.5.2/jsoniter-scala-core_2.12-2.13.5.2.jar
2025.11.14 15:26:49 INFO  BSP server: Downloading https://repo.scala-lang.org/artifactory/maven-nightlies/org/scala-sbt/compiler-interface/1.10.8/compiler-interface-1.10.8.jar
2025.11.14 15:26:50 INFO  no build target found for C:\Users\UTPL\Desktop\Examen\main.scala. Using presentation compiler with project's scala-library version: 3.3.6
2025.11.14 15:26:50 INFO  no build target found for C:\Users\UTPL\Desktop\Examen\main.scala. Using presentation compiler with project's scala-library version: 3.3.6
2025.11.14 15:26:49 INFO  BSP server: Downloaded https://repo.scala-lang.org/artifactory/maven-nightlies/com/typesafe/ssl-config-core_2.12/0.6.1/ssl-config-core_2.12-0.6.1.jar
2025.11.14 15:26:49 INFO  BSP server: Downloading https://repo.scala-lang.org/artifactory/maven-nightlies/com/outr/moduload_2.12/1.1.5/moduload_2.12-1.1.5.jar
2025.11.14 15:26:50 INFO  BSP server: Downloaded https://repo.scala-lang.org/artifactory/maven-nightlies/org/scala-sbt/compiler-interface/1.10.8/compiler-interface-1.10.8.jar
2025.11.14 15:26:50 INFO  BSP server: Downloading https://repo.scala-lang.org/artifactory/maven-nightlies/io/monix/monix-reactive_2.12/3.2.0/monix-reactive_2.12-3.2.0.jar
2025.11.14 15:26:50 INFO  no build target found for C:\Users\UTPL\Desktop\Examen\main.scala. Using presentation compiler with project's scala-library version: 3.3.6
2025.11.14 15:26:50 INFO  BSP server: Downloaded https://repo.scala-lang.org/artifactory/maven-nightlies/org/scalameta/common_2.12/4.13.8/common_2.12-4.13.8.jar
2025.11.14 15:26:50 INFO  BSP server: Downloading https://repo.scala-lang.org/artifactory/maven-nightlies/org/typelevel/cats-kernel_2.12/2.1.1/cats-kernel_2.12-2.1.1.jar
2025.11.14 15:26:50 INFO  BSP server: Downloaded https://repo.scala-lang.org/artifactory/maven-nightlies/com/outr/moduload_2.12/1.1.5/moduload_2.12-1.1.5.jar
2025.11.14 15:26:50 INFO  BSP server: Downloading https://repo.scala-lang.org/artifactory/maven-nightlies/org/scalameta/io_2.12/4.13.8/io_2.12-4.13.8.jar
2025.11.14 15:26:50 INFO  BSP server: Downloaded https://repo.scala-lang.org/artifactory/maven-nightlies/org/scalameta/io_2.12/4.13.8/io_2.12-4.13.8.jar
2025.11.14 15:26:50 INFO  BSP server: Downloading https://repo.scala-lang.org/artifactory/maven-nightlies/io/github/alexarchambault/bleep/jsonrpc4s_2.12/0.1.1/jsonrpc4s_2.12-0.1.1.jar
2025.11.14 15:26:51 INFO  no build target found for C:\Users\UTPL\Desktop\Examen\main.scala. Using presentation compiler with project's scala-library version: 3.3.6
2025.11.14 15:26:52 INFO  BSP server: Downloaded https://repo.scala-lang.org/artifactory/maven-nightlies/org/scala-sbt/compiler-bridge_2.12/1.10.8/compiler-bridge_2.12-1.10.8.jar
2025.11.14 15:26:52 INFO  BSP server: Downloading https://repo.scala-lang.org/artifactory/maven-nightlies/com/lihaoyi/fansi_2.12/0.5.0/fansi_2.12-0.5.0.jar
2025.11.14 15:26:51 INFO  no build target found for C:\Users\UTPL\Desktop\Examen\main.scala. Using presentation compiler with project's scala-library version: 3.3.6
2025.11.14 15:26:51 INFO  no build target found for C:\Users\UTPL\Desktop\Examen\main.scala. Using presentation compiler with project's scala-library version: 3.3.6
2025.11.14 15:26:51 INFO  no build target found for C:\Users\UTPL\Desktop\Examen\main.scala. Using presentation compiler with project's scala-library version: 3.3.6
2025.11.14 15:26:52 INFO  BSP server: Downloaded https://repo.scala-lang.org/artifactory/maven-nightlies/io/monix/monix-reactive_2.12/3.2.0/monix-reactive_2.12-3.2.0.jar
2025.11.14 15:26:52 INFO  BSP server: Downloading https://repo.scala-lang.org/artifactory/maven-nightlies/ch/epfl/scala/scala-debug-adapter_2.12/4.2.8/scala-debug-adapter_2.12-4.2.8.jar
2025.11.14 15:26:52 INFO  no build target found for C:\Users\UTPL\Desktop\Examen\main.scala. Using presentation compiler with project's scala-library version: 3.3.6
2025.11.14 15:26:52 INFO  BSP server: Downloaded https://repo.scala-lang.org/artifactory/maven-nightlies/com/lihaoyi/fansi_2.12/0.5.0/fansi_2.12-0.5.0.jar
2025.11.14 15:26:52 INFO  BSP server: Downloading https://repo.scala-lang.org/artifactory/maven-nightlies/io/monix/monix-eval_2.12/3.2.0/monix-eval_2.12-3.2.0.jar
2025.11.14 15:26:52 INFO  BSP server: Downloaded https://repo.scala-lang.org/artifactory/maven-nightlies/io/github/alexarchambault/bleep/jsonrpc4s_2.12/0.1.1/jsonrpc4s_2.12-0.1.1.jar
2025.11.14 15:26:52 INFO  BSP server: Downloading https://repo.scala-lang.org/artifactory/maven-nightlies/ch/qos/logback/logback-classic/1.5.18/logback-classic-1.5.18.jar
2025.11.14 15:26:52 INFO  BSP server: Downloaded https://repo.scala-lang.org/artifactory/maven-nightlies/org/scala-lang/scala-reflect/2.12.20/scala-reflect-2.12.20.jar
2025.11.14 15:26:52 INFO  BSP server: Downloading https://repo.scala-lang.org/artifactory/maven-nightlies/com/chuusai/shapeless_2.12/2.3.3/shapeless_2.12-2.3.3.jar
2025.11.14 15:26:53 INFO  no build target found for C:\Users\UTPL\Desktop\Examen\main.scala. Using presentation compiler with project's scala-library version: 3.3.6
2025.11.14 15:26:53 INFO  no build target found for C:\Users\UTPL\Desktop\Examen\main.scala. Using presentation compiler with project's scala-library version: 3.3.6
2025.11.14 15:26:53 INFO  no build target found for C:\Users\UTPL\Desktop\Examen\main.scala. Using presentation compiler with project's scala-library version: 3.3.6
2025.11.14 15:26:53 INFO  no build target found for C:\Users\UTPL\Desktop\Examen\main.scala. Using presentation compiler with project's scala-library version: 3.3.6
2025.11.14 15:26:53 INFO  no build target found for C:\Users\UTPL\Desktop\Examen\main.scala. Using presentation compiler with project's scala-library version: 3.3.6
2025.11.14 15:26:53 INFO  no build target found for C:\Users\UTPL\Desktop\Examen\main.scala. Using presentation compiler with project's scala-library version: 3.3.6
2025.11.14 15:26:54 INFO  BSP server: Downloaded https://repo.scala-lang.org/artifactory/maven-nightlies/ch/epfl/scala/scala-debug-adapter_2.12/4.2.8/scala-debug-adapter_2.12-4.2.8.jar
2025.11.14 15:26:54 INFO  BSP server: Downloading https://repo.scala-lang.org/artifactory/maven-nightlies/com/github/alexarchambault/case-app_2.12/2.0.6/case-app_2.12-2.0.6.jar
2025.11.14 15:26:54 INFO  no build target found for C:\Users\UTPL\Desktop\Examen\main.scala. Using presentation compiler with project's scala-library version: 3.3.6
2025.11.14 15:26:54 INFO  no build target found for C:\Users\UTPL\Desktop\Examen\main.scala. Using presentation compiler with project's scala-library version: 3.3.6
2025.11.14 15:26:54 INFO  no build target found for C:\Users\UTPL\Desktop\Examen\main.scala. Using presentation compiler with project's scala-library version: 3.3.6
2025.11.14 15:26:54 INFO  BSP server: Downloaded https://repo.scala-lang.org/artifactory/maven-nightlies/com/github/alexarchambault/case-app_2.12/2.0.6/case-app_2.12-2.0.6.jar
2025.11.14 15:26:54 INFO  BSP server: Downloading https://repo.scala-lang.org/artifactory/maven-nightlies/org/scala-lang/modules/scala-collection-compat_2.12/2.13.0/scala-collection-compat_2.12-2.13.0.jar
2025.11.14 15:26:54 INFO  BSP server: Downloaded https://repo.scala-lang.org/artifactory/maven-nightlies/io/monix/monix-eval_2.12/3.2.0/monix-eval_2.12-3.2.0.jar
2025.11.14 15:26:54 INFO  BSP server: Downloading https://repo.scala-lang.org/artifactory/maven-nightlies/org/scala-sbt/ivy/ivy/2.3.0-sbt-77cc781d727b367d3761f097d89f5a4762771d41/ivy-2.3.0-sbt-77cc781d727b367d3761f097d89f5a4762771d41.jar
2025.11.14 15:26:54 INFO  BSP server: Downloaded https://repo.scala-lang.org/artifactory/maven-nightlies/ch/qos/logback/logback-classic/1.5.18/logback-classic-1.5.18.jar
2025.11.14 15:26:54 INFO  BSP server: Downloading https://repo.scala-lang.org/artifactory/maven-nightlies/org/scala-sbt/zinc-persist-core-assembly/1.10.8/zinc-persist-core-assembly-1.10.8.jar
2025.11.14 15:26:54 INFO  no build target found for C:\Users\UTPL\Desktop\Examen\main.scala. Using presentation compiler with project's scala-library version: 3.3.6
2025.11.14 15:26:55 INFO  no build target found for C:\Users\UTPL\Desktop\Examen\main.scala. Using presentation compiler with project's scala-library version: 3.3.6
2025.11.14 15:26:56 INFO  no build target found for C:\Users\UTPL\Desktop\Examen\main.scala. Using presentation compiler with project's scala-library version: 3.3.6
2025.11.14 15:26:56 INFO  BSP server: Downloaded https://repo.scala-lang.org/artifactory/maven-nightlies/org/scala-lang/modules/scala-collection-compat_2.12/2.13.0/scala-collection-compat_2.12-2.13.0.jar
2025.11.14 15:26:56 INFO  BSP server: Downloading https://repo.scala-lang.org/artifactory/maven-nightlies/com/eed3si9n/sjson-new-scalajson_2.12/0.10.1/sjson-new-scalajson_2.12-0.10.1.jar
2025.11.14 15:26:56 INFO  no build target found for C:\Users\UTPL\Desktop\Examen\main.scala. Using presentation compiler with project's scala-library version: 3.3.6
2025.11.14 15:26:56 INFO  BSP server: Downloaded https://repo.scala-lang.org/artifactory/maven-nightlies/com/eed3si9n/sjson-new-scalajson_2.12/0.10.1/sjson-new-scalajson_2.12-0.10.1.jar
2025.11.14 15:26:56 INFO  BSP server: Downloading https://repo.scala-lang.org/artifactory/maven-nightlies/org/scala-sbt/zinc_2.12/1.10.8/zinc_2.12-1.10.8.jar
2025.11.14 15:26:56 INFO  BSP server: Downloaded https://repo.scala-lang.org/artifactory/maven-nightlies/org/scala-sbt/zinc_2.12/1.10.8/zinc_2.12-1.10.8.jar
2025.11.14 15:26:56 INFO  BSP server: Downloading https://repo.scala-lang.org/artifactory/maven-nightlies/org/typelevel/macro-compat_2.12/1.1.1/macro-compat_2.12-1.1.1.jar
2025.11.14 15:26:56 INFO  BSP server: Downloaded https://repo.scala-lang.org/artifactory/maven-nightlies/org/scala-sbt/ivy/ivy/2.3.0-sbt-77cc781d727b367d3761f097d89f5a4762771d41/ivy-2.3.0-sbt-77cc781d727b367d3761f097d89f5a4762771d41.jar
2025.11.14 15:26:56 INFO  BSP server: Downloading https://repo.scala-lang.org/artifactory/maven-nightlies/com/eed3si9n/gigahorse-apache-http_2.12/0.9.3/gigahorse-apache-http_2.12-0.9.3.jar
2025.11.14 15:26:57 INFO  no build target found for C:\Users\UTPL\Desktop\Examen\main.scala. Using presentation compiler with project's scala-library version: 3.3.6
2025.11.14 15:26:57 INFO  no build target found for C:\Users\UTPL\Desktop\Examen\main.scala. Using presentation compiler with project's scala-library version: 3.3.6
2025.11.14 15:26:57 INFO  no build target found for C:\Users\UTPL\Desktop\Examen\main.scala. Using presentation compiler with project's scala-library version: 3.3.6
2025.11.14 15:26:57 INFO  no build target found for C:\Users\UTPL\Desktop\Examen\main.scala. Using presentation compiler with project's scala-library version: 3.3.6
2025.11.14 15:26:57 INFO  BSP server: Downloaded https://repo.scala-lang.org/artifactory/maven-nightlies/com/eed3si9n/gigahorse-apache-http_2.12/0.9.3/gigahorse-apache-http_2.12-0.9.3.jar
2025.11.14 15:26:57 INFO  BSP server: Downloading https://repo.scala-lang.org/artifactory/maven-nightlies/ch/epfl/scala/bloop-frontend_2.12/2.0.13/bloop-frontend_2.12-2.0.13.jar
2025.11.14 15:26:57 INFO  BSP server: Downloaded https://repo.scala-lang.org/artifactory/maven-nightlies/org/typelevel/cats-kernel_2.12/2.1.1/cats-kernel_2.12-2.1.1.jar
2025.11.14 15:26:57 INFO  BSP server: Downloading https://repo.scala-lang.org/artifactory/maven-nightlies/io/get-coursier/util/directories/0.1.2/directories-0.1.2.jar
2025.11.14 15:26:57 INFO  BSP server: Downloaded https://repo.scala-lang.org/artifactory/maven-nightlies/io/get-coursier/util/directories/0.1.2/directories-0.1.2.jar
2025.11.14 15:26:57 INFO  BSP server: Downloading https://repo.scala-lang.org/artifactory/maven-nightlies/com/eed3si9n/sjson-new-murmurhash_2.12/0.10.1/sjson-new-murmurhash_2.12-0.10.1.jar
2025.11.14 15:26:57 INFO  BSP server: Downloaded https://repo.scala-lang.org/artifactory/maven-nightlies/org/typelevel/macro-compat_2.12/1.1.1/macro-compat_2.12-1.1.1.jar
2025.11.14 15:26:57 INFO  BSP server: Downloading https://repo.scala-lang.org/artifactory/maven-nightlies/com/eed3si9n/shaded-scalajson_2.12/1.0.0-M4/shaded-scalajson_2.12-1.0.0-M4.jar
2025.11.14 15:26:57 INFO  BSP server: Downloaded https://repo.scala-lang.org/artifactory/maven-nightlies/com/eed3si9n/sjson-new-murmurhash_2.12/0.10.1/sjson-new-murmurhash_2.12-0.10.1.jar
2025.11.14 15:26:57 INFO  BSP server: Downloading https://repo.scala-lang.org/artifactory/maven-nightlies/io/get-coursier/util/directories-jni/0.1.2/directories-jni-0.1.2.jar
2025.11.14 15:26:58 INFO  BSP server: Downloaded https://repo.scala-lang.org/artifactory/maven-nightlies/io/get-coursier/util/directories-jni/0.1.2/directories-jni-0.1.2.jar
2025.11.14 15:26:58 INFO  BSP server: Downloading https://repo.scala-lang.org/artifactory/maven-nightlies/io/monix/monix-catnap_2.12/3.2.0/monix-catnap_2.12-3.2.0.jar
2025.11.14 15:26:58 INFO  BSP server: Downloaded https://repo.scala-lang.org/artifactory/maven-nightlies/com/eed3si9n/shaded-scalajson_2.12/1.0.0-M4/shaded-scalajson_2.12-1.0.0-M4.jar
2025.11.14 15:26:58 INFO  BSP server: Downloading https://repo.scala-lang.org/artifactory/maven-nightlies/ch/epfl/scala/libdaemon_2.12/0.0.12/libdaemon_2.12-0.0.12.jar
2025.11.14 15:26:58 INFO  BSP server: Downloaded https://repo.scala-lang.org/artifactory/maven-nightlies/ch/epfl/scala/libdaemon_2.12/0.0.12/libdaemon_2.12-0.0.12.jar
2025.11.14 15:26:58 INFO  BSP server: Downloading https://repo.scala-lang.org/artifactory/maven-nightlies/org/scala-sbt/librarymanagement-core_2.12/1.11.2/librarymanagement-core_2.12-1.11.2.jar
2025.11.14 15:26:58 INFO  BSP server: Downloaded https://repo.scala-lang.org/artifactory/maven-nightlies/io/monix/monix-catnap_2.12/3.2.0/monix-catnap_2.12-3.2.0.jar
2025.11.14 15:26:58 INFO  BSP server: Downloading https://repo.scala-lang.org/artifactory/maven-nightlies/io/monix/implicitbox_2.12/0.2.0/implicitbox_2.12-0.2.0.jar
2025.11.14 15:26:59 INFO  BSP server: Downloaded https://repo.scala-lang.org/artifactory/maven-nightlies/io/monix/implicitbox_2.12/0.2.0/implicitbox_2.12-0.2.0.jar
2025.11.14 15:26:59 INFO  BSP server: Downloading https://repo.scala-lang.org/artifactory/maven-nightlies/ch/qos/logback/logback-core/1.5.18/logback-core-1.5.18.jar
2025.11.14 15:27:01 INFO  BSP server: Downloaded https://repo.scala-lang.org/artifactory/maven-nightlies/ch/qos/logback/logback-core/1.5.18/logback-core-1.5.18.jar
2025.11.14 15:27:01 INFO  BSP server: Downloading https://repo.scala-lang.org/artifactory/maven-nightlies/io/zipkin/brave/brave/5.18.1/brave-5.18.1.jar
2025.11.14 15:27:01 INFO  no build target found for C:\Users\UTPL\Desktop\Examen\main.scala. Using presentation compiler with project's scala-library version: 3.3.6
2025.11.14 15:27:01 INFO  no build target found for C:\Users\UTPL\Desktop\Examen\main.scala. Using presentation compiler with project's scala-library version: 3.3.6
nov 14, 2025 3:27:01 P.M. org.eclipse.lsp4j.jsonrpc.RemoteEndpoint handleCancellation
WARNING: Unmatched cancel notification for request id 209
2025.11.14 15:27:02 INFO  BSP server: Downloaded https://repo.scala-lang.org/artifactory/maven-nightlies/io/zipkin/brave/brave/5.18.1/brave-5.18.1.jar
2025.11.14 15:27:02 INFO  BSP server: Downloading https://repo.scala-lang.org/artifactory/maven-nightlies/com/lihaoyi/pprint_2.12/0.9.0/pprint_2.12-0.9.0.jar
2025.11.14 15:27:02 INFO  BSP server: Downloaded https://repo.scala-lang.org/artifactory/maven-nightlies/ch/epfl/scala/bloop-frontend_2.12/2.0.13/bloop-frontend_2.12-2.0.13.jar
2025.11.14 15:27:02 INFO  BSP server: Downloading https://repo.scala-lang.org/artifactory/maven-nightlies/org/scala-lang/modules/scala-parser-combinators_2.12/1.1.2/scala-parser-combinators_2.12-1.1.2.jar
2025.11.14 15:27:02 INFO  BSP server: Downloaded https://repo.scala-lang.org/artifactory/maven-nightlies/org/scala-sbt/librarymanagement-core_2.12/1.11.2/librarymanagement-core_2.12-1.11.2.jar
2025.11.14 15:27:02 INFO  BSP server: Downloading https://repo.scala-lang.org/artifactory/maven-nightlies/org/scala-sbt/zinc-persist_2.12/1.10.8/zinc-persist_2.12-1.10.8.jar
2025.11.14 15:27:02 INFO  BSP server: Downloaded https://repo.scala-lang.org/artifactory/maven-nightlies/com/lihaoyi/pprint_2.12/0.9.0/pprint_2.12-0.9.0.jar
2025.11.14 15:27:02 INFO  BSP server: Downloading https://repo.scala-lang.org/artifactory/maven-nightlies/com/eed3si9n/shaded-jawn-parser_2.12/1.3.2/shaded-jawn-parser_2.12-1.3.2.jar
2025.11.14 15:27:02 INFO  BSP server: Downloaded https://repo.scala-lang.org/artifactory/maven-nightlies/com/eed3si9n/shaded-jawn-parser_2.12/1.3.2/shaded-jawn-parser_2.12-1.3.2.jar
2025.11.14 15:27:02 INFO  BSP server: Downloading https://repo.scala-lang.org/artifactory/maven-nightlies/io/zipkin/reporter2/zipkin-reporter-brave/2.17.2/zipkin-reporter-brave-2.17.2.jar
2025.11.14 15:27:03 INFO  BSP server: Downloaded https://repo.scala-lang.org/artifactory/maven-nightlies/org/scala-sbt/zinc-persist_2.12/1.10.8/zinc-persist_2.12-1.10.8.jar
2025.11.14 15:27:03 INFO  BSP server: Downloading https://repo.scala-lang.org/artifactory/maven-nightlies/org/scala-lang/scala-compiler/2.12.20/scala-compiler-2.12.20.jar
2025.11.14 15:27:03 INFO  BSP server: Downloaded https://repo.scala-lang.org/artifactory/maven-nightlies/org/scala-lang/modules/scala-parser-combinators_2.12/1.1.2/scala-parser-combinators_2.12-1.1.2.jar
2025.11.14 15:27:03 INFO  BSP server: Downloading https://repo.scala-lang.org/artifactory/maven-nightlies/org/scala-sbt/util-relation_2.12/1.10.7/util-relation_2.12-1.10.7.jar
2025.11.14 15:27:03 INFO  BSP server: Downloaded https://repo.scala-lang.org/artifactory/maven-nightlies/io/zipkin/reporter2/zipkin-reporter-brave/2.17.2/zipkin-reporter-brave-2.17.2.jar
2025.11.14 15:27:03 INFO  BSP server: Downloading https://repo.scala-lang.org/artifactory/maven-nightlies/net/java/dev/jna/jna-platform/4.4.0/jna-platform-4.4.0.jar
2025.11.14 15:27:03 INFO  BSP server: Downloaded https://repo.scala-lang.org/artifactory/maven-nightlies/com/chuusai/shapeless_2.12/2.3.3/shapeless_2.12-2.3.3.jar
2025.11.14 15:27:03 INFO  BSP server: Downloading https://repo.scala-lang.org/artifactory/maven-nightlies/org/scala-sbt/zinc-classfile_2.12/1.10.8/zinc-classfile_2.12-1.10.8.jar
2025.11.14 15:27:03 INFO  BSP server: Downloaded https://repo.scala-lang.org/artifactory/maven-nightlies/org/scala-sbt/util-relation_2.12/1.10.7/util-relation_2.12-1.10.7.jar
2025.11.14 15:27:03 INFO  BSP server: Downloading https://repo.scala-lang.org/artifactory/maven-nightlies/org/scala-sbt/collections_2.12/1.11.0/collections_2.12-1.11.0.jar
2025.11.14 15:27:04 INFO  BSP server: Downloaded https://repo.scala-lang.org/artifactory/maven-nightlies/org/scala-sbt/zinc-classfile_2.12/1.10.8/zinc-classfile_2.12-1.10.8.jar
2025.11.14 15:27:04 INFO  BSP server: Downloading https://repo.scala-lang.org/artifactory/maven-nightlies/org/scala-lang/modules/scala-xml_2.12/2.3.0/scala-xml_2.12-2.3.0.jar
2025.11.14 15:27:04 INFO  BSP server: Downloaded https://repo.scala-lang.org/artifactory/maven-nightlies/org/scala-sbt/collections_2.12/1.11.0/collections_2.12-1.11.0.jar
2025.11.14 15:27:04 INFO  BSP server: Downloading https://repo.scala-lang.org/artifactory/maven-nightlies/org/typelevel/cats-macros_2.12/2.1.1/cats-macros_2.12-2.1.1.jar
2025.11.14 15:27:05 INFO  BSP server: Downloaded https://repo.scala-lang.org/artifactory/maven-nightlies/org/typelevel/cats-macros_2.12/2.1.1/cats-macros_2.12-2.1.1.jar
2025.11.14 15:27:05 INFO  BSP server: Downloading https://repo.scala-lang.org/artifactory/maven-nightlies/org/scala-sbt/jline/jline/2.14.7-sbt-9a88bc413e2b34a4580c001c654d1a7f4f65bf18/jline-2.14.7-sbt-9a88bc413e2b34a4580c001c654d1a7f4f65bf18.jar
2025.11.14 15:27:05 INFO  BSP server: Downloaded https://repo.scala-lang.org/artifactory/maven-nightlies/net/java/dev/jna/jna-platform/4.4.0/jna-platform-4.4.0.jar
2025.11.14 15:27:05 INFO  BSP server: Downloading https://repo.scala-lang.org/artifactory/maven-nightlies/org/scala-sbt/zinc-core_2.12/1.10.8/zinc-core_2.12-1.10.8.jar.sha1
2025.11.14 15:27:05 INFO  BSP server: Downloaded https://repo.scala-lang.org/artifactory/maven-nightlies/org/scala-sbt/zinc-core_2.12/1.10.8/zinc-core_2.12-1.10.8.jar.sha1
2025.11.14 15:27:05 INFO  BSP server: Downloading https://repo.scala-lang.org/artifactory/maven-nightlies/org/typelevel/cats-effect_2.12/2.1.3/cats-effect_2.12-2.1.3.jar.sha1
2025.11.14 15:27:05 INFO  BSP server: Downloaded https://repo.scala-lang.org/artifactory/maven-nightlies/org/scala-sbt/jline/jline/2.14.7-sbt-9a88bc413e2b34a4580c001c654d1a7f4f65bf18/jline-2.14.7-sbt-9a88bc413e2b34a4580c001c654d1a7f4f65bf18.jar
2025.11.14 15:27:05 INFO  BSP server: Downloading https://repo.scala-lang.org/artifactory/maven-nightlies/org/scala-sbt/sbinary_2.12/0.5.1/sbinary_2.12-0.5.1.jar.sha1
2025.11.14 15:27:05 INFO  BSP server: Downloaded https://repo.scala-lang.org/artifactory/maven-nightlies/org/scala-lang/modules/scala-xml_2.12/2.3.0/scala-xml_2.12-2.3.0.jar
2025.11.14 15:27:05 INFO  BSP server: Downloading https://repo.scala-lang.org/artifactory/maven-nightlies/org/scala-lang/scala-library/2.12.20/scala-library-2.12.20.jar.sha1
2025.11.14 15:27:06 INFO  BSP server: Downloaded https://repo.scala-lang.org/artifactory/maven-nightlies/org/typelevel/cats-effect_2.12/2.1.3/cats-effect_2.12-2.1.3.jar.sha1
2025.11.14 15:27:06 INFO  BSP server: Downloading https://repo.scala-lang.org/artifactory/maven-nightlies/com/eed3si9n/shaded-apache-httpclient5/0.9.3/shaded-apache-httpclient5-0.9.3.jar.sha1
2025.11.14 15:27:06 INFO  BSP server: Downloaded https://repo.scala-lang.org/artifactory/maven-nightlies/org/scala-lang/scala-library/2.12.20/scala-library-2.12.20.jar.sha1
2025.11.14 15:27:06 INFO  BSP server: Downloading https://repo.scala-lang.org/artifactory/maven-nightlies/ch/epfl/scala/bsp4s_2.12/2.1.1/bsp4s_2.12-2.1.1.jar.sha1
2025.11.14 15:27:06 INFO  BSP server: Downloaded https://repo.scala-lang.org/artifactory/maven-nightlies/org/scala-sbt/sbinary_2.12/0.5.1/sbinary_2.12-0.5.1.jar.sha1
2025.11.14 15:27:06 INFO  BSP server: Downloading https://repo.scala-lang.org/artifactory/maven-nightlies/net/openhft/zero-allocation-hashing/0.16/zero-allocation-hashing-0.16.jar.sha1
2025.11.14 15:27:06 INFO  BSP server: Downloaded https://repo.scala-lang.org/artifactory/maven-nightlies/com/eed3si9n/shaded-apache-httpclient5/0.9.3/shaded-apache-httpclient5-0.9.3.jar.sha1
2025.11.14 15:27:06 INFO  BSP server: Downloading https://repo.scala-lang.org/artifactory/maven-nightlies/org/scala-sbt/util-cache_2.12/1.11.0/util-cache_2.12-1.11.0.jar.sha1
2025.11.14 15:27:06 INFO  BSP server: Downloaded https://repo.scala-lang.org/artifactory/maven-nightlies/ch/epfl/scala/bsp4s_2.12/2.1.1/bsp4s_2.12-2.1.1.jar.sha1
2025.11.14 15:27:06 INFO  BSP server: Downloading https://repo.scala-lang.org/artifactory/maven-nightlies/com/github/plokhotnyuk/jsoniter-scala/jsoniter-scala-macros_2.12/2.13.3.2/jsoniter-scala-macros_2.12-2.13.3.2.jar.sha1
2025.11.14 15:27:06 INFO  BSP server: Downloaded https://repo.scala-lang.org/artifactory/maven-nightlies/net/openhft/zero-allocation-hashing/0.16/zero-allocation-hashing-0.16.jar.sha1
2025.11.14 15:27:06 INFO  BSP server: Downloading https://repo.scala-lang.org/artifactory/maven-nightlies/org/apache/logging/log4j/log4j-core/2.23.0/log4j-core-2.23.0.jar.sha1
2025.11.14 15:27:06 INFO  BSP server: Downloaded https://repo.scala-lang.org/artifactory/maven-nightlies/org/scala-sbt/zinc-persist-core-assembly/1.10.8/zinc-persist-core-assembly-1.10.8.jar
2025.11.14 15:27:06 INFO  BSP server: Downloading https://repo.scala-lang.org/artifactory/maven-nightlies/org/scala-sbt/zinc-compile-core_2.12/1.10.8/zinc-compile-core_2.12-1.10.8.jar.sha1
2025.11.14 15:27:06 INFO  BSP server: Downloaded https://repo.scala-lang.org/artifactory/maven-nightlies/org/scala-sbt/util-cache_2.12/1.11.0/util-cache_2.12-1.11.0.jar.sha1
2025.11.14 15:27:06 INFO  BSP server: Downloading https://repo.scala-lang.org/artifactory/maven-nightlies/org/apache/logging/log4j/log4j-api/2.23.0/log4j-api-2.23.0.jar.sha1
2025.11.14 15:27:06 INFO  BSP server: Downloaded https://repo.scala-lang.org/artifactory/maven-nightlies/com/github/plokhotnyuk/jsoniter-scala/jsoniter-scala-macros_2.12/2.13.3.2/jsoniter-scala-macros_2.12-2.13.3.2.jar.sha1
2025.11.14 15:27:06 INFO  BSP server: Downloading https://repo.scala-lang.org/artifactory/maven-nightlies/org/scala-sbt/librarymanagement-ivy_2.12/1.11.2/librarymanagement-ivy_2.12-1.11.2.jar.sha1
2025.11.14 15:27:06 INFO  BSP server: Downloaded https://repo.scala-lang.org/artifactory/maven-nightlies/org/apache/logging/log4j/log4j-core/2.23.0/log4j-core-2.23.0.jar.sha1
2025.11.14 15:27:06 INFO  BSP server: Downloading https://repo.scala-lang.org/artifactory/maven-nightlies/org/scala-sbt/util-logging_2.12/1.11.0/util-logging_2.12-1.11.0.jar.sha1
2025.11.14 15:27:06 INFO  BSP server: Downloaded https://repo.scala-lang.org/artifactory/maven-nightlies/org/scala-sbt/zinc-compile-core_2.12/1.10.8/zinc-compile-core_2.12-1.10.8.jar.sha1
2025.11.14 15:27:06 INFO  BSP server: Downloading https://repo.scala-lang.org/artifactory/maven-nightlies/org/scalameta/parsers_2.12/4.13.8/parsers_2.12-4.13.8.jar.sha1
2025.11.14 15:27:07 INFO  BSP server: Downloaded https://repo.scala-lang.org/artifactory/maven-nightlies/org/apache/logging/log4j/log4j-api/2.23.0/log4j-api-2.23.0.jar.sha1
2025.11.14 15:27:07 INFO  BSP server: Downloading https://repo.scala-lang.org/artifactory/maven-nightlies/org/scalaz/scalaz-core_2.12/7.3.8/scalaz-core_2.12-7.3.8.jar.sha1
2025.11.14 15:27:07 INFO  BSP server: Downloaded https://repo.scala-lang.org/artifactory/maven-nightlies/org/scala-sbt/util-logging_2.12/1.11.0/util-logging_2.12-1.11.0.jar.sha1
2025.11.14 15:27:07 INFO  BSP server: Downloading https://repo.scala-lang.org/artifactory/maven-nightlies/org/jctools/jctools-core/2.1.2/jctools-core-2.1.2.jar.sha1
2025.11.14 15:27:07 INFO  BSP server: Downloaded https://repo.scala-lang.org/artifactory/maven-nightlies/org/scala-sbt/librarymanagement-ivy_2.12/1.11.2/librarymanagement-ivy_2.12-1.11.2.jar.sha1
2025.11.14 15:27:07 INFO  BSP server: Downloading https://repo.scala-lang.org/artifactory/maven-nightlies/com/github/mwiede/jsch/0.2.23/jsch-0.2.23.jar.sha1
2025.11.14 15:27:07 INFO  BSP server: Downloaded https://repo.scala-lang.org/artifactory/maven-nightlies/org/scalameta/parsers_2.12/4.13.8/parsers_2.12-4.13.8.jar.sha1
2025.11.14 15:27:07 INFO  BSP server: Downloading https://repo.scala-lang.org/artifactory/maven-nightlies/ch/epfl/scala/bloop-config_2.12/2.3.2/bloop-config_2.12-2.3.2.jar.sha1
2025.11.14 15:27:07 INFO  BSP server: Downloaded https://repo.scala-lang.org/artifactory/maven-nightlies/org/scalaz/scalaz-core_2.12/7.3.8/scalaz-core_2.12-7.3.8.jar.sha1
2025.11.14 15:27:07 INFO  BSP server: Downloading https://repo.scala-lang.org/artifactory/maven-nightlies/org/typelevel/cats-core_2.12/2.1.1/cats-core_2.12-2.1.1.jar.sha1
2025.11.14 15:27:07 INFO  BSP server: Downloaded https://repo.scala-lang.org/artifactory/maven-nightlies/org/jctools/jctools-core/2.1.2/jctools-core-2.1.2.jar.sha1
2025.11.14 15:27:07 INFO  BSP server: Downloading https://repo.scala-lang.org/artifactory/maven-nightlies/com/github/plokhotnyuk/jsoniter-scala/jsoniter-scala-core_2.12/2.13.5.2/jsoniter-scala-core_2.12-2.13.5.2.jar.sha1
2025.11.14 15:27:07 INFO  BSP server: Downloaded https://repo.scala-lang.org/artifactory/maven-nightlies/com/github/mwiede/jsch/0.2.23/jsch-0.2.23.jar.sha1
2025.11.14 15:27:07 INFO  BSP server: Downloading https://repo.scala-lang.org/artifactory/maven-nightlies/com/typesafe/ssl-config-core_2.12/0.6.1/ssl-config-core_2.12-0.6.1.jar.sha1
2025.11.14 15:27:07 INFO  BSP server: Downloaded https://repo.scala-lang.org/artifactory/maven-nightlies/ch/epfl/scala/bloop-config_2.12/2.3.2/bloop-config_2.12-2.3.2.jar.sha1
2025.11.14 15:27:07 INFO  BSP server: Downloading https://repo.scala-lang.org/artifactory/maven-nightlies/org/scala-sbt/compiler-interface/1.10.8/compiler-interface-1.10.8.jar.sha1
2025.11.14 15:27:07 INFO  BSP server: Downloaded https://repo.scala-lang.org/artifactory/maven-nightlies/org/typelevel/cats-core_2.12/2.1.1/cats-core_2.12-2.1.1.jar.sha1
2025.11.14 15:27:07 INFO  BSP server: Downloading https://repo.scala-lang.org/artifactory/maven-nightlies/org/scalameta/common_2.12/4.13.8/common_2.12-4.13.8.jar.sha1
2025.11.14 15:27:07 INFO  BSP server: Downloaded https://repo.scala-lang.org/artifactory/maven-nightlies/com/github/plokhotnyuk/jsoniter-scala/jsoniter-scala-core_2.12/2.13.5.2/jsoniter-scala-core_2.12-2.13.5.2.jar.sha1
2025.11.14 15:27:07 INFO  BSP server: Downloading https://repo.scala-lang.org/artifactory/maven-nightlies/com/outr/moduload_2.12/1.1.5/moduload_2.12-1.1.5.jar.sha1
2025.11.14 15:27:07 INFO  BSP server: Downloaded https://repo.scala-lang.org/artifactory/maven-nightlies/com/typesafe/ssl-config-core_2.12/0.6.1/ssl-config-core_2.12-0.6.1.jar.sha1
2025.11.14 15:27:07 INFO  BSP server: Downloading https://repo.scala-lang.org/artifactory/maven-nightlies/org/scalameta/io_2.12/4.13.8/io_2.12-4.13.8.jar.sha1
2025.11.14 15:27:07 INFO  BSP server: Downloaded https://repo.scala-lang.org/artifactory/maven-nightlies/org/scalameta/common_2.12/4.13.8/common_2.12-4.13.8.jar.sha1
2025.11.14 15:27:07 INFO  BSP server: Downloading https://repo.scala-lang.org/artifactory/maven-nightlies/org/scala-sbt/compiler-bridge_2.12/1.10.8/compiler-bridge_2.12-1.10.8.jar.sha1
2025.11.14 15:27:08 INFO  BSP server: Downloaded https://repo.scala-lang.org/artifactory/maven-nightlies/org/scala-sbt/compiler-interface/1.10.8/compiler-interface-1.10.8.jar.sha1
2025.11.14 15:27:08 INFO  BSP server: Downloading https://repo.scala-lang.org/artifactory/maven-nightlies/io/monix/monix-reactive_2.12/3.2.0/monix-reactive_2.12-3.2.0.jar.sha1
2025.11.14 15:27:08 INFO  BSP server: Downloaded https://repo.scala-lang.org/artifactory/maven-nightlies/com/outr/moduload_2.12/1.1.5/moduload_2.12-1.1.5.jar.sha1
2025.11.14 15:27:08 INFO  BSP server: Downloading https://repo.scala-lang.org/artifactory/maven-nightlies/com/lihaoyi/fansi_2.12/0.5.0/fansi_2.12-0.5.0.jar.sha1
2025.11.14 15:27:08 INFO  BSP server: Downloaded https://repo.scala-lang.org/artifactory/maven-nightlies/org/scalameta/io_2.12/4.13.8/io_2.12-4.13.8.jar.sha1
2025.11.14 15:27:08 INFO  BSP server: Downloading https://repo.scala-lang.org/artifactory/maven-nightlies/io/github/alexarchambault/bleep/jsonrpc4s_2.12/0.1.1/jsonrpc4s_2.12-0.1.1.jar.sha1
2025.11.14 15:27:08 INFO  BSP server: Downloaded https://repo.scala-lang.org/artifactory/maven-nightlies/org/scala-sbt/compiler-bridge_2.12/1.10.8/compiler-bridge_2.12-1.10.8.jar.sha1
2025.11.14 15:27:08 INFO  BSP server: Downloading https://repo.scala-lang.org/artifactory/maven-nightlies/org/scala-lang/scala-reflect/2.12.20/scala-reflect-2.12.20.jar.sha1
2025.11.14 15:27:08 INFO  BSP server: Downloaded https://repo.scala-lang.org/artifactory/maven-nightlies/io/monix/monix-reactive_2.12/3.2.0/monix-reactive_2.12-3.2.0.jar.sha1
2025.11.14 15:27:08 INFO  BSP server: Downloading https://repo.scala-lang.org/artifactory/maven-nightlies/ch/epfl/scala/scala-debug-adapter_2.12/4.2.8/scala-debug-adapter_2.12-4.2.8.jar.sha1
2025.11.14 15:27:08 INFO  BSP server: Downloaded https://repo.scala-lang.org/artifactory/maven-nightlies/com/lihaoyi/fansi_2.12/0.5.0/fansi_2.12-0.5.0.jar.sha1
2025.11.14 15:27:08 INFO  BSP server: Downloading https://repo.scala-lang.org/artifactory/maven-nightlies/com/github/alexarchambault/case-app_2.12/2.0.6/case-app_2.12-2.0.6.jar.sha1
2025.11.14 15:27:08 INFO  BSP server: Downloaded https://repo.scala-lang.org/artifactory/maven-nightlies/io/github/alexarchambault/bleep/jsonrpc4s_2.12/0.1.1/jsonrpc4s_2.12-0.1.1.jar.sha1
2025.11.14 15:27:08 INFO  BSP server: Downloading https://repo.scala-lang.org/artifactory/maven-nightlies/io/monix/monix-eval_2.12/3.2.0/monix-eval_2.12-3.2.0.jar.sha1
2025.11.14 15:27:08 INFO  BSP server: Downloaded https://repo.scala-lang.org/artifactory/maven-nightlies/org/scala-lang/scala-reflect/2.12.20/scala-reflect-2.12.20.jar.sha1
2025.11.14 15:27:08 INFO  BSP server: Downloading https://repo.scala-lang.org/artifactory/maven-nightlies/ch/qos/logback/logback-classic/1.5.18/logback-classic-1.5.18.jar.sha1
2025.11.14 15:27:08 INFO  BSP server: Downloaded https://repo.scala-lang.org/artifactory/maven-nightlies/ch/epfl/scala/scala-debug-adapter_2.12/4.2.8/scala-debug-adapter_2.12-4.2.8.jar.sha1
2025.11.14 15:27:08 INFO  BSP server: Downloading https://repo.scala-lang.org/artifactory/maven-nightlies/org/scala-lang/modules/scala-collection-compat_2.12/2.13.0/scala-collection-compat_2.12-2.13.0.jar.sha1
2025.11.14 15:27:08 INFO  BSP server: Downloaded https://repo.scala-lang.org/artifactory/maven-nightlies/com/github/alexarchambault/case-app_2.12/2.0.6/case-app_2.12-2.0.6.jar.sha1
2025.11.14 15:27:08 INFO  BSP server: Downloading https://repo.scala-lang.org/artifactory/maven-nightlies/com/eed3si9n/sjson-new-scalajson_2.12/0.10.1/sjson-new-scalajson_2.12-0.10.1.jar.sha1
2025.11.14 15:27:10 INFO  BSP server: Downloaded https://repo.scala-lang.org/artifactory/maven-nightlies/io/monix/monix-eval_2.12/3.2.0/monix-eval_2.12-3.2.0.jar.sha1
2025.11.14 15:27:10 INFO  BSP server: Downloading https://repo.scala-lang.org/artifactory/maven-nightlies/org/scala-sbt/zinc_2.12/1.10.8/zinc_2.12-1.10.8.jar.sha1
2025.11.14 15:27:10 INFO  BSP server: Downloaded https://repo.scala-lang.org/artifactory/maven-nightlies/ch/qos/logback/logback-classic/1.5.18/logback-classic-1.5.18.jar.sha1
2025.11.14 15:27:10 INFO  BSP server: Downloading https://repo.scala-lang.org/artifactory/maven-nightlies/org/scala-sbt/ivy/ivy/2.3.0-sbt-77cc781d727b367d3761f097d89f5a4762771d41/ivy-2.3.0-sbt-77cc781d727b367d3761f097d89f5a4762771d41.jar.sha1
2025.11.14 15:27:10 INFO  BSP server: Downloaded https://repo.scala-lang.org/artifactory/maven-nightlies/org/scala-lang/modules/scala-collection-compat_2.12/2.13.0/scala-collection-compat_2.12-2.13.0.jar.sha1
2025.11.14 15:27:10 INFO  BSP server: Downloading https://repo.scala-lang.org/artifactory/maven-nightlies/com/eed3si9n/gigahorse-apache-http_2.12/0.9.3/gigahorse-apache-http_2.12-0.9.3.jar.sha1
2025.11.14 15:27:10 INFO  BSP server: Downloaded https://repo.scala-lang.org/artifactory/maven-nightlies/com/eed3si9n/sjson-new-scalajson_2.12/0.10.1/sjson-new-scalajson_2.12-0.10.1.jar.sha1
2025.11.14 15:27:10 INFO  BSP server: Downloading https://repo.scala-lang.org/artifactory/maven-nightlies/org/typelevel/cats-kernel_2.12/2.1.1/cats-kernel_2.12-2.1.1.jar.sha1
2025.11.14 15:27:10 INFO  BSP server: Downloaded https://repo.scala-lang.org/artifactory/maven-nightlies/org/scala-sbt/ivy/ivy/2.3.0-sbt-77cc781d727b367d3761f097d89f5a4762771d41/ivy-2.3.0-sbt-77cc781d727b367d3761f097d89f5a4762771d41.jar.sha1
2025.11.14 15:27:10 INFO  BSP server: Downloading https://repo.scala-lang.org/artifactory/maven-nightlies/io/get-coursier/util/directories/0.1.2/directories-0.1.2.jar.sha1
2025.11.14 15:27:10 INFO  BSP server: Downloaded https://repo.scala-lang.org/artifactory/maven-nightlies/org/typelevel/cats-kernel_2.12/2.1.1/cats-kernel_2.12-2.1.1.jar.sha1
2025.11.14 15:27:10 INFO  BSP server: Downloading https://repo.scala-lang.org/artifactory/maven-nightlies/org/typelevel/macro-compat_2.12/1.1.1/macro-compat_2.12-1.1.1.jar.sha1
2025.11.14 15:27:10 INFO  BSP server: Downloaded https://repo.scala-lang.org/artifactory/maven-nightlies/org/scala-sbt/zinc_2.12/1.10.8/zinc_2.12-1.10.8.jar.sha1
2025.11.14 15:27:10 INFO  BSP server: Downloading https://repo.scala-lang.org/artifactory/maven-nightlies/com/eed3si9n/sjson-new-murmurhash_2.12/0.10.1/sjson-new-murmurhash_2.12-0.10.1.jar.sha1
2025.11.14 15:27:10 INFO  BSP server: Downloaded https://repo.scala-lang.org/artifactory/maven-nightlies/com/eed3si9n/gigahorse-apache-http_2.12/0.9.3/gigahorse-apache-http_2.12-0.9.3.jar.sha1
2025.11.14 15:27:10 INFO  BSP server: Downloading https://repo.scala-lang.org/artifactory/maven-nightlies/io/get-coursier/util/directories-jni/0.1.2/directories-jni-0.1.2.jar.sha1
2025.11.14 15:27:11 INFO  BSP server: Downloaded https://repo.scala-lang.org/artifactory/maven-nightlies/org/typelevel/macro-compat_2.12/1.1.1/macro-compat_2.12-1.1.1.jar.sha1
2025.11.14 15:27:11 INFO  BSP server: Downloading https://repo.scala-lang.org/artifactory/maven-nightlies/com/eed3si9n/shaded-scalajson_2.12/1.0.0-M4/shaded-scalajson_2.12-1.0.0-M4.jar.sha1
2025.11.14 15:27:11 INFO  BSP server: Downloaded https://repo.scala-lang.org/artifactory/maven-nightlies/io/get-coursier/util/directories/0.1.2/directories-0.1.2.jar.sha1
2025.11.14 15:27:11 INFO  BSP server: Downloading https://repo.scala-lang.org/artifactory/maven-nightlies/ch/epfl/scala/libdaemon_2.12/0.0.12/libdaemon_2.12-0.0.12.jar.sha1
2025.11.14 15:27:11 INFO  BSP server: Downloaded https://repo.scala-lang.org/artifactory/maven-nightlies/com/eed3si9n/sjson-new-murmurhash_2.12/0.10.1/sjson-new-murmurhash_2.12-0.10.1.jar.sha1
2025.11.14 15:27:11 INFO  BSP server: Downloading https://repo.scala-lang.org/artifactory/maven-nightlies/io/monix/monix-catnap_2.12/3.2.0/monix-catnap_2.12-3.2.0.jar.sha1
2025.11.14 15:27:11 INFO  BSP server: Downloaded https://repo.scala-lang.org/artifactory/maven-nightlies/io/get-coursier/util/directories-jni/0.1.2/directories-jni-0.1.2.jar.sha1
2025.11.14 15:27:11 INFO  BSP server: Downloading https://repo.scala-lang.org/artifactory/maven-nightlies/io/monix/implicitbox_2.12/0.2.0/implicitbox_2.12-0.2.0.jar.sha1
2025.11.14 15:27:11 INFO  BSP server: Downloaded https://repo.scala-lang.org/artifactory/maven-nightlies/ch/epfl/scala/libdaemon_2.12/0.0.12/libdaemon_2.12-0.0.12.jar.sha1
2025.11.14 15:27:11 INFO  BSP server: Downloading https://repo.scala-lang.org/artifactory/maven-nightlies/ch/qos/logback/logback-core/1.5.18/logback-core-1.5.18.jar.sha1
2025.11.14 15:27:11 INFO  BSP server: Downloaded https://repo.scala-lang.org/artifactory/maven-nightlies/com/eed3si9n/shaded-scalajson_2.12/1.0.0-M4/shaded-scalajson_2.12-1.0.0-M4.jar.sha1
2025.11.14 15:27:11 INFO  BSP server: Downloading https://repo.scala-lang.org/artifactory/maven-nightlies/io/zipkin/brave/brave/5.18.1/brave-5.18.1.jar.sha1
2025.11.14 15:27:11 INFO  BSP server: Downloaded https://repo.scala-lang.org/artifactory/maven-nightlies/io/monix/monix-catnap_2.12/3.2.0/monix-catnap_2.12-3.2.0.jar.sha1
2025.11.14 15:27:11 INFO  BSP server: Downloading https://repo.scala-lang.org/artifactory/maven-nightlies/ch/epfl/scala/bloop-frontend_2.12/2.0.13/bloop-frontend_2.12-2.0.13.jar.sha1
2025.11.14 15:27:11 INFO  BSP server: Downloaded https://repo.scala-lang.org/artifactory/maven-nightlies/io/monix/implicitbox_2.12/0.2.0/implicitbox_2.12-0.2.0.jar.sha1
2025.11.14 15:27:11 INFO  BSP server: Downloading https://repo.scala-lang.org/artifactory/maven-nightlies/org/scala-sbt/librarymanagement-core_2.12/1.11.2/librarymanagement-core_2.12-1.11.2.jar.sha1
2025.11.14 15:27:11 INFO  BSP server: Downloaded https://repo.scala-lang.org/artifactory/maven-nightlies/ch/qos/logback/logback-core/1.5.18/logback-core-1.5.18.jar.sha1
2025.11.14 15:27:11 INFO  BSP server: Downloading https://repo.scala-lang.org/artifactory/maven-nightlies/com/lihaoyi/pprint_2.12/0.9.0/pprint_2.12-0.9.0.jar.sha1
2025.11.14 15:27:11 INFO  BSP server: Downloaded https://repo.scala-lang.org/artifactory/maven-nightlies/ch/epfl/scala/bloop-frontend_2.12/2.0.13/bloop-frontend_2.12-2.0.13.jar.sha1
2025.11.14 15:27:11 INFO  BSP server: Downloading https://repo.scala-lang.org/artifactory/maven-nightlies/com/eed3si9n/shaded-jawn-parser_2.12/1.3.2/shaded-jawn-parser_2.12-1.3.2.jar.sha1
2025.11.14 15:27:11 INFO  BSP server: Downloaded https://repo.scala-lang.org/artifactory/maven-nightlies/org/scala-sbt/librarymanagement-core_2.12/1.11.2/librarymanagement-core_2.12-1.11.2.jar.sha1
2025.11.14 15:27:11 INFO  BSP server: Downloading https://repo.scala-lang.org/artifactory/maven-nightlies/org/scala-sbt/zinc-persist_2.12/1.10.8/zinc-persist_2.12-1.10.8.jar.sha1
2025.11.14 15:27:11 INFO  BSP server: Downloaded https://repo.scala-lang.org/artifactory/maven-nightlies/io/zipkin/brave/brave/5.18.1/brave-5.18.1.jar.sha1
2025.11.14 15:27:12 INFO  BSP server: Downloading https://repo.scala-lang.org/artifactory/maven-nightlies/org/scala-lang/modules/scala-parser-combinators_2.12/1.1.2/scala-parser-combinators_2.12-1.1.2.jar.sha1
2025.11.14 15:27:12 INFO  BSP server: Downloaded https://repo.scala-lang.org/artifactory/maven-nightlies/com/eed3si9n/shaded-jawn-parser_2.12/1.3.2/shaded-jawn-parser_2.12-1.3.2.jar.sha1
2025.11.14 15:27:12 INFO  BSP server: Downloading https://repo.scala-lang.org/artifactory/maven-nightlies/io/zipkin/reporter2/zipkin-reporter-brave/2.17.2/zipkin-reporter-brave-2.17.2.jar.sha1
2025.11.14 15:27:12 INFO  BSP server: Downloaded https://repo.scala-lang.org/artifactory/maven-nightlies/org/scala-sbt/zinc-persist_2.12/1.10.8/zinc-persist_2.12-1.10.8.jar.sha1
2025.11.14 15:27:12 INFO  BSP server: Downloading https://repo.scala-lang.org/artifactory/maven-nightlies/com/chuusai/shapeless_2.12/2.3.3/shapeless_2.12-2.3.3.jar.sha1
2025.11.14 15:27:12 INFO  BSP server: Downloaded https://repo.scala-lang.org/artifactory/maven-nightlies/com/lihaoyi/pprint_2.12/0.9.0/pprint_2.12-0.9.0.jar.sha1
2025.11.14 15:27:12 INFO  BSP server: Downloading https://repo.scala-lang.org/artifactory/maven-nightlies/org/scala-sbt/util-relation_2.12/1.10.7/util-relation_2.12-1.10.7.jar.sha1
2025.11.14 15:27:12 INFO  BSP server: Downloaded https://repo.scala-lang.org/artifactory/maven-nightlies/org/scala-lang/modules/scala-parser-combinators_2.12/1.1.2/scala-parser-combinators_2.12-1.1.2.jar.sha1
2025.11.14 15:27:12 INFO  BSP server: Downloading https://repo.scala-lang.org/artifactory/maven-nightlies/org/scala-sbt/zinc-classfile_2.12/1.10.8/zinc-classfile_2.12-1.10.8.jar.sha1
2025.11.14 15:27:12 INFO  BSP server: Downloaded https://repo.scala-lang.org/artifactory/maven-nightlies/com/chuusai/shapeless_2.12/2.3.3/shapeless_2.12-2.3.3.jar.sha1
2025.11.14 15:27:12 INFO  BSP server: Downloading https://repo.scala-lang.org/artifactory/maven-nightlies/org/scala-sbt/collections_2.12/1.11.0/collections_2.12-1.11.0.jar.sha1
2025.11.14 15:27:12 INFO  BSP server: Downloaded https://repo.scala-lang.org/artifactory/maven-nightlies/org/scala-sbt/util-relation_2.12/1.10.7/util-relation_2.12-1.10.7.jar.sha1
2025.11.14 15:27:12 INFO  BSP server: Downloading https://repo.scala-lang.org/artifactory/maven-nightlies/org/typelevel/cats-macros_2.12/2.1.1/cats-macros_2.12-2.1.1.jar.sha1
2025.11.14 15:27:13 INFO  BSP server: Downloaded https://repo.scala-lang.org/artifactory/maven-nightlies/org/scala-sbt/collections_2.12/1.11.0/collections_2.12-1.11.0.jar.sha1
2025.11.14 15:27:13 INFO  BSP server: Downloading https://repo.scala-lang.org/artifactory/maven-nightlies/net/java/dev/jna/jna-platform/4.4.0/jna-platform-4.4.0.jar.sha1
2025.11.14 15:27:13 INFO  BSP server: Downloaded https://repo.scala-lang.org/artifactory/maven-nightlies/io/zipkin/reporter2/zipkin-reporter-brave/2.17.2/zipkin-reporter-brave-2.17.2.jar.sha1
2025.11.14 15:27:13 INFO  BSP server: Downloaded https://repo.scala-lang.org/artifactory/maven-nightlies/org/scala-sbt/zinc-classfile_2.12/1.10.8/zinc-classfile_2.12-1.10.8.jar.sha1
2025.11.14 15:27:13 INFO  BSP server: Downloaded https://repo.scala-lang.org/artifactory/maven-nightlies/org/typelevel/cats-macros_2.12/2.1.1/cats-macros_2.12-2.1.1.jar.sha1
2025.11.14 15:27:13 INFO  BSP server: Downloaded https://repo.scala-lang.org/artifactory/maven-nightlies/net/java/dev/jna/jna-platform/4.4.0/jna-platform-4.4.0.jar.sha1
2025.11.14 15:27:13 INFO  BSP server: Downloading https://repo.scala-lang.org/artifactory/maven-nightlies/org/scala-sbt/jline/jline/2.14.7-sbt-9a88bc413e2b34a4580c001c654d1a7f4f65bf18/jline-2.14.7-sbt-9a88bc413e2b34a4580c001c654d1a7f4f65bf18.jar.sha1
2025.11.14 15:27:13 INFO  BSP server: Downloading https://repo.scala-lang.org/artifactory/maven-nightlies/org/scala-lang/modules/scala-xml_2.12/2.3.0/scala-xml_2.12-2.3.0.jar.sha1
2025.11.14 15:27:13 INFO  BSP server: Downloading https://repo.scala-lang.org/artifactory/maven-nightlies/org/scala-sbt/zinc-persist-core-assembly/1.10.8/zinc-persist-core-assembly-1.10.8.jar.sha1
2025.11.14 15:27:14 INFO  BSP server: Downloaded https://repo.scala-lang.org/artifactory/maven-nightlies/org/scala-sbt/jline/jline/2.14.7-sbt-9a88bc413e2b34a4580c001c654d1a7f4f65bf18/jline-2.14.7-sbt-9a88bc413e2b34a4580c001c654d1a7f4f65bf18.jar.sha1
2025.11.14 15:27:14 INFO  BSP server: Downloaded https://repo.scala-lang.org/artifactory/maven-nightlies/org/scala-lang/modules/scala-xml_2.12/2.3.0/scala-xml_2.12-2.3.0.jar.sha1
2025.11.14 15:27:14 INFO  BSP server: Downloaded https://repo.scala-lang.org/artifactory/maven-nightlies/org/scala-sbt/zinc-persist-core-assembly/1.10.8/zinc-persist-core-assembly-1.10.8.jar.sha1
2025.11.14 15:27:20 INFO  BSP server: Still downloading:
2025.11.14 15:27:20 INFO  BSP server: https://repo.scala-lang.org/artifactory/maven-nightlies/org/scalameta/trees_2.12/4.13.8/trees_2.12-4.13.8.jar (84.92 %, 8977801 / 10571542)
2025.11.14 15:27:20 INFO  BSP server: https://repo.scala-lang.org/artifactory/maven-nightlies/org/scala-lang/scala-compiler/2.12.20/scala-compiler-2.12.20.jar (35.61 %, 3915119 / 10995131)
2025.11.14 15:27:20 INFO  BSP server: 
2025.11.14 15:27:25 INFO  BSP server: Still downloading:
2025.11.14 15:27:25 INFO  BSP server: https://repo.scala-lang.org/artifactory/maven-nightlies/org/scalameta/trees_2.12/4.13.8/trees_2.12-4.13.8.jar (92.83 %, 9813385 / 10571542)
2025.11.14 15:27:25 INFO  BSP server: https://repo.scala-lang.org/artifactory/maven-nightlies/org/scala-lang/scala-compiler/2.12.20/scala-compiler-2.12.20.jar (38.29 %, 4210031 / 10995131)
2025.11.14 15:27:25 INFO  BSP server: 
2025.11.14 15:27:27 ERROR Timeout waiting for 'build/initialize' response
2025.11.14 15:27:27 WARN  Retrying connection to the build server scala-cli
2025.11.14 15:27:27 INFO  Running BSP server List(C:\Users\UTPL\AppData\Local\Coursier\data\bin\.scala-cli.aux.exe, bsp, --json-options, C:\Users\UTPL\Desktop\Examen\.scala-build\ide-options-v2.json, --json-launcher-options, C:\Users\UTPL\Desktop\Examen\.scala-build\ide-launcher-options.json, --envs-file, C:\Users\UTPL\Desktop\Examen\.scala-build\ide-envs.json, C:\Users\UTPL\Desktop\Examen)
2025.11.14 15:27:27 INFO  tracing is disabled for protocol BSP, to enable tracing of incoming and outgoing JSON messages create an empty file at C:\Users\UTPL\Desktop\Examen\.metals\bsp.trace.json or C:\Users\UTPL\AppData\Local\scalameta\metals\cache\bsp.trace.json
2025.11.14 15:27:29 INFO  BSP server: Downloading https://repo.scala-lang.org/artifactory/maven-nightlies/org/scalameta/trees_2.12/4.13.8/trees_2.12-4.13.8.jar
2025.11.14 15:27:29 INFO  BSP server: Downloading https://repo.scala-lang.org/artifactory/maven-nightlies/org/scala-lang/scala-compiler/2.12.20/scala-compiler-2.12.20.jar
2025.11.14 15:27:31 INFO  BSP server: Downloaded https://repo.scala-lang.org/artifactory/maven-nightlies/org/scalameta/trees_2.12/4.13.8/trees_2.12-4.13.8.jar
2025.11.14 15:27:31 INFO  BSP server: Downloading https://repo.scala-lang.org/artifactory/maven-nightlies/org/scalameta/trees_2.12/4.13.8/trees_2.12-4.13.8.jar.sha1
2025.11.14 15:27:31 INFO  BSP server: Downloaded https://repo.scala-lang.org/artifactory/maven-nightlies/org/scalameta/trees_2.12/4.13.8/trees_2.12-4.13.8.jar.sha1
2025.11.14 15:27:34 INFO  BSP server: Downloaded https://repo.scala-lang.org/artifactory/maven-nightlies/org/scala-lang/scala-compiler/2.12.20/scala-compiler-2.12.20.jar
2025.11.14 15:27:34 INFO  BSP server: Downloading https://repo.scala-lang.org/artifactory/maven-nightlies/org/scala-lang/scala-compiler/2.12.20/scala-compiler-2.12.20.jar.sha1
2025.11.14 15:27:34 INFO  BSP server: Downloaded https://repo.scala-lang.org/artifactory/maven-nightlies/org/scala-lang/scala-compiler/2.12.20/scala-compiler-2.12.20.jar.sha1
2025.11.14 15:27:34 INFO  BSP server: Starting compilation server
2025.11.14 15:27:39 INFO  BSP server: Downloading https://repo.scala-lang.org/artifactory/maven-nightlies/org/scala-lang/scala3-sbt-bridge/3.7.3/scala3-sbt-bridge-3.7.3.pom
2025.11.14 15:27:39 INFO  BSP server: Downloaded https://repo.scala-lang.org/artifactory/maven-nightlies/org/scala-lang/scala3-sbt-bridge/3.7.3/scala3-sbt-bridge-3.7.3.pom
2025.11.14 15:27:39 INFO  BSP server: Downloading https://repo.scala-lang.org/artifactory/maven-nightlies/org/scala-lang/scala3-sbt-bridge/3.7.3/scala3-sbt-bridge-3.7.3.jar
2025.11.14 15:27:40 INFO  BSP server: Downloaded https://repo.scala-lang.org/artifactory/maven-nightlies/org/scala-lang/scala3-sbt-bridge/3.7.3/scala3-sbt-bridge-3.7.3.jar
2025.11.14 15:27:40 INFO  BSP server: Downloading https://repo.scala-lang.org/artifactory/maven-nightlies/org/scala-lang/scala3-sbt-bridge/3.7.3/scala3-sbt-bridge-3.7.3.jar.sha1
2025.11.14 15:27:40 INFO  BSP server: Downloaded https://repo.scala-lang.org/artifactory/maven-nightlies/org/scala-lang/scala3-sbt-bridge/3.7.3/scala3-sbt-bridge-3.7.3.jar.sha1
2025.11.14 15:27:40 INFO  BSP server: Downloading https://repo1.maven.org/maven2/org/scala-lang/scala-library/2.13.16/scala-library-2.13.16-sources.jar
2025.11.14 15:27:40 INFO  BSP server: Downloading https://repo1.maven.org/maven2/org/scala-lang/scala3-library_3/3.7.3/scala3-library_3-3.7.3-sources.jar
2025.11.14 15:27:40 INFO  BSP server: Downloaded https://repo1.maven.org/maven2/org/scala-lang/scala3-library_3/3.7.3/scala3-library_3-3.7.3-sources.jar
2025.11.14 15:27:40 INFO  BSP server: Downloaded https://repo1.maven.org/maven2/org/scala-lang/scala-library/2.13.16/scala-library-2.13.16-sources.jar
2025.11.14 15:27:40 INFO  BSP server: Downloading https://repo1.maven.org/maven2/com/sourcegraph/semanticdb-javac/0.10.0/semanticdb-javac-0.10.0.pom
2025.11.14 15:27:41 INFO  BSP server: Downloaded https://repo1.maven.org/maven2/com/sourcegraph/semanticdb-javac/0.10.0/semanticdb-javac-0.10.0.pom
2025.11.14 15:27:41 INFO  BSP server: Downloading https://repo1.maven.org/maven2/com/sourcegraph/semanticdb-javac/0.10.0/semanticdb-javac-0.10.0.jar
2025.11.14 15:27:41 INFO  BSP server: Downloaded https://repo1.maven.org/maven2/com/sourcegraph/semanticdb-javac/0.10.0/semanticdb-javac-0.10.0.jar
2025.11.14 15:27:42 INFO  time: Connected to build server in 3m15s
2025.11.14 15:27:42 INFO  Connected to Build server: scala-cli v1.9.1
2025.11.14 15:27:42 INFO  time: Imported build in 0.3s
2025.11.14 15:27:43 INFO  compiling examen_d5c0a6989e (1 scala source)
2025.11.14 15:27:46 INFO  time: compiled Examen_d5c0a6989e in 2.58s
2025.11.14 15:27:47 WARN  Using H2 2.4.240 which is newer than the version Flyway has been verified with. The latest verified version of H2 is 2.3.232.
2025.11.14 15:28:06 INFO  time: indexed workspace in 23s
2025.11.14 15:31:10 INFO  compiling examen_d5c0a6989e (1 scala source)
2025.11.14 15:31:10 INFO  time: compiled Examen_d5c0a6989e in 0.81s
nov 14, 2025 3:31:20 P.M. org.eclipse.lsp4j.jsonrpc.services.GenericEndpoint notify
INFO: Unsupported notification method: $/setTrace
nov 14, 2025 3:33:56 P.M. org.eclipse.lsp4j.jsonrpc.services.GenericEndpoint notify
INFO: Unsupported notification method: $/setTrace
nov 14, 2025 3:33:56 P.M. org.eclipse.lsp4j.jsonrpc.services.GenericEndpoint notify
INFO: Unsupported notification method: $/setTrace
nov 14, 2025 3:33:59 P.M. org.eclipse.lsp4j.jsonrpc.services.GenericEndpoint notify
INFO: Unsupported notification method: $/setTrace
nov 14, 2025 3:34:01 P.M. org.eclipse.lsp4j.jsonrpc.RemoteEndpoint handleCancellation
WARNING: Unmatched cancel notification for request id 259
nov 14, 2025 3:34:15 P.M. org.eclipse.lsp4j.jsonrpc.RemoteEndpoint handleCancellation
WARNING: Unmatched cancel notification for request id 273
nov 14, 2025 3:34:15 P.M. org.eclipse.lsp4j.jsonrpc.RemoteEndpoint handleCancellation
WARNING: Unmatched cancel notification for request id 274
nov 14, 2025 3:34:15 P.M. org.eclipse.lsp4j.jsonrpc.RemoteEndpoint handleCancellation
WARNING: Unmatched cancel notification for request id 275
nov 14, 2025 3:34:15 P.M. org.eclipse.lsp4j.jsonrpc.RemoteEndpoint handleCancellation
WARNING: Unmatched cancel notification for request id 277
nov 14, 2025 3:34:15 P.M. org.eclipse.lsp4j.jsonrpc.RemoteEndpoint handleCancellation
WARNING: Unmatched cancel notification for request id 278
nov 14, 2025 3:34:15 P.M. org.eclipse.lsp4j.jsonrpc.RemoteEndpoint handleCancellation
WARNING: Unmatched cancel notification for request id 280
nov 14, 2025 3:34:15 P.M. org.eclipse.lsp4j.jsonrpc.RemoteEndpoint handleCancellation
WARNING: Unmatched cancel notification for request id 281
nov 14, 2025 3:34:15 P.M. org.eclipse.lsp4j.jsonrpc.RemoteEndpoint handleCancellation
WARNING: Unmatched cancel notification for request id 283
nov 14, 2025 3:34:15 P.M. org.eclipse.lsp4j.jsonrpc.RemoteEndpoint handleCancellation
WARNING: Unmatched cancel notification for request id 284
nov 14, 2025 3:34:15 P.M. org.eclipse.lsp4j.jsonrpc.RemoteEndpoint handleCancellation
WARNING: Unmatched cancel notification for request id 286
nov 14, 2025 3:34:15 P.M. org.eclipse.lsp4j.jsonrpc.RemoteEndpoint handleCancellation
WARNING: Unmatched cancel notification for request id 287
nov 14, 2025 3:34:15 P.M. org.eclipse.lsp4j.jsonrpc.RemoteEndpoint handleCancellation
WARNING: Unmatched cancel notification for request id 288
nov 14, 2025 3:34:15 P.M. org.eclipse.lsp4j.jsonrpc.RemoteEndpoint handleCancellation
WARNING: Unmatched cancel notification for request id 289
nov 14, 2025 3:35:43 P.M. org.eclipse.lsp4j.jsonrpc.RemoteEndpoint handleCancellation
WARNING: Unmatched cancel notification for request id 313
nov 14, 2025 3:35:44 P.M. org.eclipse.lsp4j.jsonrpc.RemoteEndpoint handleCancellation
WARNING: Unmatched cancel notification for request id 323
nov 14, 2025 3:35:44 P.M. org.eclipse.lsp4j.jsonrpc.RemoteEndpoint handleCancellation
WARNING: Unmatched cancel notification for request id 329
nov 14, 2025 3:35:44 P.M. org.eclipse.lsp4j.jsonrpc.RemoteEndpoint handleCancellation
WARNING: Unmatched cancel notification for request id 331
nov 14, 2025 3:35:44 P.M. org.eclipse.lsp4j.jsonrpc.RemoteEndpoint handleCancellation
WARNING: Unmatched cancel notification for request id 332
nov 14, 2025 3:35:44 P.M. org.eclipse.lsp4j.jsonrpc.RemoteEndpoint handleCancellation
WARNING: Unmatched cancel notification for request id 337
nov 14, 2025 3:35:44 P.M. org.eclipse.lsp4j.jsonrpc.RemoteEndpoint handleCancellation
WARNING: Unmatched cancel notification for request id 339
nov 14, 2025 3:35:45 P.M. org.eclipse.lsp4j.jsonrpc.RemoteEndpoint handleCancellation
WARNING: Unmatched cancel notification for request id 347
nov 14, 2025 3:35:45 P.M. org.eclipse.lsp4j.jsonrpc.RemoteEndpoint handleCancellation
WARNING: Unmatched cancel notification for request id 353
nov 14, 2025 3:35:45 P.M. org.eclipse.lsp4j.jsonrpc.RemoteEndpoint handleCancellation
WARNING: Unmatched cancel notification for request id 356
nov 14, 2025 3:35:45 P.M. org.eclipse.lsp4j.jsonrpc.RemoteEndpoint handleCancellation
WARNING: Unmatched cancel notification for request id 367
nov 14, 2025 3:35:45 P.M. org.eclipse.lsp4j.jsonrpc.RemoteEndpoint handleCancellation
WARNING: Unmatched cancel notification for request id 370
nov 14, 2025 3:35:46 P.M. org.eclipse.lsp4j.jsonrpc.RemoteEndpoint handleCancellation
WARNING: Unmatched cancel notification for request id 374
2025.11.14 15:36:28 INFO  compiling examen_d5c0a6989e (1 scala source)
2025.11.14 15:36:30 INFO  time: compiled Examen_d5c0a6989e in 1.63s
2025.11.14 15:36:39 INFO  compiling examen_d5c0a6989e (1 scala source)
2025.11.14 15:36:39 INFO  time: compiled Examen_d5c0a6989e in 0.54s
2025.11.14 15:37:11 INFO  tracing is disabled for protocol dap-server, to enable tracing of incoming and outgoing JSON messages create an empty file at C:\Users\UTPL\Desktop\Examen\.metals\dap-server.trace.json or C:\Users\UTPL\AppData\Local\scalameta\metals\cache\dap-server.trace.json
2025.11.14 15:37:11 INFO  tracing is disabled for protocol dap-client, to enable tracing of incoming and outgoing JSON messages create an empty file at C:\Users\UTPL\Desktop\Examen\.metals\dap-client.trace.json or C:\Users\UTPL\AppData\Local\scalameta\metals\cache\dap-client.trace.json
2025.11.14 15:37:11 INFO  Starting debug proxy for [method]
2025.11.14 15:37:18 INFO  Loaded expression compiler in 7 seconds
2025.11.14 15:37:20 INFO  Loaded step filter in 1 second
2025.11.14 15:37:22 INFO  Loaded all sources and classes in 2 seconds
2025.11.14 15:37:22 INFO  Initialized Scala 3 decoder in 869 milliseconds
2025.11.14 15:37:22 INFO  Trying to attach to remote debuggee VM 127.0.0.1:54243 .
2025.11.14 15:37:22 INFO  Attaching to debuggee VM succeeded.
2025.11.14 15:37:23 INFO  Canceling debug proxy for [method]
2025.11.14 15:37:23 INFO  Closing debug server tcp://0.0.0.0:54239
nov 14, 2025 3:38:13 P.M. org.eclipse.lsp4j.jsonrpc.RemoteEndpoint handleCancellation
WARNING: Unmatched cancel notification for request id 444
nov 14, 2025 3:38:13 P.M. org.eclipse.lsp4j.jsonrpc.RemoteEndpoint handleCancellation
WARNING: Unmatched cancel notification for request id 445
nov 14, 2025 3:38:13 P.M. org.eclipse.lsp4j.jsonrpc.RemoteEndpoint handleCancellation
WARNING: Unmatched cancel notification for request id 446
nov 14, 2025 3:38:13 P.M. org.eclipse.lsp4j.jsonrpc.RemoteEndpoint handleCancellation
WARNING: Unmatched cancel notification for request id 447
nov 14, 2025 3:38:14 P.M. org.eclipse.lsp4j.jsonrpc.RemoteEndpoint handleCancellation
WARNING: Unmatched cancel notification for request id 449
nov 14, 2025 3:38:14 P.M. org.eclipse.lsp4j.jsonrpc.RemoteEndpoint handleCancellation
WARNING: Unmatched cancel notification for request id 452
nov 14, 2025 3:38:14 P.M. org.eclipse.lsp4j.jsonrpc.RemoteEndpoint handleCancellation
WARNING: Unmatched cancel notification for request id 459
nov 14, 2025 3:38:14 P.M. org.eclipse.lsp4j.jsonrpc.RemoteEndpoint handleCancellation
WARNING: Unmatched cancel notification for request id 471
nov 14, 2025 3:38:14 P.M. org.eclipse.lsp4j.jsonrpc.RemoteEndpoint handleCancellation
WARNING: Unmatched cancel notification for request id 475
nov 14, 2025 3:38:15 P.M. org.eclipse.lsp4j.jsonrpc.RemoteEndpoint handleCancellation
WARNING: Unmatched cancel notification for request id 480
2025.11.14 15:40:20 INFO  compiling examen_d5c0a6989e (1 scala source)
2025.11.14 15:40:21 INFO  time: compiled Examen_d5c0a6989e in 1.01s
2025.11.14 15:41:33 INFO  compiling examen_d5c0a6989e (1 scala source)
2025.11.14 15:41:33 INFO  time: compiled Examen_d5c0a6989e in 0.66s
2025.11.14 15:41:35 INFO  tracing is disabled for protocol dap-server, to enable tracing of incoming and outgoing JSON messages create an empty file at C:\Users\UTPL\Desktop\Examen\.metals\dap-server.trace.json or C:\Users\UTPL\AppData\Local\scalameta\metals\cache\dap-server.trace.json
2025.11.14 15:41:35 INFO  tracing is disabled for protocol dap-client, to enable tracing of incoming and outgoing JSON messages create an empty file at C:\Users\UTPL\Desktop\Examen\.metals\dap-client.trace.json or C:\Users\UTPL\AppData\Local\scalameta\metals\cache\dap-client.trace.json
2025.11.14 15:41:35 INFO  Starting debug proxy for [method]
2025.11.14 15:41:35 INFO  Loaded expression compiler in 0 milliseconds
2025.11.14 15:41:35 INFO  Loaded step filter in 0 milliseconds
2025.11.14 15:41:37 INFO  Loaded all sources and classes in 1 second
2025.11.14 15:41:37 INFO  Initialized Scala 3 decoder in 718 milliseconds
2025.11.14 15:41:37 INFO  Trying to attach to remote debuggee VM 127.0.0.1:52156 .
2025.11.14 15:41:37 INFO  Attaching to debuggee VM succeeded.
2025.11.14 15:41:38 INFO  Canceling debug proxy for [method]
2025.11.14 15:41:38 INFO  Closing debug server tcp://0.0.0.0:52153
2025.11.14 15:42:34 INFO  no build target found for C:\Users\UTPL\Desktop\Examen\Pregunta_1.scala. Using presentation compiler with project's scala-library version: 3.7.3
2025.11.14 15:42:34 INFO  no build target found for C:\Users\UTPL\Desktop\Examen\Pregunta_1.scala. Using presentation compiler with project's scala-library version: 3.7.3
2025.11.14 15:42:34 WARN  no build target for: C:\Users\UTPL\Desktop\Examen\Pregunta_1.scala
2025.11.14 15:42:34 INFO  no build target found for C:\Users\UTPL\Desktop\Examen\Pregunta_1.scala. Using presentation compiler with project's scala-library version: 3.7.3
2025.11.14 15:42:34 INFO  no build target found for C:\Users\UTPL\Desktop\Examen\Pregunta_1.scala. Using presentation compiler with project's scala-library version: 3.7.3
2025.11.14 15:42:34 INFO  no build target found for C:\Users\UTPL\Desktop\Examen\Pregunta_1.scala. Using presentation compiler with project's scala-library version: 3.7.3
2025.11.14 15:42:35 INFO  Cancelling compilation on scala-cli server
2025.11.14 15:42:35 INFO  no build target found for C:\Users\UTPL\Desktop\Examen\Pregunta_1.scala. Using presentation compiler with project's scala-library version: 3.7.3
2025.11.14 15:42:35 INFO  compiling examen_d5c0a6989e (1 scala source)
2025.11.14 15:42:35 INFO  time: compiled Examen_d5c0a6989e in 0.91s
2025.11.14 15:42:36 INFO  time: Imported build in 1s
2025.11.14 15:42:37 INFO  time: indexed workspace in 1.52s
2025.11.14 15:42:42 INFO  no build target found for C:\Users\UTPL\Desktop\Examen\Pregunta_2.scala. Using presentation compiler with project's scala-library version: 3.7.3
2025.11.14 15:42:42 WARN  no build target for: C:\Users\UTPL\Desktop\Examen\Pregunta_2.scala
2025.11.14 15:42:42 INFO  no build target found for C:\Users\UTPL\Desktop\Examen\Pregunta_2.scala. Using presentation compiler with project's scala-library version: 3.7.3
2025.11.14 15:42:42 WARN  Could not find semantic tokens for: file:///C:/Users/UTPL/Desktop/Examen/Pregunta_2.scala
2025.11.14 15:42:42 INFO  no build target found for C:\Users\UTPL\Desktop\Examen\Pregunta_2.scala. Using presentation compiler with project's scala-library version: 3.7.3
2025.11.14 15:42:42 INFO  no build target found for C:\Users\UTPL\Desktop\Examen\Pregunta_2.scala. Using presentation compiler with project's scala-library version: 3.7.3
2025.11.14 15:42:42 WARN  Could not find semantic tokens for: file:///C:/Users/UTPL/Desktop/Examen/Pregunta_2.scala
2025.11.14 15:42:43 INFO  compiling examen_d5c0a6989e (1 scala source)
2025.11.14 15:42:43 INFO  time: compiled Examen_d5c0a6989e in 0.42s
2025.11.14 15:42:44 INFO  time: indexed workspace in 1.37s
2025.11.14 15:42:45 WARN  Could not find semantic tokens for: file:///C:/Users/UTPL/Desktop/Examen/Pregunta_2.scala
2025.11.14 15:43:49 WARN  Could not find semantic tokens for: file:///C:/Users/UTPL/Desktop/Examen/Pregunta_2.scala
nov 14, 2025 3:43:51 P.M. scala.meta.internal.mtags.SymbolIndexBucket addMtagsSourceFile
WARNING: Error indexing C:\Users\UTPL\Desktop\Examen\main.scala
java.nio.file.NoSuchFileException: C:\Users\UTPL\Desktop\Examen\main.scala
	at java.base/sun.nio.fs.WindowsException.translateToIOException(WindowsException.java:85)
	at java.base/sun.nio.fs.WindowsException.rethrowAsIOException(WindowsException.java:103)
	at java.base/sun.nio.fs.WindowsException.rethrowAsIOException(WindowsException.java:108)
	at java.base/sun.nio.fs.WindowsFileSystemProvider.newByteChannel(WindowsFileSystemProvider.java:231)
	at java.base/java.nio.file.Files.newByteChannel(Files.java:357)
	at java.base/java.nio.file.Files.newByteChannel(Files.java:399)
	at java.base/java.nio.file.Files.readAllBytes(Files.java:2973)
	at scala.meta.internal.io.PlatformFileIO$.slurp(PlatformFileIO.scala:42)
	at scala.meta.internal.io.FileIO$.slurp(FileIO.scala:18)
	at scala.meta.internal.mtags.ScalametaCommonEnrichments$XtensionAbsolutePath.toInput(ScalametaCommonEnrichments.scala:509)
	at scala.meta.internal.mtags.Mtags.index(Mtags.scala:101)
	at scala.meta.internal.mtags.Mtags.allSymbols(Mtags.scala:21)
	at scala.meta.internal.mtags.SymbolIndexBucket.allSymbols(SymbolIndexBucket.scala:291)
	at scala.meta.internal.mtags.SymbolIndexBucket.addMtagsSourceFile(SymbolIndexBucket.scala:302)
	at scala.meta.internal.mtags.SymbolIndexBucket.$anonfun$query0$1(SymbolIndexBucket.scala:218)
	at scala.meta.internal.mtags.SymbolIndexBucket.$anonfun$query0$1$adapted(SymbolIndexBucket.scala:218)
	at scala.collection.immutable.Set$Set2.foreach(Set.scala:210)
	at scala.meta.internal.mtags.SymbolIndexBucket.query0(SymbolIndexBucket.scala:218)
	at scala.meta.internal.mtags.SymbolIndexBucket.query(SymbolIndexBucket.scala:191)
	at scala.meta.internal.mtags.OnDemandSymbolIndex.$anonfun$findSymbolDefinition$1(OnDemandSymbolIndex.scala:143)
	at scala.collection.immutable.List.flatMap(List.scala:283)
	at scala.meta.internal.mtags.OnDemandSymbolIndex.findSymbolDefinition(OnDemandSymbolIndex.scala:143)
	at scala.meta.internal.mtags.OnDemandSymbolIndex.definition(OnDemandSymbolIndex.scala:48)
	at scala.meta.internal.metals.Docstrings.indexSymbol(Docstrings.scala:138)
	at scala.meta.internal.metals.Docstrings.documentation(Docstrings.scala:49)
	at scala.meta.internal.metals.MetalsSymbolSearch.documentation(MetalsSymbolSearch.scala:51)
	at dotty.tools.pc.utils.InteractiveEnrichments$.symbolDocumentation(InteractiveEnrichments.scala:286)
	at dotty.tools.pc.printer.ShortenedTypePrinter.paramsDocs$lzyINIT1$1(ShortenedTypePrinter.scala:316)
	at dotty.tools.pc.printer.ShortenedTypePrinter.paramsDocs$1(ShortenedTypePrinter.scala:320)
	at dotty.tools.pc.printer.ShortenedTypePrinter.$anonfun$3(ShortenedTypePrinter.scala:337)
	at dotty.tools.pc.printer.ShortenedTypePrinter.paramLabel(ShortenedTypePrinter.scala:490)
	at dotty.tools.pc.printer.ShortenedTypePrinter.$anonfun$2(ShortenedTypePrinter.scala:339)
	at scala.collection.immutable.List.flatMap(List.scala:294)
	at dotty.tools.pc.printer.ShortenedTypePrinter.label$1$$anonfun$1(ShortenedTypePrinter.scala:325)
	at scala.collection.immutable.List.flatMap(List.scala:294)
	at dotty.tools.pc.printer.ShortenedTypePrinter.label$1(ShortenedTypePrinter.scala:324)
	at dotty.tools.pc.printer.ShortenedTypePrinter.defaultMethodSignature(ShortenedTypePrinter.scala:349)
	at dotty.tools.pc.printer.ShortenedTypePrinter.hoverSymbol(ShortenedTypePrinter.scala:244)
	at dotty.tools.pc.HoverProvider$.hover(HoverProvider.scala:130)
	at dotty.tools.pc.ScalaPresentationCompiler.hover$$anonfun$1(ScalaPresentationCompiler.scala:452)
	at scala.meta.internal.pc.CompilerAccess.withSharedCompiler(CompilerAccess.scala:149)
	at scala.meta.internal.pc.CompilerAccess.withNonInterruptableCompiler$$anonfun$1(CompilerAccess.scala:133)
	at scala.meta.internal.pc.CompilerAccess.onCompilerJobQueue$$anonfun$1(CompilerAccess.scala:210)
	at scala.meta.internal.pc.CompilerJobQueue$Job.run(CompilerJobQueue.scala:153)
	at java.base/java.util.concurrent.ThreadPoolExecutor.runWorker(ThreadPoolExecutor.java:1090)
	at java.base/java.util.concurrent.ThreadPoolExecutor$Worker.run(ThreadPoolExecutor.java:614)
	at java.base/java.lang.Thread.run(Thread.java:1474)

nov 14, 2025 3:43:51 P.M. scala.meta.internal.mtags.SymbolIndexBucket addMtagsSourceFile
WARNING: Error indexing C:\Users\UTPL\Desktop\Examen\main.scala
java.nio.file.NoSuchFileException: C:\Users\UTPL\Desktop\Examen\main.scala
	at java.base/sun.nio.fs.WindowsException.translateToIOException(WindowsException.java:85)
	at java.base/sun.nio.fs.WindowsException.rethrowAsIOException(WindowsException.java:103)
	at java.base/sun.nio.fs.WindowsException.rethrowAsIOException(WindowsException.java:108)
	at java.base/sun.nio.fs.WindowsFileSystemProvider.newByteChannel(WindowsFileSystemProvider.java:231)
	at java.base/java.nio.file.Files.newByteChannel(Files.java:357)
	at java.base/java.nio.file.Files.newByteChannel(Files.java:399)
	at java.base/java.nio.file.Files.readAllBytes(Files.java:2973)
	at scala.meta.internal.io.PlatformFileIO$.slurp(PlatformFileIO.scala:42)
	at scala.meta.internal.io.FileIO$.slurp(FileIO.scala:18)
	at scala.meta.internal.mtags.ScalametaCommonEnrichments$XtensionAbsolutePath.toInput(ScalametaCommonEnrichments.scala:509)
	at scala.meta.internal.mtags.Mtags.index(Mtags.scala:101)
	at scala.meta.internal.mtags.Mtags.allSymbols(Mtags.scala:21)
	at scala.meta.internal.mtags.SymbolIndexBucket.allSymbols(SymbolIndexBucket.scala:291)
	at scala.meta.internal.mtags.SymbolIndexBucket.addMtagsSourceFile(SymbolIndexBucket.scala:302)
	at scala.meta.internal.mtags.SymbolIndexBucket.addMtagsSourceFile(SymbolIndexBucket.scala:313)
	at scala.meta.internal.mtags.SymbolIndexBucket.$anonfun$query0$1(SymbolIndexBucket.scala:218)
	at scala.meta.internal.mtags.SymbolIndexBucket.$anonfun$query0$1$adapted(SymbolIndexBucket.scala:218)
	at scala.collection.immutable.Set$Set2.foreach(Set.scala:210)
	at scala.meta.internal.mtags.SymbolIndexBucket.query0(SymbolIndexBucket.scala:218)
	at scala.meta.internal.mtags.SymbolIndexBucket.query(SymbolIndexBucket.scala:191)
	at scala.meta.internal.mtags.OnDemandSymbolIndex.$anonfun$findSymbolDefinition$1(OnDemandSymbolIndex.scala:143)
	at scala.collection.immutable.List.flatMap(List.scala:283)
	at scala.meta.internal.mtags.OnDemandSymbolIndex.findSymbolDefinition(OnDemandSymbolIndex.scala:143)
	at scala.meta.internal.mtags.OnDemandSymbolIndex.definition(OnDemandSymbolIndex.scala:48)
	at scala.meta.internal.metals.Docstrings.indexSymbol(Docstrings.scala:138)
	at scala.meta.internal.metals.Docstrings.documentation(Docstrings.scala:49)
	at scala.meta.internal.metals.MetalsSymbolSearch.documentation(MetalsSymbolSearch.scala:51)
	at dotty.tools.pc.utils.InteractiveEnrichments$.symbolDocumentation(InteractiveEnrichments.scala:286)
	at dotty.tools.pc.printer.ShortenedTypePrinter.paramsDocs$lzyINIT1$1(ShortenedTypePrinter.scala:316)
	at dotty.tools.pc.printer.ShortenedTypePrinter.paramsDocs$1(ShortenedTypePrinter.scala:320)
	at dotty.tools.pc.printer.ShortenedTypePrinter.$anonfun$3(ShortenedTypePrinter.scala:337)
	at dotty.tools.pc.printer.ShortenedTypePrinter.paramLabel(ShortenedTypePrinter.scala:490)
	at dotty.tools.pc.printer.ShortenedTypePrinter.$anonfun$2(ShortenedTypePrinter.scala:339)
	at scala.collection.immutable.List.flatMap(List.scala:294)
	at dotty.tools.pc.printer.ShortenedTypePrinter.label$1$$anonfun$1(ShortenedTypePrinter.scala:325)
	at scala.collection.immutable.List.flatMap(List.scala:294)
	at dotty.tools.pc.printer.ShortenedTypePrinter.label$1(ShortenedTypePrinter.scala:324)
	at dotty.tools.pc.printer.ShortenedTypePrinter.defaultMethodSignature(ShortenedTypePrinter.scala:349)
	at dotty.tools.pc.printer.ShortenedTypePrinter.hoverSymbol(ShortenedTypePrinter.scala:244)
	at dotty.tools.pc.HoverProvider$.hover(HoverProvider.scala:130)
	at dotty.tools.pc.ScalaPresentationCompiler.hover$$anonfun$1(ScalaPresentationCompiler.scala:452)
	at scala.meta.internal.pc.CompilerAccess.withSharedCompiler(CompilerAccess.scala:149)
	at scala.meta.internal.pc.CompilerAccess.withNonInterruptableCompiler$$anonfun$1(CompilerAccess.scala:133)
	at scala.meta.internal.pc.CompilerAccess.onCompilerJobQueue$$anonfun$1(CompilerAccess.scala:210)
	at scala.meta.internal.pc.CompilerJobQueue$Job.run(CompilerJobQueue.scala:153)
	at java.base/java.util.concurrent.ThreadPoolExecutor.runWorker(ThreadPoolExecutor.java:1090)
	at java.base/java.util.concurrent.ThreadPoolExecutor$Worker.run(ThreadPoolExecutor.java:614)
	at java.base/java.lang.Thread.run(Thread.java:1474)

2025.11.14 15:45:57 WARN  Could not find semantic tokens for: file:///C:/Users/UTPL/Desktop/Examen/Pregunta_2.scala
nov 14, 2025 3:46:37 P.M. org.eclipse.lsp4j.jsonrpc.RemoteEndpoint handleCancellation
WARNING: Unmatched cancel notification for request id 740
nov 14, 2025 3:46:37 P.M. org.eclipse.lsp4j.jsonrpc.RemoteEndpoint handleCancellation
WARNING: Unmatched cancel notification for request id 742
nov 14, 2025 3:46:38 P.M. org.eclipse.lsp4j.jsonrpc.RemoteEndpoint handleCancellation
WARNING: Unmatched cancel notification for request id 744
nov 14, 2025 3:46:38 P.M. org.eclipse.lsp4j.jsonrpc.RemoteEndpoint handleCancellation
WARNING: Unmatched cancel notification for request id 745
nov 14, 2025 3:46:38 P.M. org.eclipse.lsp4j.jsonrpc.RemoteEndpoint handleCancellation
WARNING: Unmatched cancel notification for request id 760
nov 14, 2025 3:46:38 P.M. org.eclipse.lsp4j.jsonrpc.RemoteEndpoint handleCancellation
WARNING: Unmatched cancel notification for request id 761
nov 14, 2025 3:46:38 P.M. org.eclipse.lsp4j.jsonrpc.RemoteEndpoint handleCancellation
WARNING: Unmatched cancel notification for request id 762
nov 14, 2025 3:46:38 P.M. org.eclipse.lsp4j.jsonrpc.RemoteEndpoint handleCancellation
WARNING: Unmatched cancel notification for request id 770
nov 14, 2025 3:46:38 P.M. org.eclipse.lsp4j.jsonrpc.RemoteEndpoint handleCancellation
WARNING: Unmatched cancel notification for request id 772
nov 14, 2025 3:46:39 P.M. org.eclipse.lsp4j.jsonrpc.RemoteEndpoint handleCancellation
WARNING: Unmatched cancel notification for request id 776
nov 14, 2025 3:46:39 P.M. org.eclipse.lsp4j.jsonrpc.RemoteEndpoint handleCancellation
WARNING: Unmatched cancel notification for request id 788
nov 14, 2025 3:46:39 P.M. org.eclipse.lsp4j.jsonrpc.RemoteEndpoint handleCancellation
WARNING: Unmatched cancel notification for request id 797
nov 14, 2025 3:46:39 P.M. org.eclipse.lsp4j.jsonrpc.RemoteEndpoint handleCancellation
WARNING: Unmatched cancel notification for request id 808
nov 14, 2025 3:46:40 P.M. org.eclipse.lsp4j.jsonrpc.RemoteEndpoint handleCancellation
WARNING: Unmatched cancel notification for request id 809
nov 14, 2025 3:46:40 P.M. org.eclipse.lsp4j.jsonrpc.RemoteEndpoint handleCancellation
WARNING: Unmatched cancel notification for request id 810
nov 14, 2025 3:46:40 P.M. org.eclipse.lsp4j.jsonrpc.RemoteEndpoint handleCancellation
WARNING: Unmatched cancel notification for request id 813
nov 14, 2025 3:46:40 P.M. org.eclipse.lsp4j.jsonrpc.RemoteEndpoint handleCancellation
WARNING: Unmatched cancel notification for request id 818
nov 14, 2025 3:46:40 P.M. org.eclipse.lsp4j.jsonrpc.RemoteEndpoint handleCancellation
WARNING: Unmatched cancel notification for request id 819
nov 14, 2025 3:46:40 P.M. org.eclipse.lsp4j.jsonrpc.RemoteEndpoint handleCancellation
WARNING: Unmatched cancel notification for request id 820
nov 14, 2025 3:46:41 P.M. org.eclipse.lsp4j.jsonrpc.RemoteEndpoint handleCancellation
WARNING: Unmatched cancel notification for request id 830
nov 14, 2025 3:46:42 P.M. org.eclipse.lsp4j.jsonrpc.RemoteEndpoint handleCancellation
WARNING: Unmatched cancel notification for request id 854
nov 14, 2025 3:46:43 P.M. org.eclipse.lsp4j.jsonrpc.RemoteEndpoint handleCancellation
WARNING: Unmatched cancel notification for request id 871
nov 14, 2025 3:46:46 P.M. org.eclipse.lsp4j.jsonrpc.RemoteEndpoint handleCancellation
WARNING: Unmatched cancel notification for request id 884
nov 14, 2025 3:46:46 P.M. org.eclipse.lsp4j.jsonrpc.RemoteEndpoint handleCancellation
WARNING: Unmatched cancel notification for request id 887
nov 14, 2025 3:46:48 P.M. org.eclipse.lsp4j.jsonrpc.RemoteEndpoint handleCancellation
WARNING: Unmatched cancel notification for request id 898
nov 14, 2025 3:46:48 P.M. org.eclipse.lsp4j.jsonrpc.RemoteEndpoint handleCancellation
WARNING: Unmatched cancel notification for request id 901
nov 14, 2025 3:47:10 P.M. scala.meta.internal.mtags.SymbolIndexBucket addMtagsSourceFile
WARNING: Error indexing C:\Users\UTPL\Desktop\Examen\main.scala
java.nio.file.NoSuchFileException: C:\Users\UTPL\Desktop\Examen\main.scala
	at java.base/sun.nio.fs.WindowsException.translateToIOException(WindowsException.java:85)
	at java.base/sun.nio.fs.WindowsException.rethrowAsIOException(WindowsException.java:103)
	at java.base/sun.nio.fs.WindowsException.rethrowAsIOException(WindowsException.java:108)
	at java.base/sun.nio.fs.WindowsFileSystemProvider.newByteChannel(WindowsFileSystemProvider.java:231)
	at java.base/java.nio.file.Files.newByteChannel(Files.java:357)
	at java.base/java.nio.file.Files.newByteChannel(Files.java:399)
	at java.base/java.nio.file.Files.readAllBytes(Files.java:2973)
	at scala.meta.internal.io.PlatformFileIO$.slurp(PlatformFileIO.scala:42)
	at scala.meta.internal.io.FileIO$.slurp(FileIO.scala:18)
	at scala.meta.internal.mtags.ScalametaCommonEnrichments$XtensionAbsolutePath.toInput(ScalametaCommonEnrichments.scala:509)
	at scala.meta.internal.mtags.Mtags.index(Mtags.scala:101)
	at scala.meta.internal.mtags.Mtags.allSymbols(Mtags.scala:21)
	at scala.meta.internal.mtags.SymbolIndexBucket.allSymbols(SymbolIndexBucket.scala:291)
	at scala.meta.internal.mtags.SymbolIndexBucket.addMtagsSourceFile(SymbolIndexBucket.scala:302)
	at scala.meta.internal.mtags.SymbolIndexBucket.$anonfun$query0$1(SymbolIndexBucket.scala:218)
	at scala.meta.internal.mtags.SymbolIndexBucket.$anonfun$query0$1$adapted(SymbolIndexBucket.scala:218)
	at scala.collection.immutable.Set$Set2.foreach(Set.scala:210)
	at scala.meta.internal.mtags.SymbolIndexBucket.query0(SymbolIndexBucket.scala:218)
	at scala.meta.internal.mtags.SymbolIndexBucket.query(SymbolIndexBucket.scala:191)
	at scala.meta.internal.mtags.OnDemandSymbolIndex.$anonfun$findSymbolDefinition$1(OnDemandSymbolIndex.scala:143)
	at scala.collection.immutable.List.flatMap(List.scala:283)
	at scala.meta.internal.mtags.OnDemandSymbolIndex.findSymbolDefinition(OnDemandSymbolIndex.scala:143)
	at scala.meta.internal.mtags.OnDemandSymbolIndex.definition(OnDemandSymbolIndex.scala:48)
	at scala.meta.internal.metals.Docstrings.indexSymbol(Docstrings.scala:138)
	at scala.meta.internal.metals.Docstrings.documentation(Docstrings.scala:49)
	at scala.meta.internal.metals.MetalsSymbolSearch.documentation(MetalsSymbolSearch.scala:51)
	at dotty.tools.pc.utils.InteractiveEnrichments$.symbolDocumentation(InteractiveEnrichments.scala:286)
	at dotty.tools.pc.HoverProvider$.$anonfun$3(HoverProvider.scala:135)
	at scala.collection.immutable.List.flatMap(List.scala:294)
	at dotty.tools.pc.HoverProvider$.hover(HoverProvider.scala:135)
	at dotty.tools.pc.ScalaPresentationCompiler.hover$$anonfun$1(ScalaPresentationCompiler.scala:452)
	at scala.meta.internal.pc.CompilerAccess.withSharedCompiler(CompilerAccess.scala:149)
	at scala.meta.internal.pc.CompilerAccess.withNonInterruptableCompiler$$anonfun$1(CompilerAccess.scala:133)
	at scala.meta.internal.pc.CompilerAccess.onCompilerJobQueue$$anonfun$1(CompilerAccess.scala:210)
	at scala.meta.internal.pc.CompilerJobQueue$Job.run(CompilerJobQueue.scala:153)
	at java.base/java.util.concurrent.ThreadPoolExecutor.runWorker(ThreadPoolExecutor.java:1090)
	at java.base/java.util.concurrent.ThreadPoolExecutor$Worker.run(ThreadPoolExecutor.java:614)
	at java.base/java.lang.Thread.run(Thread.java:1474)

nov 14, 2025 3:47:10 P.M. scala.meta.internal.mtags.SymbolIndexBucket addMtagsSourceFile
WARNING: Error indexing C:\Users\UTPL\Desktop\Examen\main.scala
java.nio.file.NoSuchFileException: C:\Users\UTPL\Desktop\Examen\main.scala
	at java.base/sun.nio.fs.WindowsException.translateToIOException(WindowsException.java:85)
	at java.base/sun.nio.fs.WindowsException.rethrowAsIOException(WindowsException.java:103)
	at java.base/sun.nio.fs.WindowsException.rethrowAsIOException(WindowsException.java:108)
	at java.base/sun.nio.fs.WindowsFileSystemProvider.newByteChannel(WindowsFileSystemProvider.java:231)
	at java.base/java.nio.file.Files.newByteChannel(Files.java:357)
	at java.base/java.nio.file.Files.newByteChannel(Files.java:399)
	at java.base/java.nio.file.Files.readAllBytes(Files.java:2973)
	at scala.meta.internal.io.PlatformFileIO$.slurp(PlatformFileIO.scala:42)
	at scala.meta.internal.io.FileIO$.slurp(FileIO.scala:18)
	at scala.meta.internal.mtags.ScalametaCommonEnrichments$XtensionAbsolutePath.toInput(ScalametaCommonEnrichments.scala:509)
	at scala.meta.internal.mtags.Mtags.index(Mtags.scala:101)
	at scala.meta.internal.mtags.Mtags.allSymbols(Mtags.scala:21)
	at scala.meta.internal.mtags.SymbolIndexBucket.allSymbols(SymbolIndexBucket.scala:291)
	at scala.meta.internal.mtags.SymbolIndexBucket.addMtagsSourceFile(SymbolIndexBucket.scala:302)
	at scala.meta.internal.mtags.SymbolIndexBucket.addMtagsSourceFile(SymbolIndexBucket.scala:313)
	at scala.meta.internal.mtags.SymbolIndexBucket.$anonfun$query0$1(SymbolIndexBucket.scala:218)
	at scala.meta.internal.mtags.SymbolIndexBucket.$anonfun$query0$1$adapted(SymbolIndexBucket.scala:218)
	at scala.collection.immutable.Set$Set2.foreach(Set.scala:210)
	at scala.meta.internal.mtags.SymbolIndexBucket.query0(SymbolIndexBucket.scala:218)
	at scala.meta.internal.mtags.SymbolIndexBucket.query(SymbolIndexBucket.scala:191)
	at scala.meta.internal.mtags.OnDemandSymbolIndex.$anonfun$findSymbolDefinition$1(OnDemandSymbolIndex.scala:143)
	at scala.collection.immutable.List.flatMap(List.scala:283)
	at scala.meta.internal.mtags.OnDemandSymbolIndex.findSymbolDefinition(OnDemandSymbolIndex.scala:143)
	at scala.meta.internal.mtags.OnDemandSymbolIndex.definition(OnDemandSymbolIndex.scala:48)
	at scala.meta.internal.metals.Docstrings.indexSymbol(Docstrings.scala:138)
	at scala.meta.internal.metals.Docstrings.documentation(Docstrings.scala:49)
	at scala.meta.internal.metals.MetalsSymbolSearch.documentation(MetalsSymbolSearch.scala:51)
	at dotty.tools.pc.utils.InteractiveEnrichments$.symbolDocumentation(InteractiveEnrichments.scala:286)
	at dotty.tools.pc.HoverProvider$.$anonfun$3(HoverProvider.scala:135)
	at scala.collection.immutable.List.flatMap(List.scala:294)
	at dotty.tools.pc.HoverProvider$.hover(HoverProvider.scala:135)
	at dotty.tools.pc.ScalaPresentationCompiler.hover$$anonfun$1(ScalaPresentationCompiler.scala:452)
	at scala.meta.internal.pc.CompilerAccess.withSharedCompiler(CompilerAccess.scala:149)
	at scala.meta.internal.pc.CompilerAccess.withNonInterruptableCompiler$$anonfun$1(CompilerAccess.scala:133)
	at scala.meta.internal.pc.CompilerAccess.onCompilerJobQueue$$anonfun$1(CompilerAccess.scala:210)
	at scala.meta.internal.pc.CompilerJobQueue$Job.run(CompilerJobQueue.scala:153)
	at java.base/java.util.concurrent.ThreadPoolExecutor.runWorker(ThreadPoolExecutor.java:1090)
	at java.base/java.util.concurrent.ThreadPoolExecutor$Worker.run(ThreadPoolExecutor.java:614)
	at java.base/java.lang.Thread.run(Thread.java:1474)

nov 14, 2025 3:47:10 P.M. scala.meta.internal.mtags.SymbolIndexBucket addMtagsSourceFile
WARNING: Error indexing C:\Users\UTPL\Desktop\Examen\main.scala
java.nio.file.NoSuchFileException: C:\Users\UTPL\Desktop\Examen\main.scala
	at java.base/sun.nio.fs.WindowsException.translateToIOException(WindowsException.java:85)
	at java.base/sun.nio.fs.WindowsException.rethrowAsIOException(WindowsException.java:103)
	at java.base/sun.nio.fs.WindowsException.rethrowAsIOException(WindowsException.java:108)
	at java.base/sun.nio.fs.WindowsFileSystemProvider.newByteChannel(WindowsFileSystemProvider.java:231)
	at java.base/java.nio.file.Files.newByteChannel(Files.java:357)
	at java.base/java.nio.file.Files.newByteChannel(Files.java:399)
	at java.base/java.nio.file.Files.readAllBytes(Files.java:2973)
	at scala.meta.internal.io.PlatformFileIO$.slurp(PlatformFileIO.scala:42)
	at scala.meta.internal.io.FileIO$.slurp(FileIO.scala:18)
	at scala.meta.internal.mtags.ScalametaCommonEnrichments$XtensionAbsolutePath.toInput(ScalametaCommonEnrichments.scala:509)
	at scala.meta.internal.mtags.Mtags.index(Mtags.scala:101)
	at scala.meta.internal.mtags.Mtags.allSymbols(Mtags.scala:21)
	at scala.meta.internal.mtags.SymbolIndexBucket.allSymbols(SymbolIndexBucket.scala:291)
	at scala.meta.internal.mtags.SymbolIndexBucket.addMtagsSourceFile(SymbolIndexBucket.scala:302)
	at scala.meta.internal.mtags.SymbolIndexBucket.$anonfun$query0$1(SymbolIndexBucket.scala:218)
	at scala.meta.internal.mtags.SymbolIndexBucket.$anonfun$query0$1$adapted(SymbolIndexBucket.scala:218)
	at scala.collection.immutable.Set$Set2.foreach(Set.scala:210)
	at scala.meta.internal.mtags.SymbolIndexBucket.query0(SymbolIndexBucket.scala:218)
	at scala.meta.internal.mtags.SymbolIndexBucket.$anonfun$query0$8(SymbolIndexBucket.scala:240)
	at scala.collection.immutable.List.flatMap(List.scala:283)
	at scala.meta.internal.mtags.SymbolIndexBucket.query0(SymbolIndexBucket.scala:240)
	at scala.meta.internal.mtags.SymbolIndexBucket.query(SymbolIndexBucket.scala:191)
	at scala.meta.internal.mtags.OnDemandSymbolIndex.$anonfun$findSymbolDefinition$1(OnDemandSymbolIndex.scala:143)
	at scala.collection.immutable.List.flatMap(List.scala:283)
	at scala.meta.internal.mtags.OnDemandSymbolIndex.findSymbolDefinition(OnDemandSymbolIndex.scala:143)
	at scala.meta.internal.mtags.OnDemandSymbolIndex.definition(OnDemandSymbolIndex.scala:48)
	at scala.meta.internal.metals.Docstrings.indexSymbol(Docstrings.scala:138)
	at scala.meta.internal.metals.Docstrings.documentation(Docstrings.scala:49)
	at scala.meta.internal.metals.MetalsSymbolSearch.documentation(MetalsSymbolSearch.scala:51)
	at dotty.tools.pc.utils.InteractiveEnrichments$.symbolDocumentation(InteractiveEnrichments.scala:286)
	at dotty.tools.pc.HoverProvider$.$anonfun$3(HoverProvider.scala:135)
	at scala.collection.immutable.List.flatMap(List.scala:294)
	at dotty.tools.pc.HoverProvider$.hover(HoverProvider.scala:135)
	at dotty.tools.pc.ScalaPresentationCompiler.hover$$anonfun$1(ScalaPresentationCompiler.scala:452)
	at scala.meta.internal.pc.CompilerAccess.withSharedCompiler(CompilerAccess.scala:149)
	at scala.meta.internal.pc.CompilerAccess.withNonInterruptableCompiler$$anonfun$1(CompilerAccess.scala:133)
	at scala.meta.internal.pc.CompilerAccess.onCompilerJobQueue$$anonfun$1(CompilerAccess.scala:210)
	at scala.meta.internal.pc.CompilerJobQueue$Job.run(CompilerJobQueue.scala:153)
	at java.base/java.util.concurrent.ThreadPoolExecutor.runWorker(ThreadPoolExecutor.java:1090)
	at java.base/java.util.concurrent.ThreadPoolExecutor$Worker.run(ThreadPoolExecutor.java:614)
	at java.base/java.lang.Thread.run(Thread.java:1474)

nov 14, 2025 3:47:10 P.M. scala.meta.internal.mtags.SymbolIndexBucket addMtagsSourceFile
WARNING: Error indexing C:\Users\UTPL\Desktop\Examen\main.scala
java.nio.file.NoSuchFileException: C:\Users\UTPL\Desktop\Examen\main.scala
	at java.base/sun.nio.fs.WindowsException.translateToIOException(WindowsException.java:85)
	at java.base/sun.nio.fs.WindowsException.rethrowAsIOException(WindowsException.java:103)
	at java.base/sun.nio.fs.WindowsException.rethrowAsIOException(WindowsException.java:108)
	at java.base/sun.nio.fs.WindowsFileSystemProvider.newByteChannel(WindowsFileSystemProvider.java:231)
	at java.base/java.nio.file.Files.newByteChannel(Files.java:357)
	at java.base/java.nio.file.Files.newByteChannel(Files.java:399)
	at java.base/java.nio.file.Files.readAllBytes(Files.java:2973)
	at scala.meta.internal.io.PlatformFileIO$.slurp(PlatformFileIO.scala:42)
	at scala.meta.internal.io.FileIO$.slurp(FileIO.scala:18)
	at scala.meta.internal.mtags.ScalametaCommonEnrichments$XtensionAbsolutePath.toInput(ScalametaCommonEnrichments.scala:509)
	at scala.meta.internal.mtags.Mtags.index(Mtags.scala:101)
	at scala.meta.internal.mtags.Mtags.allSymbols(Mtags.scala:21)
	at scala.meta.internal.mtags.SymbolIndexBucket.allSymbols(SymbolIndexBucket.scala:291)
	at scala.meta.internal.mtags.SymbolIndexBucket.addMtagsSourceFile(SymbolIndexBucket.scala:302)
	at scala.meta.internal.mtags.SymbolIndexBucket.addMtagsSourceFile(SymbolIndexBucket.scala:313)
	at scala.meta.internal.mtags.SymbolIndexBucket.$anonfun$query0$1(SymbolIndexBucket.scala:218)
	at scala.meta.internal.mtags.SymbolIndexBucket.$anonfun$query0$1$adapted(SymbolIndexBucket.scala:218)
	at scala.collection.immutable.Set$Set2.foreach(Set.scala:210)
	at scala.meta.internal.mtags.SymbolIndexBucket.query0(SymbolIndexBucket.scala:218)
	at scala.meta.internal.mtags.SymbolIndexBucket.$anonfun$query0$8(SymbolIndexBucket.scala:240)
	at scala.collection.immutable.List.flatMap(List.scala:283)
	at scala.meta.internal.mtags.SymbolIndexBucket.query0(SymbolIndexBucket.scala:240)
	at scala.meta.internal.mtags.SymbolIndexBucket.query(SymbolIndexBucket.scala:191)
	at scala.meta.internal.mtags.OnDemandSymbolIndex.$anonfun$findSymbolDefinition$1(OnDemandSymbolIndex.scala:143)
	at scala.collection.immutable.List.flatMap(List.scala:283)
	at scala.meta.internal.mtags.OnDemandSymbolIndex.findSymbolDefinition(OnDemandSymbolIndex.scala:143)
	at scala.meta.internal.mtags.OnDemandSymbolIndex.definition(OnDemandSymbolIndex.scala:48)
	at scala.meta.internal.metals.Docstrings.indexSymbol(Docstrings.scala:138)
	at scala.meta.internal.metals.Docstrings.documentation(Docstrings.scala:49)
	at scala.meta.internal.metals.MetalsSymbolSearch.documentation(MetalsSymbolSearch.scala:51)
	at dotty.tools.pc.utils.InteractiveEnrichments$.symbolDocumentation(InteractiveEnrichments.scala:286)
	at dotty.tools.pc.HoverProvider$.$anonfun$3(HoverProvider.scala:135)
	at scala.collection.immutable.List.flatMap(List.scala:294)
	at dotty.tools.pc.HoverProvider$.hover(HoverProvider.scala:135)
	at dotty.tools.pc.ScalaPresentationCompiler.hover$$anonfun$1(ScalaPresentationCompiler.scala:452)
	at scala.meta.internal.pc.CompilerAccess.withSharedCompiler(CompilerAccess.scala:149)
	at scala.meta.internal.pc.CompilerAccess.withNonInterruptableCompiler$$anonfun$1(CompilerAccess.scala:133)
	at scala.meta.internal.pc.CompilerAccess.onCompilerJobQueue$$anonfun$1(CompilerAccess.scala:210)
	at scala.meta.internal.pc.CompilerJobQueue$Job.run(CompilerJobQueue.scala:153)
	at java.base/java.util.concurrent.ThreadPoolExecutor.runWorker(ThreadPoolExecutor.java:1090)
	at java.base/java.util.concurrent.ThreadPoolExecutor$Worker.run(ThreadPoolExecutor.java:614)
	at java.base/java.lang.Thread.run(Thread.java:1474)

2025.11.14 15:48:50 INFO  compiling examen_d5c0a6989e (1 scala source)
2025.11.14 15:48:50 INFO  time: compiled Examen_d5c0a6989e in 0.43s
2025.11.14 15:48:51 INFO  tracing is disabled for protocol dap-server, to enable tracing of incoming and outgoing JSON messages create an empty file at C:\Users\UTPL\Desktop\Examen\.metals\dap-server.trace.json or C:\Users\UTPL\AppData\Local\scalameta\metals\cache\dap-server.trace.json
2025.11.14 15:48:51 INFO  tracing is disabled for protocol dap-client, to enable tracing of incoming and outgoing JSON messages create an empty file at C:\Users\UTPL\Desktop\Examen\.metals\dap-client.trace.json or C:\Users\UTPL\AppData\Local\scalameta\metals\cache\dap-client.trace.json
2025.11.14 15:48:51 INFO  Starting debug proxy for [method]
2025.11.14 15:48:51 INFO  Loaded expression compiler in 0 milliseconds
2025.11.14 15:48:51 INFO  Loaded step filter in 0 milliseconds
2025.11.14 15:48:53 INFO  Loaded all sources and classes in 1 second
2025.11.14 15:48:53 INFO  Initialized Scala 3 decoder in 680 milliseconds
2025.11.14 15:48:53 INFO  Trying to attach to remote debuggee VM 127.0.0.1:59232 .
2025.11.14 15:48:53 INFO  Attaching to debuggee VM succeeded.
2025.11.14 15:48:54 INFO  Canceling debug proxy for [method]
2025.11.14 15:48:54 INFO  Closing debug server tcp://0.0.0.0:59226
2025.11.14 15:51:01 INFO  compiling examen_d5c0a6989e (2 scala sources)
2025.11.14 15:51:01 INFO  time: compiled Examen_d5c0a6989e in 0.2s
2025.11.14 15:51:29 INFO  compiling examen_d5c0a6989e (2 scala sources)
2025.11.14 15:51:29 INFO  time: compiled Examen_d5c0a6989e in 0.94s
2025.11.14 15:51:32 INFO  tracing is disabled for protocol dap-server, to enable tracing of incoming and outgoing JSON messages create an empty file at C:\Users\UTPL\Desktop\Examen\.metals\dap-server.trace.json or C:\Users\UTPL\AppData\Local\scalameta\metals\cache\dap-server.trace.json
2025.11.14 15:51:32 INFO  tracing is disabled for protocol dap-client, to enable tracing of incoming and outgoing JSON messages create an empty file at C:\Users\UTPL\Desktop\Examen\.metals\dap-client.trace.json or C:\Users\UTPL\AppData\Local\scalameta\metals\cache\dap-client.trace.json
2025.11.14 15:51:32 INFO  Starting debug proxy for [method2]
2025.11.14 15:51:32 INFO  Loaded expression compiler in 0 milliseconds
2025.11.14 15:51:32 INFO  Loaded step filter in 0 milliseconds
2025.11.14 15:51:34 INFO  Loaded all sources and classes in 1 second
2025.11.14 15:51:34 INFO  Initialized Scala 3 decoder in 580 milliseconds
2025.11.14 15:51:34 INFO  Trying to attach to remote debuggee VM 127.0.0.1:50529 .
2025.11.14 15:51:34 INFO  Attaching to debuggee VM succeeded.
2025.11.14 15:51:35 INFO  Canceling debug proxy for [method2]
2025.11.14 15:51:35 INFO  Closing debug server tcp://0.0.0.0:50526
nov 14, 2025 3:52:10 P.M. org.eclipse.lsp4j.jsonrpc.RemoteEndpoint handleCancellation
WARNING: Unmatched cancel notification for request id 1295
nov 14, 2025 3:52:56 P.M. org.eclipse.lsp4j.jsonrpc.RemoteEndpoint handleCancellation
WARNING: Unmatched cancel notification for request id 1587
2025.11.14 15:53:03 INFO  compiling examen_d5c0a6989e (1 scala source)
2025.11.14 15:53:03 INFO  time: compiled Examen_d5c0a6989e in 0.15s
2025.11.14 15:53:04 INFO  compiling examen_d5c0a6989e (1 scala source)
2025.11.14 15:53:04 INFO  time: compiled Examen_d5c0a6989e in 0.12s
2025.11.14 15:53:05 ERROR scala.meta.internal.metals.debug.DiscoveryFailures$WorkspaceErrorsException$: Cannot run class, since the workspace has errors.
	at scala.meta.internal.metals.debug.DiscoveryFailures$WorkspaceErrorsException$.<clinit>(DiscoveryFailures.scala:57)
	at scala.meta.internal.metals.debug.DebugDiscovery.validate(DebugDiscovery.scala:86)
	at scala.meta.internal.metals.debug.DebugDiscovery.debugDiscovery(DebugDiscovery.scala:164)
	at scala.meta.internal.metals.MetalsLspService.$anonfun$debugDiscovery$3(MetalsLspService.scala:1548)
	at scala.meta.internal.metals.MetalsLspService.$anonfun$afterCompilationFinished$6(MetalsLspService.scala:1541)
	at scala.concurrent.impl.Promise$Transformation.run(Promise.scala:503)
	at java.util.concurrent.ThreadPoolExecutor.runWorker(ThreadPoolExecutor.java:1090)
	at java.util.concurrent.ThreadPoolExecutor$Worker.run(ThreadPoolExecutor.java:614)
	at java.lang.Thread.run(Thread.java:1474)

2025.11.14 15:53:30 INFO  compiling examen_d5c0a6989e (1 scala source)
2025.11.14 15:53:30 INFO  time: compiled Examen_d5c0a6989e in 0.31s
2025.11.14 15:53:33 INFO  tracing is disabled for protocol dap-server, to enable tracing of incoming and outgoing JSON messages create an empty file at C:\Users\UTPL\Desktop\Examen\.metals\dap-server.trace.json or C:\Users\UTPL\AppData\Local\scalameta\metals\cache\dap-server.trace.json
2025.11.14 15:53:33 INFO  tracing is disabled for protocol dap-client, to enable tracing of incoming and outgoing JSON messages create an empty file at C:\Users\UTPL\Desktop\Examen\.metals\dap-client.trace.json or C:\Users\UTPL\AppData\Local\scalameta\metals\cache\dap-client.trace.json
2025.11.14 15:53:33 INFO  Starting debug proxy for [method2]
2025.11.14 15:53:33 INFO  Loaded expression compiler in 0 milliseconds
2025.11.14 15:53:33 INFO  Loaded step filter in 0 milliseconds
2025.11.14 15:53:34 INFO  Loaded all sources and classes in 1 second
2025.11.14 15:53:34 INFO  Initialized Scala 3 decoder in 610 milliseconds
2025.11.14 15:53:34 INFO  Trying to attach to remote debuggee VM 127.0.0.1:53054 .
2025.11.14 15:53:34 INFO  Attaching to debuggee VM succeeded.
2025.11.14 15:53:36 INFO  Canceling debug proxy for [method2]
2025.11.14 15:53:36 INFO  Closing debug server tcp://0.0.0.0:53051
nov 14, 2025 3:53:52 P.M. org.eclipse.lsp4j.jsonrpc.RemoteEndpoint handleCancellation
WARNING: Unmatched cancel notification for request id 1792
nov 14, 2025 3:53:52 P.M. org.eclipse.lsp4j.jsonrpc.RemoteEndpoint handleCancellation
WARNING: Unmatched cancel notification for request id 1798
2025.11.14 15:54:05 INFO  compiling examen_d5c0a6989e (1 scala source)
2025.11.14 15:54:05 INFO  time: compiled Examen_d5c0a6989e in 0.51s
2025.11.14 15:54:06 INFO  tracing is disabled for protocol dap-server, to enable tracing of incoming and outgoing JSON messages create an empty file at C:\Users\UTPL\Desktop\Examen\.metals\dap-server.trace.json or C:\Users\UTPL\AppData\Local\scalameta\metals\cache\dap-server.trace.json
2025.11.14 15:54:06 INFO  tracing is disabled for protocol dap-client, to enable tracing of incoming and outgoing JSON messages create an empty file at C:\Users\UTPL\Desktop\Examen\.metals\dap-client.trace.json or C:\Users\UTPL\AppData\Local\scalameta\metals\cache\dap-client.trace.json
2025.11.14 15:54:06 INFO  Starting debug proxy for [method2]
2025.11.14 15:54:06 INFO  Loaded expression compiler in 0 milliseconds
2025.11.14 15:54:06 INFO  Loaded step filter in 0 milliseconds
2025.11.14 15:54:08 INFO  Loaded all sources and classes in 1 second
2025.11.14 15:54:08 INFO  Initialized Scala 3 decoder in 300 milliseconds
2025.11.14 15:54:08 INFO  Trying to attach to remote debuggee VM 127.0.0.1:49636 .
2025.11.14 15:54:08 INFO  Attaching to debuggee VM succeeded.
2025.11.14 15:54:08 INFO  Canceling debug proxy for [method2]
2025.11.14 15:54:08 INFO  Closing debug server tcp://0.0.0.0:49633
2025.11.14 15:54:29 INFO  no build target found for C:\Users\UTPL\Desktop\Examen\Pregunta_3.scala. Using presentation compiler with project's scala-library version: 3.7.3
2025.11.14 15:54:29 WARN  no build target for: C:\Users\UTPL\Desktop\Examen\Pregunta_3.scala
2025.11.14 15:54:29 INFO  no build target found for C:\Users\UTPL\Desktop\Examen\Pregunta_3.scala. Using presentation compiler with project's scala-library version: 3.7.3
2025.11.14 15:54:29 WARN  Could not find semantic tokens for: file:///C:/Users/UTPL/Desktop/Examen/Pregunta_3.scala
2025.11.14 15:54:29 INFO  no build target found for C:\Users\UTPL\Desktop\Examen\Pregunta_3.scala. Using presentation compiler with project's scala-library version: 3.7.3
2025.11.14 15:54:30 INFO  no build target found for C:\Users\UTPL\Desktop\Examen\Pregunta_3.scala. Using presentation compiler with project's scala-library version: 3.7.3
2025.11.14 15:54:30 INFO  compiling examen_d5c0a6989e (1 scala source)
2025.11.14 15:54:30 INFO  time: compiled Examen_d5c0a6989e in 0.3s
2025.11.14 15:54:32 INFO  time: indexed workspace in 2.02s
2025.11.14 15:54:32 WARN  Could not find semantic tokens for: file:///C:/Users/UTPL/Desktop/Examen/Pregunta_3.scala
nov 14, 2025 3:54:53 P.M. org.eclipse.lsp4j.jsonrpc.RemoteEndpoint handleCancellation
WARNING: Unmatched cancel notification for request id 1929
Exception in thread "pool-55-thread-1" java.lang.InterruptedException
	at scala.meta.internal.metals.FutureCancelToken.checkCanceled(FutureCancelToken.scala:29)
	at scala.meta.internal.pc.CompilerAccess.onCompilerJobQueue$$anonfun$1(CompilerAccess.scala:208)
	at scala.meta.internal.pc.CompilerJobQueue$Job.run(CompilerJobQueue.scala:153)
	at java.base/java.util.concurrent.ThreadPoolExecutor.runWorker(ThreadPoolExecutor.java:1090)
	at java.base/java.util.concurrent.ThreadPoolExecutor$Worker.run(ThreadPoolExecutor.java:614)
	at java.base/java.lang.Thread.run(Thread.java:1474)
2025.11.14 15:55:22 INFO  compiling examen_d5c0a6989e (1 scala source)
2025.11.14 15:55:22 INFO  time: compiled Examen_d5c0a6989e in 0.25s
2025.11.14 15:55:29 INFO  compiling examen_d5c0a6989e (1 scala source)
2025.11.14 15:55:29 INFO  time: compiled Examen_d5c0a6989e in 0.21s
2025.11.14 15:56:08 INFO  compiling examen_d5c0a6989e (1 scala source)
2025.11.14 15:56:08 INFO  time: compiled Examen_d5c0a6989e in 0.1s
2025.11.14 15:56:15 INFO  compiling examen_d5c0a6989e (1 scala source)
2025.11.14 15:56:15 INFO  time: compiled Examen_d5c0a6989e in 88ms
nov 14, 2025 3:56:30 P.M. org.eclipse.lsp4j.jsonrpc.RemoteEndpoint handleCancellation
WARNING: Unmatched cancel notification for request id 2305
2025.11.14 15:56:33 INFO  compiling examen_d5c0a6989e (1 scala source)
2025.11.14 15:56:33 INFO  time: compiled Examen_d5c0a6989e in 0.68s
2025.11.14 15:56:42 INFO  tracing is disabled for protocol dap-server, to enable tracing of incoming and outgoing JSON messages create an empty file at C:\Users\UTPL\Desktop\Examen\.metals\dap-server.trace.json or C:\Users\UTPL\AppData\Local\scalameta\metals\cache\dap-server.trace.json
2025.11.14 15:56:42 INFO  tracing is disabled for protocol dap-client, to enable tracing of incoming and outgoing JSON messages create an empty file at C:\Users\UTPL\Desktop\Examen\.metals\dap-client.trace.json or C:\Users\UTPL\AppData\Local\scalameta\metals\cache\dap-client.trace.json
2025.11.14 15:56:42 INFO  Starting debug proxy for [method3]
2025.11.14 15:56:42 INFO  Loaded expression compiler in 0 milliseconds
2025.11.14 15:56:42 INFO  Loaded step filter in 0 milliseconds
2025.11.14 15:56:44 INFO  Loaded all sources and classes in 1 second
2025.11.14 15:56:44 INFO  Initialized Scala 3 decoder in 614 milliseconds
2025.11.14 15:56:44 INFO  Trying to attach to remote debuggee VM 127.0.0.1:57688 .
2025.11.14 15:56:44 INFO  Attaching to debuggee VM succeeded.
2025.11.14 15:56:45 INFO  Canceling debug proxy for [method3]
2025.11.14 15:56:45 INFO  Closing debug server tcp://0.0.0.0:57685
2025.11.14 15:57:00 INFO  compiling examen_d5c0a6989e (1 scala source)
2025.11.14 15:57:02 INFO  time: compiled Examen_d5c0a6989e in 1.31s
2025.11.14 15:57:02 INFO  tracing is disabled for protocol dap-server, to enable tracing of incoming and outgoing JSON messages create an empty file at C:\Users\UTPL\Desktop\Examen\.metals\dap-server.trace.json or C:\Users\UTPL\AppData\Local\scalameta\metals\cache\dap-server.trace.json
2025.11.14 15:57:02 INFO  tracing is disabled for protocol dap-client, to enable tracing of incoming and outgoing JSON messages create an empty file at C:\Users\UTPL\Desktop\Examen\.metals\dap-client.trace.json or C:\Users\UTPL\AppData\Local\scalameta\metals\cache\dap-client.trace.json
2025.11.14 15:57:02 INFO  Starting debug proxy for [method3]
2025.11.14 15:57:02 INFO  Loaded expression compiler in 1 millisecond
2025.11.14 15:57:02 INFO  Loaded step filter in 0 milliseconds
2025.11.14 15:57:03 INFO  Loaded all sources and classes in 1 second
2025.11.14 15:57:03 INFO  Initialized Scala 3 decoder in 296 milliseconds
2025.11.14 15:57:03 INFO  Trying to attach to remote debuggee VM 127.0.0.1:51992 .
2025.11.14 15:57:03 INFO  Attaching to debuggee VM succeeded.
2025.11.14 15:57:04 INFO  Canceling debug proxy for [method3]
2025.11.14 15:57:03 INFO  Closing debug server tcp://0.0.0.0:51989
2025.11.14 15:58:30 INFO  compiling examen_d5c0a6989e (1 scala source)
2025.11.14 15:58:30 INFO  time: compiled Examen_d5c0a6989e in 0.21s
nov 14, 2025 3:59:01 P.M. org.eclipse.lsp4j.jsonrpc.RemoteEndpoint handleCancellation
WARNING: Unmatched cancel notification for request id 3005
2025.11.14 15:59:13 INFO  compiling examen_d5c0a6989e (1 scala source)
2025.11.14 15:59:13 INFO  time: compiled Examen_d5c0a6989e in 82ms
2025.11.14 15:59:18 INFO  compiling examen_d5c0a6989e (1 scala source)
2025.11.14 15:59:18 INFO  time: compiled Examen_d5c0a6989e in 87ms
2025.11.14 15:59:20 INFO  compiling examen_d5c0a6989e (1 scala source)
2025.11.14 15:59:20 INFO  time: compiled Examen_d5c0a6989e in 0.41s
2025.11.14 15:59:23 INFO  tracing is disabled for protocol dap-server, to enable tracing of incoming and outgoing JSON messages create an empty file at C:\Users\UTPL\Desktop\Examen\.metals\dap-server.trace.json or C:\Users\UTPL\AppData\Local\scalameta\metals\cache\dap-server.trace.json
2025.11.14 15:59:23 INFO  tracing is disabled for protocol dap-client, to enable tracing of incoming and outgoing JSON messages create an empty file at C:\Users\UTPL\Desktop\Examen\.metals\dap-client.trace.json or C:\Users\UTPL\AppData\Local\scalameta\metals\cache\dap-client.trace.json
2025.11.14 15:59:23 INFO  Starting debug proxy for [method3]
2025.11.14 15:59:23 INFO  Loaded expression compiler in 0 milliseconds
2025.11.14 15:59:23 INFO  Loaded step filter in 0 milliseconds
2025.11.14 15:59:24 INFO  Loaded all sources and classes in 1 second
2025.11.14 15:59:24 INFO  Initialized Scala 3 decoder in 624 milliseconds
2025.11.14 15:59:24 INFO  Trying to attach to remote debuggee VM 127.0.0.1:57836 .
2025.11.14 15:59:24 INFO  Attaching to debuggee VM succeeded.
2025.11.14 15:59:25 INFO  Canceling debug proxy for [method3]
2025.11.14 15:59:25 INFO  Closing debug server tcp://0.0.0.0:57833
nov 14, 2025 4:05:02 P.M. org.eclipse.lsp4j.jsonrpc.services.GenericEndpoint notify
INFO: Unsupported notification method: $/setTrace
2025.11.14 16:17:38 INFO  Shutting down server
2025.11.14 16:17:38 INFO  shutting down Metals
2025.11.14 16:17:38 INFO  Shut down connection with build server.
2025.11.14 16:17:38 INFO  Exiting server
2025.11.14 16:20:07 INFO  Started: Metals version 1.6.3 in folders 'C:\Users\UTPL\Desktop\Examen' for client Visual Studio Code 1.106.0.
2025.11.14 16:20:08 WARN  Using H2 2.4.240 which is newer than the version Flyway has been verified with. The latest verified version of H2 is 2.3.232.
2025.11.14 16:20:08 INFO  no build target found for C:\Users\UTPL\Desktop\Examen\Pregunta_3.scala. Using presentation compiler with project's scala-library version: 3.3.6
2025.11.14 16:20:10 INFO  no build target found for C:\Users\UTPL\Desktop\Examen\Pregunta_3.scala. Using presentation compiler with project's scala-library version: 3.3.6
2025.11.14 16:20:10 INFO  Attempting to connect to the build server...
2025.11.14 16:20:10 INFO  Running BSP server List(C:\Users\UTPL\AppData\Local\Coursier\data\bin\.scala-cli.aux.exe, bsp, --json-options, C:\Users\UTPL\Desktop\Examen\.scala-build\ide-options-v2.json, --json-launcher-options, C:\Users\UTPL\Desktop\Examen\.scala-build\ide-launcher-options.json, --envs-file, C:\Users\UTPL\Desktop\Examen\.scala-build\ide-envs.json, C:\Users\UTPL\Desktop\Examen)
2025.11.14 16:20:10 INFO  tracing is disabled for protocol BSP, to enable tracing of incoming and outgoing JSON messages create an empty file at C:\Users\UTPL\Desktop\Examen\.metals\bsp.trace.json or C:\Users\UTPL\AppData\Local\scalameta\metals\cache\bsp.trace.json
2025.11.14 16:20:12 INFO  time: Connected to build server in 1.97s
2025.11.14 16:20:12 INFO  Connected to Build server: scala-cli v1.9.1
2025.11.14 16:20:14 WARN  Using H2 2.4.240 which is newer than the version Flyway has been verified with. The latest verified version of H2 is 2.3.232.
2025.11.14 16:20:14 INFO  time: indexed workspace in 2.8s
